9.484254905515427936e-01 1.968017775707792794e+00 -4.902351181811738456e+00 -4.887540748781447064e-01 6.380890090160917794e+00 -5.931623390383009564e-01 6.673668105297636544e+00 1.450197288327927936e-01 6.797287184887480294e+00 1.136732502668435529e+01 4.363968093090605294e+00 4.424987990551542794e+00 1.087519093244607404e+01 2.452972609692167794e+00 9.219307143383574044e+00 8.368057448559355294e+00 1.152067585676248029e+01 5.963821608715605294e+00 4.566070754223417794e+00 7.397691795163865436e-01 1.121157093732888654e+01 4.278045851879667794e+00 3.732040602856230294e+00 3.380357810788865436e-01 4.898216445141386544e+00 -3.256393235034394706e+00 1.551805134504373029e+01 -5.038831642336134564e-01 -4.882047584718947064e-01 1.081258412092263654e+01 5.264816481762480294e+00 6.781410414867949044e+00 3.972093650632615436e-01 -1.402561930925314471e+01 2.548004347973417794e+00 -1.420150559253144706e+00 5.514236647778105294e+00 3.211403090649199044e+00 3.815391738110136544e+00 9.791261741452927936e-01 -8.674114029712129081e+00 8.467971999340605294e+00 -5.259244850343947064e-01 4.524917800121855294e+00 7.628120619946074044e+00 6.683067519360136544e+00 1.580350514143044904e+01 9.122299391918730294e+00 1.206962605207498029e+01 -2.307339076311056658e+01 6.375886985593552936e-01 -5.725074570483613456e+00 1.527023513012480294e+00 6.666626174145292794e+00 8.193435866528105294e+00 -6.150802414721894706e+00 7.831100661449980294e+00 -1.899799327165548846e+01 1.084343154125761544e+00 -5.820266526050019706e+00 -7.214124611086134564e-01 4.556442458324980294e+00 -2.089324753589082206e+00 8.765854079418730294e+00 6.763946730785917794e+00 -8.767970841235566581e+00 -6.135474961108613456e+00 -6.717527321047072064e-01 -7.880229752368379081e+00 1.961824485593552936e-01 4.314056594067167794e+00 -3.829612534350800956e+00 -5.739951889819550956e+00 -7.734641831225800956e+00 1.025257893293435529e+01 3.490831443601365436e-01 -2.682609360522675956e+00 -3.467880051440644706e+00 3.442062575512480294e+00 2.687532493406052936e-01 -4.613624375171113456e+00 2.784286696606230294e+00 -2.861480515307832206e+00 2.963508803539824044e+00 8.589065749340605294e+00 1.131455250471169904e+01 3.790054518871855294e+00 1.040237624340605294e+00 2.711456496410917794e+00 6.177467543774199044e+00 3.130882460766386544e+00 7.358017165356230294e+00 1.326660353832792794e+00 -1.002576759523634564e-01 5.468620497875761544e+00 6.868927199535917794e+00 -4.624419968432832206e+00 -4.504440110034394706e+00 7.208786208324980294e+00 5.767196852856230294e+00 7.525123793774199044e+00 3.718651015453886544e+00 1.129573841779763654e+01 -1.708465378589082206e+00 -6.661178391284394706e+00 -8.907298356955095642e-02 8.284279067211699044e+00 3.557472426586699044e+00 2.436279494457792794e+00 4.859832961254667794e+00 8.374806135232404358e-02 8.518890578442167794e+00 9.756469924145292794e+00 2.720262595945115436e-01 5.281402785473417794e+00 5.505813796215605294e+00 6.183113295727324044e+00 6.098770339184355294e+00 -2.680343430346894706e+00 5.481353957348417794e+00 9.449897963696074044e+00 5.773163039379667794e+00 -3.113935402101759564e-01 5.302986342602324044e+00 7.678238112621855294e+00 2.239937026196074044e+00 6.104973036938261544e+00 5.689369399242949044e+00 3.093094069653105294e+00 5.494842726879667794e+00 -8.857725074953322064e-01 -3.138778488940644706e+00 1.997085768871855294e+00 3.895164687328886544e+00 4.964805800610136544e+00 1.704109389477324044e+00 3.262802321606230294e+00 2.053268630199980294e+00 -3.371780197925019706e+00 -2.056381028003144706e+00
8.844978530102324044e+00 8.623008925610136544e+00 1.350944716625761544e+00 -2.851760666675019706e+00 1.550226612775857404e+01 7.759706565671677936e-01 8.116228172116990436e-01 -2.763412278003144706e+00 1.784537525861794904e+01 1.319084187238748029e+01 1.523492451398904279e+01 8.008682448559355294e+00 7.687988478832792794e+00 -9.183482438986345642e-02 1.162785359113748029e+01 1.076943989484841779e+01 3.052025038891386544e+00 6.628402907543730294e+00 7.896263320141386544e+00 -2.417686264819550956e+00 1.734794814282011544e+00 4.716583449535917794e+00 5.340530593090605294e+00 1.038402577131326154e+01 6.082184035473417794e+00 -6.321113388842988456e+00 1.489178486555154279e+01 1.153187580793435529e+01 6.908113548093552936e-01 -8.655685227221894706e+00 -3.742149155444550956e+00 9.984527785473417794e+00 2.251335341625761544e+00 4.458137709789824044e+00 -3.618522446460175956e+00 -2.608470231955095642e-02 -5.756528785890822064e-01 -2.719474594897675956e+00 1.010103626936013654e+01 -4.325729172534394706e+00 5.091903884106230294e+00 7.408539015942167794e+00 -5.975562851733613456e+00 9.823822219067167794e+00 6.752033918435529358e-02 8.069351393871855294e+00 3.808021742992949044e+00 4.662285048657011544e+00 -3.185575416750197064e-01 -1.157468394548361346e+01 7.072113234692167794e+00 1.757492263012480294e+00 -3.716460984057832206e+00 -9.259898941821504081e+00 -1.220046799487519706e+00 -6.037345688647675956e+00 1.069444294660623029e+01 -6.491264145678925956e+00 6.712997634106230294e+00 4.553581435375761544e+00 5.846527297192167794e+00 -9.791639259523634564e-01 -7.187476914233613456e+00 5.115150649242949044e+00 5.938202101879667794e+00 -1.492648677141134783e+01 -7.547758033937697064e-01 -9.809692185229707206e+00 -1.720459727556173846e+01 -2.249706630021994158e+01 -1.016744975358908221e+01 -7.557998459643769706e+00 -7.713569443530488456e+00 -9.536075394458222831e+00 -2.125587265796113456e+00 4.364702293210740436e-01 1.340429707258279279e+01 8.931938368969511544e+00 1.034329243391091779e+01 1.477829177074980294e+00 4.660209853344511544e+00 6.774599143796677936e-01 2.240654189282011544e+00 7.504074294262480294e+00 2.718994338207792794e+00 6.886978346996855294e+00 4.674303123288865436e-01 -1.398071091479707206e+00 -3.990934303468947064e-01 5.369590956860136544e+00 1.230018813305449044e+00 2.910812575512480294e+00 -4.666602890796113456e+00 -3.672019760913300956e+00 -1.788024704760957206e+00 7.990974623852324044e+00 1.112792988508279279e+01 2.953438002758574044e+00 -7.593513291186738456e+00 6.556419570141386544e+00 1.893554885082792794e+00 2.956588942699980294e+00 6.973724562817167794e+00 3.633354384594511544e+00 -7.568351548022675956e+00 1.415909011059355294e+00 7.692978102856230294e+00 5.294151503735136544e+00 -1.513595383471894706e+00 7.785820204907011544e+00 8.225647170239042794e+00 4.243622023754667794e+00 2.580566603832792794e+00 6.192695815258574044e+00 1.121200759106230294e+00 5.553627211742949044e+00 9.950912673168730294e+00 8.370926100903105294e+00 6.584930617504667794e+00 -6.520536354250197064e-01 3.505706984692167794e+00 7.093307692699980294e+00 7.021805007153105294e+00 8.458526808910917794e+00 3.451690871410917794e+00 2.916153151684355294e+00 1.098896809309060529e+01 5.128036696606230294e+00 -2.568052223390822064e-01 5.358825881176542794e+00 -1.217496803468947064e-01 -4.781326096362519706e+00 5.036552626782011544e+00 7.678573805981230294e+00 5.069717604809355294e+00 5.739067275219511544e+00 -3.437484543628144706e+00 4.695823867016386544e+00 3.169700820141386544e+00 2.474884230785917794e+00
-3.729614060229707206e+00 -8.742343705005097831e+00 3.661514479809355294e+00 2.420656272702927936e-01 2.194266529768044904e+01 8.757179457836699044e+00 3.009353835278105294e+00 -1.345260422534394706e+00 7.166511733227324044e+00 7.464142043285917794e+00 7.923401076489042794e+00 7.629615981274199044e+00 1.270639057844216779e+01 5.708849021726365436e-01 1.020914478986794904e+01 5.919845778637480294e+00 3.135879714184355294e+00 -3.805763047046113456e+00 7.550682265453886544e+00 -2.517967026538300956e+00 -1.573615830249238456e+00 2.417012806623513654e+01 9.500808913403105294e+00 6.883918959789824044e+00 1.560073109357888654e+01 9.653627464109177936e-01 1.782921034985136544e+00 -1.654487412280488456e+00 3.656952101879667794e+00 2.645494529538865436e-01 1.465048237531716779e+01 5.781181533032011544e+00 7.361770827465605294e+00 -8.345207016772675956e+00 3.360368797116990436e-01 -2.505203049487519706e+00 5.085037429028105294e+00 2.755434104734177936e-01 7.057274062328886544e+00 1.906112868481230294e+00 9.915886122875761544e+00 7.091736037426542794e+00 -7.813365738696504081e+00 1.751823622875761544e+00 -3.456191819018769706e+00 -8.433719437426972831e+00 4.914879042797636544e+00 -3.020457536642595642e-02 9.891617018871855294e+00 2.094575950437302936e-01 -3.522689621753144706e+00 -3.590797226733613456e+00 -2.672727516359572064e-01 1.696899611645292794e+00 -1.359556129640822064e-01 4.231721946531052936e-01 6.919655043774199044e+00 -4.869643967456269706e+00 9.865692336254667794e+00 3.473938185864042794e+00 6.918617446117949044e+00 -1.671447556323457206e+00 -4.637321274585175956e+00 -2.667625229663300956e+00 -3.849448960132050956e+00 -5.170890610522675956e+00 3.646766860180449044e+00 5.515144545727324044e+00 -1.128082077807832206e+00 -3.435363571948457206e+00 -1.422081736833517596e+01 2.282821852856230294e+00 -4.609634201831269706e+00 -2.382858078784394706e+00 -2.034347336596894706e+00 3.663238722973417794e+00 3.614456374340605294e+00 1.323112685375761544e+00 5.876465041332792794e+00 7.925689894848417794e+00 6.554567405515427936e-01 3.938728530102324044e+00 -3.596145432300019706e+00 4.404762465649199044e+00 7.937782485180449044e+00 1.068492909162576154e+01 7.383873183422636544e+00 4.138611037426542794e+00 5.882417747312302936e-01 6.115905959301542794e+00 5.466636855297636544e+00 1.934120375805449044e+00 -4.916227272218947064e-01 2.397735793285917794e+00 -2.316436569995332206e+00 -2.117225449389863456e+00 5.909362990551542794e+00 6.181343276196074044e+00 2.667862136059355294e+00 -7.067119400805879081e+00 -2.983779709643769706e+00 2.499725539379667794e+00 5.906151015453886544e+00 -1.578231613940644706e+00 -4.767835548586134564e-01 1.274873801999802936e-01 1.316734511547636544e+00 8.924354750805449044e+00 3.541938979321074044e+00 2.584472853832792794e+00 2.268852431469511544e+00 8.085128981762480294e+00 9.233566481762480294e+00 7.545631606274199044e+00 3.813820082836699044e+00 5.208900649242949044e+00 -8.033140114015822064e-01 5.437843520336699044e+00 8.720527846508574044e+00 7.114883620434355294e+00 -1.963256638354707206e+00 1.317573744946074044e+00 1.578981468015427936e-01 1.219612904279763654e+01 1.864040394514138654e+01 9.491684157543730294e+00 1.179935475080544904e+01 1.329248066633279279e+01 8.331962783032011544e+00 1.877487380199980294e+00 -1.601287644214082206e+00 2.216087538891386544e+00 8.911377150707792794e+00 6.116150099926542794e+00 5.828804213696074044e+00 8.717117507153105294e+00 3.738205153637480294e+00 -3.575895240968947064e-01 4.610649306469511544e+00 1.697075087719511544e+00
2.306770522289824044e+00 5.108070571117949044e+00 9.800125319653105294e+00 6.831337172680449044e+00 1.497061939924294904e+01 3.618698317699980294e+00 2.576858718090605294e+00 -1.779777329272675956e+00 5.511848647289824044e+00 1.324249465160917794e+00 1.208931166821074044e+00 8.749633986645292794e+00 1.769967671125466779e+01 -2.057874611086134564e-01 9.868385512524199044e+00 -3.431678574389863456e+00 4.333557326489042794e+00 -1.030242722339082206e+00 1.273078938215310529e+01 2.833915908032011544e+00 6.360450942211699044e+00 1.866531391828591779e+01 5.052704055004667794e+00 3.302223403149199044e+00 2.734985549145292794e+00 -3.345489304370332206e+00 3.197029311352324044e+00 -2.828367164797072064e-01 1.413855763166482404e+01 -8.172454636401582206e+00 1.346902485578591779e+01 -1.006156901628439471e+01 5.863327223949980294e+00 -4.207130234546113456e+00 2.722816664867949044e+00 1.473938185864042794e+00 -1.001685898608613456e+00 -8.539932053393769706e+00 5.622406203442167794e+00 7.577987868481230294e+00 1.858947951489042794e+00 6.393554885082792794e+00 4.996444899731230294e+00 -1.504646103686738456e+00 3.112983901196074044e+00 -1.172716120988791033e+01 1.277491780012185529e+01 -4.191062729663300956e+00 8.953125197582792794e+00 4.015960890942167794e+00 -9.324033668703322064e-01 -5.073608200854707206e+00 5.058380324535917794e+00 1.057068068676542794e+00 3.251129347973417794e+00 3.243820388012480294e+00 2.573028762035917794e+00 -1.116819361955587908e+01 -7.012327125734572064e-01 7.416671950512480294e+00 6.033632346921677936e-01 -2.184875290698457206e+00 4.005752761059355294e+00 -5.417846482104707206e+00 2.588821608715605294e+00 -2.549247544116425956e+00 -6.292493751711134564e-01 9.160339553051542794e+00 9.931335646801542794e+00 -7.628600876635957206e+00 -5.835281174487519706e+00 7.548614699535917794e+00 9.092758376293730294e+00 -1.323211472339082206e+00 -1.592574875659394706e+00 6.847383567624802936e-01 2.237678725414824044e+00 1.329223830395292794e+00 1.672805983715605294e+00 6.463493544750761544e+00 1.885292250805449044e+00 4.270576674633574044e+00 -6.359336655444550956e+00 4.215545851879667794e+00 7.897400099926542794e+00 3.348320204907011544e+00 9.065248557859177936e-01 4.066711623364042794e+00 6.005043227367949044e+00 3.544899184399199044e+00 3.916115004711699044e+00 3.366378981762480294e+00 9.252601821117949044e+00 3.737777907543730294e+00 5.515678603344511544e+00 1.779670912914824044e+00 5.875488478832792794e+00 -9.959562233156447064e-01 2.207145888500761544e+00 1.211235243969511544e+00 -3.697654526538300956e+00 -9.966962745851759564e-01 4.309135634594511544e+00 6.545013625317167794e+00 4.294319350414824044e+00 3.221229750805449044e+00 2.786598403149199044e+00 3.894340712719511544e+00 -1.808921616382050956e+00 -2.084258835620332206e+00 4.258272239499802936e-01 9.340805251293730294e+00 1.509862538068826154e+01 4.714035231762480294e+00 3.258636672192167794e+00 8.772743422680449044e+00 9.634735305004667794e+00 6.188759047680449044e+00 1.800767967038865436e-01 9.541946608715605294e+00 1.216578694074685529e+01 1.983364887922341779e+01 1.484351368635232404e+01 2.976732655256326154e+01 2.426947804182107404e+01 2.138852711408669904e+01 1.498942585676248029e+01 7.392914015942167794e+00 1.719766255109841779e+01 7.333435256176542794e+00 4.708130080395292794e+00 1.428038807600076154e+01 5.508148390942167794e+00 3.409546096020292794e+00 7.145469863110136544e+00 4.946365554028105294e+00 5.668342787914824044e+00 -8.757804673022675956e+00 -5.676528733081269706e+00 -3.742790024585175956e+00
-5.468589585132050956e+00 4.472976882153105294e+00 1.100466175764138654e+01 6.888870436840605294e+00 8.242202956371855294e+00 -1.756149094409394706e+00 1.041188069074685529e+01 3.438904006176542794e+00 9.409332472973417794e+00 1.086338062971169904e+01 8.500259596996855294e+00 1.327661915510232404e+01 1.761696644514138654e+01 5.816444594555449044e+00 8.828232009106230294e+00 3.406297752195115436e-01 1.755994435041482404e+01 7.649444777660917794e+00 1.565970631330544904e+01 1.893046589582498029e+01 1.892147846906716779e+01 7.014427382641386544e+00 9.901506492429490436e-01 1.165245253735136544e+00 5.735153395824980294e+00 4.773483473949980294e+00 8.807754714184355294e+00 8.086052138500761544e+00 3.082238789289529279e+01 4.671936232739042794e+00 8.875352927976365436e-01 3.941055495434355294e+00 1.016084739499802936e-01 -4.745414536303925956e+00 3.619842726879667794e+00 -1.279243271655488456e+00 8.139709670239042794e+00 -4.293990891284394706e+00 -9.168498795337129081e+00 -6.080581467456269706e+00 -1.067184428483908221e+01 -3.050109665698457206e+00 2.045395095043730294e+00 6.542267043285917794e+00 4.242241103344511544e+00 4.684181410961699044e+00 9.220825392895292794e+00 9.648475844555449044e+00 2.834778029614042794e+00 8.183960158520292794e+00 6.040756423168730294e+00 -2.999229233569550956e+00 8.462387282543730294e+00 -7.005286972827363456e+00 1.926582534008574044e+00 2.504532057934355294e+00 6.988907057934355294e+00 1.570154591291482404e+01 1.209029408186013654e+01 -2.043830673999238456e+00 -8.613639633960175956e+00 -6.374213974780488456e+00 2.805984694653105294e+00 5.072708327465605294e+00 4.914322096996855294e+00 9.276375014477324044e+00 -1.284560959643769706e+00 -1.981460373706269706e+00 3.276718337231230294e+00 -1.137238292009298846e+01 -1.652892868823457206e+00 -6.136855881518769706e+00 -1.019382838518087908e+01 9.127580711179490436e-01 1.173027236157011544e+00 -1.788833420581269706e+00 5.250641066723417794e+00 -2.017791550464082206e+00 3.470482070141386544e+00 3.589233596020292794e+00 -7.055545609301972831e+00 1.349617201977324044e+00 -5.601157944507050956e+00 9.023132521801542794e+00 7.243293959789824044e+00 9.764663893871855294e+00 4.562957961254667794e+00 -4.384155075854707206e+00 2.582557875805449044e+00 6.198902814919904358e-02 2.687866408520292794e+00 6.199501235180449044e+00 4.815315444164824044e+00 1.090301533430154279e+01 6.691765029125761544e+00 5.069214064770292794e+00 1.297696705549294904e+01 5.804290969067167794e+00 2.107368666821074044e+00 3.668548781567167794e+00 8.876820295388654358e-02 1.312378127270292794e+00 2.805862624340605294e+00 3.345253188305449044e+00 3.706436354809355294e+00 5.212425429516386544e+00 -1.198661606616425956e+00 4.725753981762480294e+00 5.594680983715605294e+00 5.788276869946074044e+00 -9.588163307375197064e-01 5.664962966137480294e+00 3.248604018383574044e+00 1.818580825024199044e+00 -5.425239365405488456e+00 3.117218215160917794e+00 6.583221633129667794e+00 1.931297499828886544e+00 1.403252430646951154e+01 1.309220905988748029e+01 1.791867085187966779e+01 2.624153156965310529e+01 3.535135670393044904e+01 2.733818836896951154e+01 2.135713215559060529e+01 2.353280659406716779e+01 1.661028309553201154e+01 1.075262470930154279e+01 1.392024250715310529e+01 1.154815871410917794e+00 7.577669212156052936e-01 6.884529311352324044e+00 5.082328993969511544e+00 4.307575910623029358e-02 1.224950428693826154e+01 4.343170363598417794e+00 1.272613722973417794e+00 -1.540931504077363456e+00 -5.923759262866425956e+00 -6.711944382495332206e+00
1.846779067211699044e+00 4.686126906567167794e+00 8.819305617504667794e+00 1.269329090803201154e+01 1.197551747053201154e+01 2.161400038891386544e+00 3.980850417309355294e+00 -4.052383225268769706e+00 4.955543715649199044e+00 1.793676777570779279e+01 5.187423903637480294e+00 1.196096821516091779e+01 1.353866596906716779e+01 1.580696303539824044e+00 2.711822707348417794e+00 -9.938720505542207206e+00 1.913574416332792794e+00 1.638130385571074044e+00 1.023559590070779279e+01 6.387367446117949044e+00 7.990638930492949044e+00 8.713417250805449044e+00 1.057604237287576154e+01 9.461219985180449044e+00 4.530159194164824044e+00 6.602234084301542794e+00 1.427045460432107404e+01 1.745160694807107404e+01 3.056709487133574044e+00 -1.230529587573457206e+00 6.033775527172636544e+00 -1.092712204760957206e+00 -2.436674049562697064e-01 -1.628692429370332206e+00 3.914985854321074044e+00 3.559402663403105294e+00 1.398013325422341779e+01 4.609062392407011544e+00 6.027740676098417794e+00 4.709503371410917794e+00 6.719146926098417794e+00 5.299545485668730294e+00 8.745042869382615436e-01 7.910995680981230294e+00 2.997474867992949044e+00 1.570362110822732404e+01 1.364337177961404279e+01 6.778572280102324044e+00 -8.055362503833222831e+00 6.246154982739042794e+00 -1.845290940112519706e+00 -2.655485084718947064e-01 -3.019088547534394706e+00 5.850603172116990436e-01 5.087112624340605294e+00 -1.795379441089082206e+00 3.754623610668730294e+00 5.536140639477324044e+00 5.768928725414824044e+00 -5.050704758471894706e+00 2.114944655590605294e+00 -4.066642563647675956e+00 1.750518996410917794e+00 2.033371169262480294e+00 -1.061641291887228533e+01 9.843904563718552936e-01 6.205169875317167794e+00 -7.663039963550019706e+00 -4.720100205249238456e+00 -1.562641505510275408e+01 6.358339378171677936e-01 -8.298637192553925956e+00 2.209915358715605294e+00 3.963142592602324044e+00 6.421129295163865436e-01 1.426460463696074044e+00 1.217621047192167794e+00 1.095176894360136544e+00 -2.174835007495332206e+00 -4.472425392336134564e-01 4.149627883129667794e+00 4.555977065258574044e+00 -1.033478526384298846e+01 6.668091017895292794e+00 6.158859450512480294e+00 1.233757801740701154e+01 6.834549147778105294e+00 -1.705611985034394706e+00 9.719536025219511544e+00 8.060991355710740436e-01 4.474794456296677936e-01 1.746096821516091779e+01 -7.225187233156447064e-01 9.341385085278105294e+00 5.478798110180449044e+00 -2.501655381030488456e+00 6.502227980785917794e+00 8.428901869946074044e+00 4.891197402172636544e+00 9.742622573071074044e+00 3.889892775707792794e+00 3.013046462231230294e+00 8.579986769848417794e+00 -3.077079575366425956e+00 -1.431602280444550956e+00 -8.365476539797072064e-01 -4.723022263354707206e+00 8.955909926586699044e+00 9.345276076489042794e+00 4.861061293774199044e+00 7.768692214184355294e+00 1.013780995100076154e+01 4.922081191235136544e+00 6.348304946117949044e+00 1.851834126203591779e+01 1.392404194562966779e+01 1.043309803693826154e+01 1.589345570295388654e+01 2.541449757307107404e+01 3.042295094221169904e+01 3.275037403791482404e+01 3.520269032209451154e+01 5.050924702375466779e+01 5.251576252668435529e+01 3.799572010725076154e+01 3.301693745344216779e+01 2.260030384748513654e+01 1.618351765363748029e+01 2.110744496076638654e+01 5.926086623364042794e+00 6.778785903149199044e+00 4.893737990551542794e+00 1.080002028637480294e+00 8.663408347898240436e-01 7.029854018383574044e+00 7.085876662426542794e+00 2.687652785473417794e+00 2.905342299633574044e+00 -9.235456398195509564e-01 -3.633956711596894706e+00
1.601021010571074044e+00 2.597419936352324044e+00 -2.509460251635957206e+00 3.409385878735136544e+00 2.848068434887480294e+00 1.697847434812302936e-01 2.652282912426542794e+00 3.728981215649199044e+00 1.210198994367654279e+01 9.640403945141386544e+00 6.523674208813261544e+00 5.260528762035917794e+00 4.892242629223417794e+00 -2.966834824389863456e+00 -1.757789414233613456e+00 3.373230178051542794e+00 5.346290785961699044e+00 1.630562026196074044e+00 4.373115737133574044e+00 7.872017104321074044e+00 5.406990248852324044e+00 1.064643116682107404e+01 5.843431541257615436e-01 -2.022445481128144706e+00 2.001167494946074044e+00 1.403959675519998029e+01 1.149134083478982404e+01 8.790514060788865436e-01 1.249655934064919904e+01 1.915760725076154358e-02 4.825744826489042794e+00 4.196640212231230294e+00 6.496826369457792794e+00 9.427187034421677936e-01 1.339193745344216779e+01 -1.021964829272675956e+00 8.094528395824980294e+00 4.193527419262480294e+00 3.107454368406052936e-01 1.410370070629667794e+00 7.422182151609177936e-01 6.126388747387480294e+00 3.125351149731230294e+00 5.143509108715605294e+00 -1.673171799487519706e+00 -1.680592326433126971e+01 9.463073928051542794e+00 1.620002944164824044e+00 -1.198388270646994158e+01 3.373077590160917794e+00 3.767082411938261544e+00 -1.724372666186738456e+00 4.175964553051542794e+00 3.022918898754667794e+00 -6.975173752612519706e+00 -1.180114548510957206e+00 -3.914405625171113456e+00 -7.907865455812697064e-01 -1.120400981218283221e+01 4.627220351391386544e+00 -5.963447373217988456e+00 -3.337150376147675956e+00 -1.971526902026582206e+00 4.732650954418730294e+00 3.386383254223417794e+00 -2.238784592456269706e+00 3.095703322582792794e+00 4.275306899242949044e+00 -1.125647334367697283e+01 1.339409072094511544e+00 4.213302809887480294e+00 -3.376968186206269706e+00 -2.434707444018769706e+00 2.874321181469511544e+00 2.337845046215605294e+00 4.978058058910917794e+00 3.894645888500761544e+00 5.359245497875761544e+00 4.350380141430449044e+00 2.827682692699980294e+00 2.335377424294904358e-02 9.279787132077927936e-01 2.230621535473417794e+00 3.531563002758574044e+00 4.683914382153105294e+00 6.691917617016386544e+00 1.865463454418730294e+00 3.771476943188261544e+00 9.454002577953886544e+00 1.302756520002419904e+01 2.110579701154763654e+01 3.525311299055154279e+01 2.112522907941873029e+01 9.384826857739042794e+00 3.413543898754667794e+00 -3.070892136401582206e+00 1.744095046215605294e+00 2.951919753246855294e+00 -4.894636085695509564e-01 9.882316786938261544e+00 1.531961842268044904e+01 1.036846180646951154e+01 2.904200001447732404e+01 3.021514149396951154e+01 1.297460194318826154e+01 4.344490248852324044e+00 -2.915342262453322064e-01 -2.716110031909394706e+00 1.456428725414824044e+00 2.897926528149199044e+00 -2.849242966479707206e+00 1.058410664289529279e+01 1.267900105207498029e+01 1.907383747785623029e+01 2.664659138410623029e+01 3.192279835432107404e+01 4.145602436750466779e+01 6.466917439191873029e+01 7.590832539289529279e+01 6.448960896223123029e+01 7.331404133527810529e+01 8.391163655012185529e+01 8.332284565656716779e+01 8.486672993391091779e+01 7.077351399152810529e+01 4.861631794660623029e+01 4.419684620588357404e+01 4.461787434309060529e+01 3.451836415021951154e+01 1.808953877180154279e+01 1.045143147199685529e+01 2.170715529614042794e+00 -2.459441941089082206e+00 9.205171653562302936e-01 -1.050758164233613456e+00 5.001121718578886544e+00 9.922912795239042794e+00 5.536195823484177936e-01 -5.114593308276582206e+00 -2.143600266284394706e+00
-2.467468064135957206e+00 3.418632704907011544e+00 3.278595168285917794e+00 -2.810584824389863456e+00 -5.633525163595720642e-02 1.847946364574980294e+00 5.854494163327927936e-01 7.604751784496855294e+00 1.842993946760232404e+01 1.306587416821074044e+00 3.487861830883574044e+00 3.606193740063261544e+00 6.948822219067167794e+00 1.263371296613748029e+01 5.183412620359177936e-01 2.396713454418730294e+00 1.019480915754373029e+01 3.935028273754667794e+00 -2.237090866870332206e+00 5.341949660473417794e+00 -2.819648545092988456e+00 -2.779052536792207206e+00 6.740089614086699044e+00 1.736747939282011544e+00 3.564033705883574044e+00 2.161850173168730294e+00 9.362465102367949044e+00 8.496154982739042794e+00 9.229667861157011544e+00 5.804140159421677936e-01 3.796638686352324044e+00 -2.891975205249238456e+00 2.321942158430154279e+01 2.083160420148904279e+01 1.380996723859841779e+01 -8.446653297609572064e-01 2.979738303952927936e-01 1.571617324047636544e+00 5.903045851879667794e+00 -5.346343796557832206e+00 7.689453322582792794e+00 1.267539234846169904e+01 7.689125258617949044e+00 -1.575849464601759564e-01 -3.140714576906447064e-01 -1.366976908952658221e+01 8.441337783032011544e+00 2.636856276684355294e+00 2.363426406078886544e+00 4.726898390942167794e+00 8.285385329418730294e+00 1.336746413403105294e+00 8.915764052563261544e+00 -6.532267839376970642e-02 -6.787490647143769706e+00 4.380127150707792794e+00 6.802856642895292794e+00 1.704834181957792794e+00 -1.022927836687033221e+01 3.545616347485136544e+00 5.275375563793730294e+00 -4.974647324389863456e+00 -4.880065720385957206e+00 -5.475156715578322064e-01 -1.318276957780783221e+01 -1.002500465578322064e-01 -6.325910499758009564e-01 -1.902457993335175956e+00 2.415725905590605294e+00 3.861488539867949044e+00 -3.814313820070509564e-01 -2.055900376147675956e+00 2.017791945629667794e+00 5.231918532543730294e+00 -5.939463884298845642e-02 -8.981931617922072064e-01 3.807846266918730294e+00 6.276092726879667794e+00 1.134315688305449044e+00 3.726112563305449044e+00 -1.173342112810080096e+01 2.273254592114042794e+00 5.980987746410917794e+00 1.538849074535917794e+00 7.073976585202927936e-01 7.514991957836699044e+00 -4.847076218432832206e+00 4.922058303051542794e+00 1.811928578107888654e+01 3.571646900861794904e+01 7.980410786359841779e+01 8.601770039289529279e+01 4.091065998762185529e+01 1.232766743391091779e+01 -2.598495285815644706e+00 7.041801650219511544e+00 3.804107863598417794e+00 -1.413299362964082206e+00 6.451957900219511544e+00 2.071472365551542794e+00 1.160166950910623029e+01 1.505838032453591779e+01 4.042250080793435529e+01 5.675022907941873029e+01 1.919844074934060529e+01 1.081198139875466779e+01 8.896438796215605294e+00 1.271614857404763654e+01 8.359001357250761544e+00 1.629738051586699044e+00 -1.938934128589082206e+00 1.794782276838357404e+01 3.243442555158669904e+01 5.457288380353982404e+01 5.825856037824685529e+01 6.768252583234841779e+01 9.029153462141091779e+01 1.583341829368405911e+02 1.974307100364499661e+02 1.405221101829343411e+02 1.245839998313718553e+02 1.399453279563718411e+02 1.512381746360593411e+02 1.271423189231687303e+02 9.019956989973123029e+01 7.738214131086404279e+01 9.060853596418435529e+01 9.829763813703591779e+01 6.783908100812966779e+01 2.836936970441873029e+01 1.261076374738748029e+01 1.450947590559060529e+01 1.070374317853982404e+01 7.068504531078886544e+00 1.153686721020292794e+00 7.114990431957792794e+00 3.797226149731230294e+00 9.819534499340605294e+00 6.065994460278105294e+00 5.853355605297636544e+00
6.942369529538865436e-01 1.057599659650857404e+01 1.045912190168435529e+01 3.525512892895292794e+00 1.028763600080544904e+01 5.737053115063261544e+00 3.807876784496855294e+00 7.469688613110136544e+00 9.226249892407011544e+00 1.923980910473417794e+00 4.681169578366990436e-01 2.918855735593552936e-01 5.937996108227324044e+00 1.495951100080544904e+01 1.144485493391091779e+01 7.699279982739042794e+00 5.975937087231230294e+00 1.743759352856230294e+00 3.611122328930449044e+00 1.209617634504373029e+01 3.784179885082792794e+00 -4.912193100757050956e+00 2.949707228832792794e+00 4.475029189282011544e+00 4.613029677563261544e+00 -6.217635910815644706e+00 -4.384177964038300956e+00 7.318880149656052936e-01 6.777549941235136544e+00 -4.546615403003144706e+00 3.802187034421677936e-01 4.088669020824980294e+00 9.189605910473417794e+00 -3.351135056323457206e+00 1.004978962629373029e+01 1.475807209699685529e+01 -5.703674118823457206e+00 8.488220412426542794e+00 1.501941700666482404e+01 -4.910049240893769706e+00 7.008842665844511544e+00 3.638351638012480294e+00 2.508522231274199044e+00 -1.114669602221894706e+00 -7.726814072436738456e+00 3.480087477856230294e+00 1.618171889477324044e+00 2.643303115063261544e+00 4.540291030102324044e+00 1.126094837873513654e+01 1.897467060773904279e+01 1.196973438947732404e+01 1.435226638012480294e+00 -4.707487037843947064e-01 -3.844428818530488456e+00 2.750274855785917794e+00 1.506485182934355294e+00 1.091030903547341779e+01 -5.775535385913300956e+00 1.407514973371560529e+01 -3.275602272218947064e-01 -1.309844188005392596e+01 -1.051590709001486346e+01 4.620338637524199044e+00 1.106498915844511544e+00 3.602829177074980294e+00 -3.275382798022675956e+00 -9.145961563891816581e+00 -2.623649399585175956e+00 -4.415351670092988456e+00 -3.476713112062697064e-01 1.294099876218552936e-01 -3.282089035815644706e+00 6.970827171140427936e-01 4.569351393871855294e+00 -1.003568580812697064e-01 2.250801284008574044e+00 -9.403034012622285331e+00 -2.361976425952363456e+00 -1.581291001147675956e+00 5.983642775707792794e+00 4.294189650707792794e+00 -3.973724167651582206e+00 2.924278456860136544e+00 2.191696364574980294e+00 -3.818633835620332206e+00 4.397155959301542794e+00 5.210365492992949044e+00 1.624713917463357404e+01 4.384143086164529279e+01 1.031315767356687303e+02 9.262519856184060529e+01 2.435679646223123029e+01 5.537834365063261544e+00 4.119720656567167794e+00 9.662254531078886544e+00 1.146232802563261544e+00 2.250099379711699044e+00 5.106460768871855294e+00 5.927917678051542794e+00 7.478592116528105294e+00 8.110565383129667794e+00 3.324620838850076154e+01 3.728057118146951154e+01 1.304264851301248029e+01 3.013519484692167794e+00 1.143074818342263654e+01 -2.601697853273634564e-01 1.123748799055154279e+01 1.705541249006326154e+01 1.086157246320779279e+01 1.753284474103982404e+01 4.753648396223123029e+01 7.320664997785623029e+01 7.671830769269998029e+01 7.836207600324685529e+01 1.439161531516843411e+02 3.141007539817624661e+02 4.789026033469968411e+02 2.846099397727780911e+02 1.906179658958249661e+02 1.839898531028562161e+02 2.290188448020749661e+02 1.711508333274655911e+02 1.087736513206296678e+02 1.042068178245359178e+02 1.775510103294187161e+02 1.913432771751218411e+02 8.108099384992654279e+01 2.695090504377419904e+01 2.079787464826638654e+01 1.866216297834451154e+01 1.238744374006326154e+01 6.345886428051542794e+00 4.887291152172636544e+00 5.409988600903105294e+00 5.920429914529279358e-02 1.493530471020292794e+00 5.224153587156052936e-01 1.042444630353982404e+01
-1.513999741382050956e+00 1.257603474348123029e+01 1.280233784406716779e+01 1.116375752180154279e+01 7.797699172192167794e+00 5.830604750805449044e+00 4.540130812817167794e+00 1.623253066235136544e+00 7.034080702953886544e+00 8.381599623852324044e+00 3.184280593090605294e+00 -3.379775803393769706e+00 -8.020399025148634564e-01 8.651268202953886544e+00 8.080032546215605294e+00 1.152824599438261544e+00 1.111999709301542794e+00 -2.615981858081269706e+00 6.589433738523240436e-01 4.058571059399199044e+00 1.376557179182107404e+01 8.992485243969511544e+00 1.241824360578591779e+01 8.837910383279279358e-02 -6.332549851245332206e+00 9.435798842602324044e+00 5.178802687817167794e+00 5.838562209301542794e+00 -1.346717636889863456e+00 -8.798292091554884564e-01 4.659156996899199044e+00 1.056471272199685529e+01 9.098358351879667794e+00 1.844955641918730294e+00 8.699470717602324044e+00 1.047337361066873029e+01 7.041031081371855294e+00 7.688698012524199044e+00 7.510116774731230294e+00 1.585161277585740436e-01 1.918319899731230294e+00 9.567398268871855294e+00 4.276550490551542794e+00 7.836853224926542794e+00 7.266617018871855294e+00 1.059433003156716779e+01 -5.683395188159394706e+00 3.986763198071074044e+00 8.536812026196074044e+00 1.265767689436013654e+01 1.689734669416482404e+01 1.027169819562966779e+01 -1.675712387866425956e+00 1.278244216137480294e+00 3.517326552563261544e+00 6.162475783520292794e+00 1.758606154614042794e+00 -3.084441941089082206e+00 -5.256835739917207206e+00 6.659736830883574044e+00 1.173248488598417794e+00 -9.593993943042207206e+00 -7.668884079760957206e+00 5.437423903637480294e+00 -7.028959205812697064e-01 6.087654311352324044e+00 -2.109373024172072064e-01 -4.002494614428925956e+00 5.238052565746855294e+00 5.109588820629667794e+00 3.017006117992949044e+00 5.794449050121855294e+00 -9.065475266284394706e+00 -6.244810035890822064e-01 -8.802268784350800956e+00 -2.186668198413300956e+00 -1.039672450334494158e+01 -7.341459205812697064e-01 3.657448012524199044e+00 1.714332778149199044e+00 9.662324973874802936e-01 1.698762962156052936e-01 7.497932631664824044e+00 6.221664626293730294e+00 5.440370628171677936e-01 2.458726951413865436e-01 5.167717177563261544e+00 -1.357139389819550956e+00 1.908743305891091779e+01 4.413671894758279279e+01 6.973585530012185529e+01 4.669895954816873029e+01 1.743228169172341779e+01 3.284240920239042794e+00 -1.285362046069550956e+00 8.861862380199980294e+00 -3.625791481203322064e-01 -1.858390610522675956e+00 2.308326918774199044e+00 6.121597487621855294e+00 -5.548553269214082206e+00 5.966247756176542794e+00 9.341293532543730294e+00 9.712463576489042794e+00 9.760452468090605294e+00 6.201629836254667794e+00 4.985458571606230294e+00 5.117004592114042794e+00 -3.097259323901582206e+00 4.831382949047636544e+00 1.562846394269998029e+01 2.711280842512185529e+01 4.897813435285623029e+01 5.183131428449685529e+01 7.326997395246560529e+01 8.104289265363748029e+01 1.414359895774655911e+02 2.628415987083249661e+02 4.227770540305905911e+02 2.873295137473874661e+02 2.094769136497312161e+02 2.160149995872312161e+02 2.178209077903562161e+02 1.583671114036374661e+02 1.109042207786374803e+02 1.066273347923093553e+02 1.607164461204343411e+02 1.578897859641843411e+02 5.069385548322732404e+01 1.914575215070779279e+01 1.411805744855935529e+01 1.013159199445779279e+01 9.155426222973417794e+00 4.934707839184355294e+00 5.965660292797636544e+00 7.992172438793730294e+00 6.949272353344511544e+00 4.785019118481230294e+00 2.811271865063261544e+00 5.079986769848417794e+00
1.618239613264138654e+01 9.266807753735136544e+00 -1.402931015796113456e+00 -1.488349716967988456e+00 -3.748489182300019706e+00 -3.244987290210175956e+00 9.057670790844511544e+00 6.284347731762480294e+00 8.165718276196074044e+00 1.190823384016091779e+01 9.105049330883574044e+00 2.367599684887480294e+00 -5.375610153979707206e+00 3.310775954418730294e+00 7.855903823071074044e+00 3.018509108715605294e+00 1.145263869457792794e+00 -3.655775001711134564e-01 5.730095107250761544e+00 5.403877455883574044e+00 6.251571852856230294e+00 3.412811476879667794e+00 5.595077712231230294e+00 -1.885993759936738456e+00 -6.871032517260957206e+00 -4.082275193042207206e+00 -2.095405381030488456e+00 -3.338714402026582206e+00 -1.984535019702363456e+00 -3.416038315600800956e+00 -5.082542221850800956e+00 7.017747947507615436e-01 5.451553542309355294e+00 6.751106459789824044e+00 4.472610671215605294e+00 9.592231948071074044e+00 1.006193562238748029e+01 1.229237385480935529e+01 3.473434645824980294e+00 -4.794036667651582206e+00 1.992431838207792794e+00 1.735511977367949044e+00 -4.669769089526582206e+00 2.633918959789824044e+00 1.729293843000466779e+01 7.708954055004667794e+00 1.048301894360136544e+00 2.240768630199980294e+00 7.240249831371855294e+00 -9.796293190187697064e-01 2.625816542797636544e+00 9.038215834789824044e+00 3.971283156567167794e+00 -1.250438005392595642e-02 -7.141464035815644706e+00 7.875747878246855294e+00 8.261238295727324044e+00 -1.143275431901876971e+01 -8.134763649172072064e-01 -1.752351741105978533e+01 4.561157424145292794e+00 4.511032302074980294e+00 3.932052809887480294e+00 2.118728835278105294e+00 2.315063674145292794e+00 2.569488722973417794e+00 7.545715529614042794e+00 1.315460402660917794e+00 2.421928603344511544e+00 2.356048781567167794e+00 -5.673270981616425956e+00 -2.961906235522675956e+00 -7.260740211672072064e-01 -1.039955882341330096e+01 1.784975120359177936e-01 -1.492634944230978533e+01 -1.687429026872580096e+01 1.867202956371855294e+00 9.331283766918730294e+00 7.238830763989042794e+00 9.398124892407011544e+00 6.571983534985136544e+00 1.233312245100076154e+01 3.906288344555449044e+00 2.780382224851365436e-01 -3.477081101245332206e+00 4.311676222973417794e+00 5.028671462231230294e+00 1.605616780012185529e+01 2.199916859357888654e+01 3.047076435773904279e+01 2.033828755109841779e+01 9.853920180492949044e+00 1.186978169172341779e+01 -7.052305153078322064e-01 6.352897841625761544e+00 4.412780959301542794e+00 2.906212050610136544e+00 2.974846083813261544e+00 -4.014266770190644706e+00 1.143054218977029279e+01 4.984192092114042794e+00 6.890556533032011544e+00 6.000000197582792794e+00 9.792711326413865436e-01 4.216407973461699044e+00 9.035232741528105294e+00 4.733673293285917794e+00 8.315963942699980294e+00 1.120218678205544904e+01 2.367188282697732404e+01 2.649917622297341779e+01 2.393654652326638654e+01 3.054380818098123029e+01 5.008636494367654279e+01 5.233184834211404279e+01 9.116114826887185529e+01 1.403448335716062161e+02 1.630682832786374661e+02 1.487028352805905911e+02 1.545995637962155911e+02 1.707454988548093411e+02 1.545021822044187161e+02 1.138786775657468553e+02 9.075451679914529279e+01 7.416455097883279279e+01 6.868653889387185529e+01 4.408052845686013654e+01 1.912805195539529279e+01 1.112709065168435529e+01 1.223477192609841779e+01 5.209083754711699044e+00 2.039802748852324044e+00 6.546547133617949044e+00 -2.482353012866425956e+00 8.293243605785917794e+00 7.962478835278105294e+00 3.411659438305449044e+00 5.754501540356230294e+00 7.775039870434355294e+00
4.246139723949980294e+00 3.304428298168730294e+00 1.906669814282011544e+00 3.021743971996855294e+00 2.601394850903105294e+00 -4.260597031421113456e+00 1.144545765607888654e+01 1.107778187482888654e+01 1.566978652172636544e+00 1.519493122785623029e+01 1.926216908186013654e+01 1.164004536359841779e+01 5.230247695141386544e+00 -9.948652198976759564e-01 1.000860615461404279e+01 9.916053969555449044e+00 1.882720204084451154e+01 5.757293898754667794e+00 7.996780593090605294e+00 1.043397541730935529e+01 6.163179466062302936e-01 2.791938979321074044e+00 1.264201374738748029e+01 5.484871108227324044e+00 1.609657485180449044e+00 4.180122573071074044e+00 1.065612990551542794e+00 -4.184341233081269706e+00 -7.057098191089082206e+00 2.872642714672636544e+00 1.301583119123513654e+01 1.311901875227029279e+01 2.029026814191873029e+01 9.473854262524199044e+00 6.178285667234177936e-01 -2.305585459978048846e+01 -2.086509507007050956e+00 -5.349181931323457206e+00 -1.892707627124238456e+00 -2.519744675464082206e+00 -1.622466843432832206e+00 2.567337233715605294e+00 2.209472853832792794e+00 1.278320510082792794e+00 7.409218032055449044e+00 -3.963432114428925956e+00 2.769867140942167794e+00 -6.510810654467988456e+00 3.319565016918730294e+00 2.731414992504667794e+00 -6.800229957765822064e-01 4.937706191235136544e+00 6.082229811840605294e+00 2.472473342114042794e+00 5.027467796140427936e-01 1.152465840070779279e+01 6.164947707348417794e+00 -3.535621445483613456e+00 -2.122566025561738456e+00 -9.863544266528535331e+00 1.209615345686013654e+01 -1.349365036792207206e+00 -2.757337501711134564e-01 9.918520042234177936e-01 -6.463447373217988456e+00 -4.830001633471894706e+00 4.109024245434355294e+00 -1.531252650529806658e+01 6.202499587231230294e+00 4.353317458324980294e+00 9.912613112621855294e+00 -7.979709427661347831e+00 3.612419326000761544e+00 -2.036156062395041033e+01 5.993179518871855294e+00 -3.789047043628144706e+00 -5.039291184253144706e+00 5.663658339672636544e+00 8.711525160961699044e+00 1.136116810529763654e+01 1.344532032697732404e+01 6.137520034008574044e+00 2.116790969067167794e+00 1.717636305981230294e+00 -2.273025315112519706e+00 2.838195998364042794e+00 5.750976760082792794e+00 -6.236112526125197064e-01 2.635162551098417794e+00 3.529777724438261544e+00 6.745117385082792794e+00 9.056724745922636544e+00 -1.271255295581269706e+00 4.863411147289824044e+00 3.280641624265427936e-01 2.323753554516386544e+00 4.777076918774199044e+00 2.541015822582792794e+00 2.853500563793730294e+00 3.411659438305449044e+00 1.129734059064919904e+01 4.240953513913865436e-01 5.392936904125761544e+00 2.766060073071074044e+00 6.637962538891386544e+00 8.985603530102324044e+00 2.752220351391386544e+00 -7.573734085864472831e+00 8.160675246410917794e+00 1.218875904768044904e+01 1.110702534406716779e+01 1.273392506330544904e+01 2.642697163312966779e+01 2.697328968732888654e+01 2.540540333478982404e+01 1.878013630598123029e+01 3.448104115217263654e+01 4.912532063215310529e+01 6.268499775617654279e+01 7.178715534894998029e+01 8.582586689680154279e+01 9.191604634016091779e+01 7.986392231672341779e+01 6.040678425519998029e+01 3.740075703352029279e+01 2.873028584211404279e+01 1.893155689924294904e+01 1.700503559797341779e+01 1.327232380598123029e+01 7.508323867016386544e+00 8.497474867992949044e+00 5.523338515453886544e+00 1.456390578442167794e+00 -3.761550705737519706e+00 2.928665358715605294e+00 6.670532424145292794e+00 9.262329299145292794e+00 1.235601063459451154e+01 1.096584339826638654e+01 1.091603871076638654e+01
6.281311232739042794e+00 5.181053359203886544e+00 2.342575270824980294e+00 2.342659194164824044e+00 1.079248066633279279e+01 4.079414565258574044e+00 4.731079299145292794e+00 8.418525893383574044e+00 4.156334120922636544e+00 1.498271961896951154e+01 1.630493183820779279e+01 1.255198689191873029e+01 1.570912953107888654e+01 1.062606831281716779e+01 6.556846816235136544e+00 9.883255202465605294e+00 2.099012776105935529e+01 4.983230788403105294e+00 -1.418044846362519706e+00 6.745651442699980294e+00 -6.734446794455095642e-02 2.849525649242949044e+00 1.304143543928201154e+01 7.157989699535917794e+00 8.955398757153105294e+00 4.576423842602324044e+00 -7.404220383471894706e+00 -4.479476731128144706e+00 4.750694472485136544e+00 -3.131370346850800956e+00 9.111068923168730294e+00 3.726608473949980294e+00 7.553955275707792794e+00 -7.702968399829316581e+00 2.754594871335740436e-01 6.233635146313261544e+00 1.048786946027810529e+01 -8.877136032885957206e+00 -8.949111740893769706e+00 -3.657529762453322064e-01 -1.971076767749238456e+00 4.899238784008574044e+00 4.149521071606230294e+00 -1.099960129565644706e+00 7.955383498364042794e+00 -2.837798874682832206e+00 8.972122389965605294e+00 5.147979933910917794e+00 5.762054640942167794e+00 4.695495803051542794e+00 -3.537383835620332206e+00 5.050049025707792794e+00 -8.782270363039259564e-01 1.407119948559355294e+00 6.210022170239042794e+00 4.590858657055449044e+00 1.820053298168730294e+00 -7.343748024172072064e-01 3.680679518871855294e+00 7.380706984692167794e+00 9.724365431957792794e+00 3.526870925121855294e+00 1.403427321606230294e+00 2.706268508129667794e+00 -1.053817551440644706e+00 2.504913527660917794e+00 1.123504658430154279e+01 -6.395337989992384564e-01 2.546592909985136544e+00 -9.316093247241425956e+00 1.174189778059060529e+01 -6.624786179370332206e+00 7.574615676098417794e+00 -5.705398361987519706e+00 -2.428245346850800956e+00 4.025299269848417794e+00 4.580841262035917794e+00 8.614961692624802936e-01 6.830673415356230294e+00 1.579924030988748029e+01 8.315330702953886544e+00 -1.703040879077363456e+00 -2.293258469409394706e+00 5.225654799633574044e+00 2.309013564282011544e+00 -3.750320236987519706e+00 1.447212416821074044e+00 5.710222312741990436e-01 6.523353774242949044e+00 8.226715285473417794e+00 8.231552321606230294e+00 6.115997512035917794e+00 4.863388259106230294e+00 6.488968093090605294e+00 6.520736891918730294e+00 8.244613845043730294e+00 8.903343398266386544e+00 2.279365737133574044e+00 4.464576918774199044e+00 -3.357085984057832206e+00 7.824709007077927936e-01 -2.980788986987519706e+00 6.195985862546677936e-01 -5.355604103273634564e-01 7.874756056957792794e+00 3.910263259106230294e+00 -7.897260597414259564e-01 3.939537245922636544e+00 1.269205494611794904e+01 1.703788777082498029e+01 1.778527088850076154e+01 1.066152210920388654e+01 1.126870747297341779e+01 2.308177967756326154e+01 1.929424305646951154e+01 1.134177418439919904e+01 1.364910145490701154e+01 1.766287251203591779e+01 2.165141316144998029e+01 3.386646290510232404e+01 4.703504200666482404e+01 4.623683186262185529e+01 4.026103993146951154e+01 2.931090565412576154e+01 1.972196980207498029e+01 1.812986775129373029e+01 6.072822768383574044e+00 1.798164387434060529e+01 9.008651930981230294e+00 3.537224013500761544e+00 8.491531569653105294e+00 4.641975600414824044e+00 8.070680686765427936e-01 -3.790038864917207206e+00 5.967483718090605294e+00 6.611068923168730294e+00 7.306564528637480294e+00 8.481361586742949044e+00 2.485458571606230294e+00 3.133674819164824044e+00
1.521347243481230294e+00 7.500908095532011544e+00 -4.425046852297072064e-01 -3.852798264331269706e+00 5.352188307934355294e+00 2.165199477367949044e+00 -3.741683762378144706e+00 7.725044448071074044e+00 1.722857685773904279e+01 1.458861561506326154e+01 1.183719654768044904e+01 1.637238331525857404e+01 1.238926716535623029e+01 1.002899952619607404e+01 1.290564747541482404e+01 1.893791981428201154e+01 1.835742970197732404e+01 8.950950820141386544e+00 3.607582289867949044e+00 7.009330947094511544e+00 1.566841323071074044e+00 5.199012953930449044e+00 -4.884521286792207206e+00 3.128090102367949044e+00 7.654594618969511544e+00 -2.974288742846894706e+00 2.574478346996855294e+00 1.839874465160917794e+00 4.021301467114042794e+00 5.147172996335740436e-01 9.010193068676542794e+00 -3.004485886401582206e+00 -9.568021705812697064e-01 -1.558540146655488456e+00 5.418701369457792794e+00 1.962951857739042794e+00 7.729188987546677936e-01 -7.595817368335175956e+00 6.851198264890427936e-01 -5.812736313647675956e+00 -7.489982407397675956e+00 4.484405715160917794e+00 9.415840346508574044e+00 6.276748854809355294e+00 -2.244079392260957206e+00 -9.735087663595720642e-02 1.010786457746560529e+01 6.025695998364042794e+00 9.709778029614042794e+00 3.590004164867949044e+00 1.285324294262480294e+00 -4.982831886476759564e-01 2.462364394360136544e+00 -6.436584275073457206e+00 1.013500996320779279e+01 3.312607009106230294e+00 -2.505796364015822064e-01 1.361374098949980294e+00 -7.477241318530488456e+00 -7.475005905932832206e+00 -5.392715256518769706e+00 -7.883756569093947064e-01 1.444397170239042794e+00 6.131729323559355294e+00 -5.267600815600800956e+00 -7.689979355639863456e+00 6.467735488110136544e+00 3.200073439770292794e+00 -1.119576243669455096e+01 -4.433448593921113456e+00 3.336197096996855294e+00 5.028221327953886544e+00 6.101913649731230294e+00 -9.719160011476759564e-01 4.615440566235136544e+00 -7.015487473315644706e+00 -3.716773789233613456e+00 7.894027907543730294e+00 1.625151081769998029e+01 1.173338337629373029e+01 1.273208815746855294e+00 -2.517011573976759564e-01 -4.580261032885957206e+00 2.856651503735136544e+00 5.286427228982404358e-02 -1.612533371753144706e+00 1.304502888410623029e+01 8.179580886059355294e+00 8.644951064282011544e+00 4.255172927074980294e+00 8.767288405590605294e+00 9.185005385571074044e+00 5.904365737133574044e+00 1.403123924070115436e-01 8.859520156078886544e+00 1.584722157209451154e+01 3.570378895490701154e+01 2.904867573469216779e+01 1.112319966047341779e+01 9.014282424145292794e+00 1.144844252758574044e+00 -1.645873825854707206e+00 7.267791945629667794e+00 1.019483967512185529e+01 1.159941883771951154e+01 9.566042014890427936e-01 3.937706191235136544e+00 6.553871352367949044e+00 7.859733779125761544e+00 1.574778004377419904e+01 1.285231037824685529e+01 1.729494496076638654e+01 1.355346699445779279e+01 1.114094563215310529e+01 2.407943923168730294e+00 1.362422199934060529e+01 2.415222365551542794e+00 8.972534377270292794e+00 8.542373854809355294e+00 1.287005634992654279e+01 2.156216450422341779e+01 2.154797383039529279e+01 2.057205219953591779e+01 1.590551777570779279e+01 1.239850636213357404e+01 1.480661793439919904e+01 6.274315077953886544e+00 4.630279738598417794e+00 6.419128615551542794e+00 2.904831130199980294e+00 3.402633864574980294e+00 7.970398146801542794e+00 1.955482680492949044e+00 8.689674575024199044e+00 2.351089675121855294e+00 -1.651304176515822064e-01 4.454597670727324044e+00 4.385856826000761544e+00 5.052696425610136544e+00 6.349945265942167794e+00
7.691551406078886544e+00 8.259697158032011544e+00 2.823120314770292794e+00 -1.082303932375197064e-01 -3.029426377124238456e+00 -3.481824806398634564e-01 6.081010886960740436e-01 1.181684132307107404e+01 2.106777210920388654e+01 1.067604084699685529e+01 8.675110060864042794e+00 1.319055195539529279e+01 1.320251484602029279e+01 1.132357807844216779e+01 8.881736952953886544e+00 1.024341603010232404e+01 7.554161269360136544e+00 3.716041762524199044e+00 -1.734931748217988456e+00 -6.667838852710175956e+00 2.441391188793730294e+00 1.152407093732888654e+01 5.427108962231230294e+00 2.369997093015427936e-01 -5.196273606128144706e+00 -5.076751511401582206e+00 2.050514418774199044e+00 1.208658619611794904e+01 7.580263206296677936e-01 4.571060378246855294e+00 7.381462294750761544e+00 1.104919631176542794e+00 -2.027213852710175956e+00 5.208511550121855294e+00 2.261474806957792794e+00 7.369964797192167794e+00 -4.159772804445509564e-01 -1.209729365617697283e+01 -5.802894394702363456e+00 -9.077293198413300956e+00 -5.233382981128144706e+00 1.149353224926542794e+00 -3.053741257495332206e+00 -2.283309738940644706e+00 -1.313491623706269706e+00 3.071411330395292794e+00 5.564315993481230294e+00 9.901062209301542794e+00 4.976738173657011544e+00 2.701400954418730294e+00 9.289138991528105294e+00 -6.432187965578322064e-01 -7.797391823000197064e-01 2.744636733227324044e+00 4.635544020824980294e+00 3.611299583249802936e-01 2.708923537426542794e+00 4.834053237133574044e+00 -6.869209091967988456e+00 -2.747123520678925956e+00 8.167694289379667794e+00 5.782371718578886544e+00 3.804672438793730294e+00 -3.868911545581269706e+00 -5.144965927905488456e+00 9.184631545239042794e+00 1.117172438793730294e+00 -1.817167213625197064e-01 -7.201690476245332206e+00 9.492035109692167794e+00 -1.662366798586134564e-01 5.954668113523240436e-01 1.177854939191873029e+01 7.014007765942167794e+00 -1.214419154436056658e+01 -1.028697184831564471e+01 4.306991774731230294e+00 -3.020957749194550956e+00 3.566820213132615436e-01 7.686805922680449044e+00 2.363054343991990436e-01 5.259325095945115436e-01 2.942413527660917794e+00 4.341942031078886544e+00 4.398887831860136544e+00 2.661216933422636544e+00 1.056325550764138654e+01 8.530517775707792794e+00 7.510399062328886544e+00 3.472465712719511544e+00 1.863418776684355294e+00 2.780937392407011544e+00 3.772140700512480294e+00 3.588859755688261544e+00 7.604263503246855294e+00 2.197577686994607404e+01 5.204460163801248029e+01 3.725576039045388654e+01 1.304061146467263654e+01 1.110189839094216779e+01 6.529686171703886544e+00 3.066940505199980294e+00 5.564361769848417794e+00 1.290317555158669904e+01 3.597099501782011544e+00 -6.126998703784394706e+00 6.597597190671677936e-01 1.082074757307107404e+01 1.008659382551248029e+01 4.423164565258574044e+00 4.535125930004667794e+00 1.328345509260232404e+01 7.139076430492949044e+00 7.681579787426542794e+00 9.315872389965605294e+00 7.520446974926542794e+00 1.919481678693826154e+01 9.727691847973417794e+00 1.047966786115701154e+01 1.376391621320779279e+01 1.287885304182107404e+01 8.655586440258574044e+00 9.909622389965605294e+00 1.262133808820779279e+01 5.832718093090605294e+00 1.336927815168435529e+01 5.860122878246855294e+00 1.101846333234841779e+01 -1.901138108081269706e+00 3.023346144848417794e+00 7.067186424070115436e-01 1.128379078596169904e+01 -1.522712509936738456e+00 5.219429213696074044e+00 -1.341779640383009564e-01 2.992935378246855294e+00 1.116056080549294904e+01 1.154770095043730294e+00 5.609428603344511544e+00 3.165054518871855294e+00
5.477569777660917794e+00 5.459732253246855294e+00 3.987846572094511544e+00 1.068878371410917794e+00 5.616554457836699044e+00 1.129942341535623029e+01 6.987770278149199044e+00 1.195810719221169904e+01 1.061447163312966779e+01 1.201104756086404279e+01 1.433319111555154279e+01 4.292404372387480294e+00 4.837257582836699044e+00 1.028274733715605294e+00 -4.726867478198457206e+00 2.416641432934355294e+00 3.619133193188261544e+00 5.122490126782011544e+00 1.434861775129373029e+01 6.157036025219511544e+00 5.454673964672636544e+00 6.643577773266386544e+00 1.193017597883279279e+01 5.442871291332792794e+00 -7.476501267260957206e+00 -6.472327988452363456e+00 2.774353224926542794e+00 8.399589736157011544e+00 -2.055381577319550956e+00 1.905672141843552936e-01 1.504251118391091779e+01 1.385349293439919904e+01 6.851577956371855294e+00 -7.020414283937697064e-01 -3.342391770190644706e+00 1.717601032941873029e+01 8.289482314282011544e+00 -2.299369614428925956e+00 -3.956584245626970642e-02 1.346557814770292794e+00 -3.845809738940644706e+00 3.817674705320115436e-01 -8.937052995626970642e-02 -3.452415268725800956e+00 -6.486205857104707206e+00 2.927418439919904358e-02 5.665603835278105294e+00 1.643219191723417794e+00 3.068496901684355294e+00 7.823456008129667794e+00 5.915901381664824044e+00 -2.333694260425019706e+00 -2.833328049487519706e+00 9.127731520824980294e+00 9.122360427074980294e+00 1.127472121410917794e+00 1.338143940656716779e+01 6.250587660961699044e+00 -5.021903794116425956e+00 -6.292022507495332206e+00 6.240326125317167794e+00 -8.995967667407441581e+00 3.328689772778105294e+00 2.071153709226365436e-01 2.633682448559355294e+00 4.474777419262480294e+00 1.392050190656716779e+01 -9.408649246997285331e+00 -5.226745407885957206e+00 8.107650954418730294e+00 -6.399528305835175956e+00 -5.276649277514863456e+00 -6.876731674975800956e+00 2.670456130199980294e+00 2.204109389477324044e+00 4.965507704907011544e+00 -1.069888667375509783e+01 -1.508489970476095721e+01 -3.182288925952363456e+00 9.364338605935529358e-02 -6.554664414233613456e+00 -1.395049851245332206e+00 -7.117843430346894706e+00 -1.441085617846894706e+00 1.608749587231230294e+00 6.979629714184355294e+00 7.700210768871855294e+00 4.997184951000761544e+00 -1.194961350268769706e+00 -3.962018898195509564e-01 2.213302809887480294e+00 -3.461753647632050956e+00 9.703460890942167794e+00 5.049858290844511544e+00 4.745331008129667794e+00 1.782297535627419904e+01 2.666720600812966779e+01 1.567010517805154279e+01 9.892975051098417794e+00 7.111076552563261544e+00 4.183494765453886544e+00 -1.316984108156447064e-01 5.074081618481230294e+00 6.715843015427935825e-04 2.965690810375761544e+00 1.407233448713357404e+01 9.230369765453886544e+00 5.438598830395292794e+00 4.804901320629667794e+00 6.001136977367949044e+00 1.112708302228982404e+01 1.055766316144998029e+01 5.538215834789824044e+00 1.007136555402810529e+01 1.811171742170388654e+01 1.804187031477029279e+01 7.707580763989042794e+00 3.702514846020292794e+00 1.143726368635232404e+01 1.848177357404763654e+01 1.445358296125466779e+01 1.414608021467263654e+01 6.694099623852324044e+00 6.814682204418730294e+00 1.588842793195779279e+01 8.457107741528105294e+00 8.837898451977324044e+00 1.452906056135232404e+01 5.196594435864042794e+00 4.977562148266386544e+00 1.015591450422341779e+01 1.272263355939919904e+01 1.055458088605935529e+01 9.588798720532011544e+00 6.829986769848417794e+00 7.087242324047636544e+00 1.220661946027810529e+01 1.065735060864042794e+00 1.080380268781716779e+01 8.082954604321074044e+00
-3.449317734546113456e+00 -1.448142807788300956e+00 1.463592726879667794e+00 8.254188735180449044e+00 1.391471882551248029e+01 1.224232502668435529e+01 9.682907302074980294e+00 7.662063796215605294e+00 6.260086257153105294e+00 5.012832839184355294e+00 4.884018141918730294e+00 1.083305556469511544e+00 -3.302381447023634564e-01 -2.116843979663300956e+00 -1.107123927385275408e+01 -5.968932907885957206e+00 -7.546500962085175956e+00 -8.181415360278535331e+00 -3.602073471850800956e+00 -7.900623123950410331e+00 -5.504279892749238456e+00 1.411361891918730294e+00 5.416221816235136544e+00 -5.875376970236345642e-02 1.312492568188261544e+00 1.673011977367949044e+00 1.679809767895292794e+00 2.388536521726365436e-01 8.446792800121855294e+00 1.052884693830544904e+01 6.682556349926542794e+00 7.426468093090605294e+00 4.360527236157011544e+00 -2.539817612475800956e+00 -8.962371628589082206e+00 -2.351530006593947064e-01 4.893120009594511544e+00 -1.994932106203322064e-01 4.903518874340605294e+00 2.863411147289824044e+00 2.969764907055449044e+00 6.537361342602324044e+00 3.534547874265427936e-01 4.735847670727324044e+00 3.836181838207792794e+00 -1.660484116382050956e+00 7.146226951413865436e-01 -7.072479050464082206e+00 -5.686981003589082206e+00 1.977417189770292794e+00 -1.598966530031447064e-01 2.981582839184355294e+00 2.403137404614042794e+00 7.896942336254667794e+00 1.262321669750761544e+00 -2.129371445483613456e+00 1.083421345441873029e+01 6.307129103832792794e+00 7.348884780102324044e+00 4.069343764477324044e+00 -5.432616989917207206e+00 -1.329691294938986346e+01 -2.801856797046113456e+00 3.464195449047636544e+00 7.120315749340605294e+00 3.904861647778105294e+00 7.311248976879667794e+00 -1.186758784563009783e+01 -8.840514939135957206e+00 1.269806105785917794e+00 2.426071364574980294e+00 -5.291969101733613456e+00 5.961992332273240436e-01 -1.148704890520041033e+01 -2.742751877612519706e+00 1.384506423168730294e+00 -7.070434372729707206e+00 -5.724593918628144706e+00 -3.677375595874238456e+00 8.378908225827927936e-01 4.110161025219511544e+00 -1.134048264331269706e+00 -3.914443772143769706e+00 -1.204643051928925956e+00 1.332985121899199044e+00 1.210308857648904279e+01 6.929825026684355294e+00 7.762376853757615436e-01 2.863571364574980294e+00 2.046783644848417794e+00 4.673042494946074044e+00 -3.520553391284394706e+00 -3.257194321460175956e+00 -4.266082566089082206e+00 1.005825062482888654e+01 1.158927937238748029e+01 1.606803150861794904e+01 5.442459304028105294e+00 5.525673110180449044e+00 2.946190077953886544e+00 3.790756423168730294e+00 1.675722190671677936e-01 6.615143019848417794e+00 7.066162306957792794e+00 1.650169570141386544e+00 8.653816420727324044e+00 1.838890273266386544e+00 2.594452101879667794e+00 8.736000258617949044e+00 1.226707478254373029e+01 4.542427260571074044e+00 1.078662129133279279e+01 -6.732938698000197064e-01 3.005645949535917794e+00 6.944206435375761544e+00 9.671585280590605294e+00 3.320724684887480294e+00 -1.700439255542207206e+00 7.886932570629667794e+00 1.197445698469216779e+01 1.118515034406716779e+01 1.207884236066873029e+01 2.558082778149199044e+00 1.931724745922636544e+00 1.373812123029763654e+01 1.143866749494607404e+01 4.695556838207792794e+00 4.070808608227324044e+00 8.542656142407011544e+00 3.532402236157011544e+00 1.056690998762185529e+01 2.536697585278105294e+00 3.722870070629667794e+00 9.316024977856230294e+00 4.084503371410917794e+00 8.476700026684355294e+00 7.210388381176542794e+00 5.270332534008574044e+00 5.765297133617949044e+00 1.285965163403105294e+00
1.104736525707792794e+00 2.449920851879667794e+00 2.837608534985136544e+00 6.665001113110136544e+00 4.350715834789824044e+00 4.591659743481230294e+00 9.668640334301542794e+00 9.002754409008574044e+00 8.005439955883574044e+00 2.841705519848417794e+00 -5.962844651050019706e+00 -3.054656784839082206e+00 2.609276015453886544e+00 7.660377700024199044e+00 5.559997756176542794e+00 2.347824294262480294e+00 9.184038230710740436e-01 3.347168166332792794e+00 5.727897841625761544e+00 -3.297965805835175956e+00 -1.303735331804220721e+01 -1.925628464526582206e+00 6.131729323559355294e+00 1.876266677074980294e+00 4.066719252758574044e+00 3.304535109692167794e+00 -1.232612412280488456e+00 5.074829299145292794e+00 1.210039540021951154e+01 6.540939528637480294e+00 1.201529713361794904e+01 6.382263381176542794e+00 1.204628188305449044e+00 5.910583693676542794e+00 1.382143089109177936e-01 -8.730582993335175956e+00 -5.242996018237519706e+00 -9.694667618579316581e+00 -1.416950206071798846e+01 -8.764632981128144706e+00 2.071182448559355294e+00 3.884018141918730294e+00 -4.241630356616425956e+00 6.219177443676542794e+00 5.700317580395292794e+00 -1.585639756030488456e+00 -1.368568222827363456e+00 3.019302565746855294e+00 -5.449867050952363456e+00 -1.939361374682832206e+00 -3.687576096362519706e+00 -2.277755539721894706e+00 4.898796279125761544e+00 4.350799758129667794e+00 -5.961128037280488456e+00 -3.054061692065644706e+00 -9.388324539966035331e+00 -2.311652939624238456e+00 -9.838560035890822064e-01 6.576240737133574044e+00 1.015129286938261544e+00 9.788532941873029358e-02 1.231520100324685529e+01 1.186965962141091779e+01 -7.862613480395722831e+00 8.636032302074980294e+00 5.230560500317167794e+00 -2.772519996828322064e-01 -1.175103740007345721e+01 -7.692100327319550956e+00 3.936630446606230294e+00 -5.097877304858613456e+00 2.801002700024199044e+00 -3.326476853198457206e+00 -1.350784104175019706e+00 7.294815261059355294e+00 6.286133010082792794e+00 9.728853294187302936e-01 -2.596534531421113456e+00 -2.719672959155488456e+00 6.192985732250761544e+00 -4.528899948901582206e+00 -3.421005051440644706e+00 -9.820152085132050956e+00 -1.098983567065644706e+00 5.958831984692167794e+00 3.982101638012480294e+00 1.847154685788865436e-01 3.032768447094511544e+00 -3.345626633471894706e+00 1.410972792797636544e+00 5.804611403637480294e+00 5.411529738598417794e+00 -3.532729904956269706e+00 4.040161330395292794e+00 4.322014052563261544e+00 1.002233906477029279e+01 4.778419692211699044e+00 4.641182143383574044e+00 4.574052879148240436e-01 5.579452712231230294e+00 1.018644734113748029e+01 5.846756179028105294e+00 -3.035857956714082206e+00 1.463089186840605294e+00 5.051590163403105294e+00 6.000396926098417794e+00 6.621330458813261544e+00 -4.134727280444550956e+00 6.568405348949980294e+00 -1.216453354663300956e+00 4.815269667797636544e+00 1.503143508129667794e+00 9.381950576000761544e+00 3.359047133617949044e+00 -4.021362107104707206e+00 8.062057692699980294e+00 6.820228774242949044e+00 7.868652541332792794e+00 6.582206923657011544e+00 7.028564650707792794e+00 1.270596333234841779e+01 1.220421620100076154e+01 3.825685569577927936e-01 7.691154677563261544e+00 5.246963698559355294e+00 1.113968093090605294e+00 8.205337721996855294e+00 4.202087599926542794e+00 -4.959562233156447064e-01 1.217490406721169904e+01 7.958854872875761544e+00 -1.443847458667207206e+00 6.084596702390427936e-01 5.778763014965605294e+00 8.856369216137480294e+00 5.630485732250761544e+00 -6.004241745776582206e+00 1.201782424145292794e+00 4.829879958324980294e+00
2.896606642895292794e+00 6.294441420727324044e+00 3.226173598461699044e+00 7.724968154125761544e+00 6.665222365551542794e+00 9.627098281078886544e+00 7.632499892407011544e+00 1.061689778059060529e+01 6.604217726879667794e+00 8.237793166332792794e+00 -2.386741440600800956e+00 1.439285475903105294e+00 1.432027455061013654e+01 1.106519337385232404e+01 5.309982497387480294e+00 6.074714858227324044e+00 9.095878798657011544e+00 2.239586074047636544e+00 2.309295851879667794e+00 3.045013625317167794e+00 -2.004249375171113456e+00 4.664222914867949044e+00 1.172550221174294904e+01 1.396070881574685529e+01 7.188240248852324044e+00 -2.291045944995332206e+00 3.148010451489042794e+00 1.148165913312966779e+01 1.205625935285623029e+01 8.308189589672636544e+00 5.299156386547636544e+00 6.820495803051542794e+00 4.265625197582792794e+00 5.315933425121855294e+00 5.891649314695115436e-01 -1.954801490968947064e-01 4.350563246899199044e+00 -8.227474015063691581e+00 -1.063071803361837908e+01 3.257850844555449044e+00 6.883552748852324044e+00 6.169342238598417794e+00 -1.203841965503144706e+00 5.435180861645292794e+00 4.211662490063261544e+00 -6.813276222414259564e-01 -2.642539780444550956e+00 2.300705153637480294e+00 -3.048339646167207206e+00 1.228622634106230294e+00 -1.728637497729707206e+00 -3.722266953296113456e+00 7.648546287351365436e-01 1.913124282055449044e+00 -3.245033066577363456e+00 -9.775794785327363456e+00 -5.692336838550019706e+00 -7.797309677905488456e+00 -2.184751442140822064e-01 -1.268768112964082206e+00 -4.244651596850800956e+00 -2.437209885425019706e+00 2.037994582348417794e+00 1.427330214672636544e+00 -5.205261032885957206e+00 -5.566909592456269706e+00 -2.000991623706269706e+00 3.929802138500761544e+00 3.237411696606230294e+00 2.828201491528105294e+00 3.901260573559355294e+00 -4.458030503100800956e+00 -1.310411814958517596e+01 -1.179873255998556658e+01 3.571624953442167794e+00 -9.967735092944550956e+00 1.158451100080544904e+01 4.138984877758574044e+00 8.641021926098417794e+00 2.035965163403105294e+00 7.269165236645292794e+00 4.299530226879667794e+00 5.594688613110136544e+00 -4.500701706714082206e+00 3.103141982250761544e+00 4.415939528637480294e+00 1.337310988598417794e+00 2.948204238110136544e+00 5.690010268383574044e+00 1.814003188305449044e+00 1.043396193676542794e+00 5.456802565746855294e+00 1.229666920393044904e+01 8.313842971020292794e+00 5.603912551098417794e+00 2.153099257641386544e+00 9.666420180492949044e+00 7.736190993481230294e+00 5.528427321606230294e+00 -1.107633522218947064e-01 1.716201979809355294e+00 4.110099990063261544e+00 2.110435683422636544e+00 9.346367079907011544e+00 5.702446181469511544e+00 7.724724013500761544e+00 1.288279743879373029e+01 9.200737197094511544e+00 5.316421706371855294e+00 3.367401320629667794e+00 4.977037498288865436e-01 3.670379836254667794e+00 2.435249526196074044e+00 1.107115956037576154e+01 -3.372169297046113456e+00 8.857208449535917794e+00 1.220813770978982404e+01 1.185089894025857404e+01 9.132919509106230294e+00 4.795839378171677936e-01 6.582618910961699044e+00 4.804802138500761544e+00 1.294998188703591779e+01 7.799530226879667794e+00 7.672035414867949044e+00 4.099594313793730294e+00 4.485519606762480294e+00 7.787422377758574044e+00 6.491844374828886544e+00 8.305284568601365436e-01 8.372108657055449044e+00 7.627784926586699044e+00 -3.917463234133009564e-01 -1.106345932788300956e+00 3.318809706860136544e+00 5.316620070629667794e+00 6.195465285473417794e+00 9.332353660398240436e-01 -3.867872169679884564e-01 -2.110198777026582206e+00
4.821449477367949044e+00 5.481620986157011544e+00 1.080169875317167794e+00 1.265068073957498029e+01 9.771789748364042794e+00 7.446602065258574044e+00 1.114134236066873029e+01 4.874244887524199044e+00 -1.686729233569550956e+00 6.636688430004667794e+00 -8.198077957934785331e+00 -5.722610276050019706e+00 7.902397353344511544e+00 4.907180983715605294e+00 -2.887115280932832206e+00 -6.993125717944550956e+00 5.913170058422636544e+00 1.424933644025857404e+01 5.493149001293730294e+00 9.396110732250761544e+00 9.738121230297636544e+00 6.298874098949980294e+00 6.094627577953886544e+00 6.683960158520292794e+00 5.536567885571074044e+00 -1.304870407885957206e+00 4.246681410961699044e+00 1.352391072004373029e+01 5.465233046703886544e+00 -2.831283371753144706e+00 1.572921950512480294e+00 -5.600448410815644706e+00 4.121521193676542794e+00 6.871048171215605294e+00 7.577469069653105294e+00 -1.206626872331564471e+01 -8.089309494800019706e+00 -3.640243332690644706e+00 6.157577712231230294e+00 1.546371657543730294e+00 1.204595967023904279e+01 1.144078083723123029e+01 3.369079787426542794e+00 1.051485130124802936e-01 -1.782394211596894706e+00 4.390823561840605294e+00 -3.609618943042207206e+00 -5.571143906421113456e+00 -2.072395127124238456e+00 6.567001540356230294e+00 4.470550734692167794e+00 7.937624046140427936e-01 -3.616836350268769706e+00 -6.526542465991425956e+00 5.289156028562302936e-01 -5.304588120288300956e+00 -7.968433182544160331e+00 -2.593742173022675956e+00 4.312332350903105294e+00 3.112877089672636544e+00 1.210907180004667794e+00 -8.792705338305879081e+00 -7.262092392749238456e+00 5.273880202465605294e+00 6.812477309399199044e+00 -2.279372971362519706e+00 4.704162795239042794e+00 -9.522586624926972831e+00 -1.214414195329611346e+01 -1.185363571948457206e+00 4.265243727856230294e+00 2.748855788403105294e+00 -3.036117356128144706e+00 -6.892013352221894706e+00 3.772911269360136544e+00 -1.253131465227072283e+01 9.111679274731230294e+00 3.772308547192167794e+00 -2.924552719897675956e+00 -4.858093064135957206e+00 4.304794509106230294e+00 9.543001243406052936e-01 5.865402419262480294e+00 4.141044814282011544e+00 4.219513137035917794e+00 -3.644483497804884564e-01 -6.794719011251970642e-02 2.779869277172636544e+00 4.617920119457792794e+00 2.795257765942167794e+00 1.355186659985136544e+00 1.768898207836699044e+00 3.262985427074980294e+00 6.657631117992949044e+00 7.514229018383574044e+00 4.495262343578886544e+00 1.717155654125761544e+00 9.783920485668730294e+00 8.449135024242949044e+00 8.489915916257615436e-01 1.399849135571074044e+00 -8.742063453859572064e-01 7.615135390453886544e+00 6.371551711254667794e+00 -7.511747291750197064e-01 -5.414726059741425956e+00 -2.247599870626970642e-02 7.887077529125761544e+00 7.069618422680449044e+00 1.120903797834451154e+01 1.296420307844216779e+01 1.418160267561013654e+01 3.086471755199980294e+00 5.022011000805449044e+00 4.930114943676542794e+00 7.491256911449980294e+00 3.813423354321074044e+00 1.014182301252419904e+01 -1.406585495776582206e+00 -2.703750412768769706e+00 1.989120680981230294e+00 1.185971089094216779e+01 7.287048537426542794e+00 1.952148635082792794e+00 6.325569350414824044e+00 7.664505202465605294e+00 5.610676496560529358e-02 8.138138014965605294e+00 7.916626174145292794e+00 9.844970900707792794e+00 8.226776320629667794e+00 3.040947158032011544e+00 6.944724851365435825e-04 6.380768019848417794e+00 -2.933532517260957206e+00 -4.448585312671113456e+00 4.264930922680449044e+00 1.897140700512480294e+00 3.452346999340605294e+00 -1.824409287280488456e+00
-4.762656967944550956e+00 -1.726806443042207206e+00 -1.789329331225800956e+00 1.014958973615701154e+01 7.824920851879667794e+00 2.808304030590605294e+00 3.759506423168730294e+00 4.462280471020292794e+00 5.349351951413865436e-01 3.601440627270292794e+00 -5.739272873706269706e+00 -4.923637192553925956e+00 -2.519447129077363456e+00 2.834137160473417794e+00 4.385055739574980294e+00 1.726951796703886544e+00 1.579834181957792794e+00 4.189827162914824044e+00 6.138839919262480294e+00 1.234128590314919904e+01 1.216593189924294904e+01 4.530220229321074044e+00 -6.690055649585175956e+00 -3.795295517749238456e+00 7.162553855710740436e-01 -2.614066880053925956e+00 -1.654418747729707206e+00 -1.005514506608908221e+01 -1.932403366870332206e+00 1.137889881818826154e+01 1.232573719709451154e+01 1.201864643781716779e+01 9.264938552074980294e+00 -1.404388230151582206e+00 -5.633765976733613456e+00 -7.037551682300019706e+00 -1.285685710222189471e+01 -5.088813584155488456e+00 5.250122267895292794e+00 -3.038017075366425956e+00 9.838821608715605294e+00 2.589363295727324044e+00 -1.670432846850800956e+00 -1.354818324357931658e+01 -7.839202683276582206e+00 2.246170241528105294e+00 5.013473708324980294e+00 5.675117690258574044e+00 -2.690673630542207206e+00 8.525850364499802936e-01 -1.557433884448457206e+00 4.968414504223417794e+00 -2.757728379077363456e+00 -1.822295944995332206e+00 -2.028335373706269706e+00 -1.043395798510957206e+00 -1.246200363940644706e+00 6.539459426098417794e+00 6.234100539379667794e+00 3.434044081860136544e+00 1.415024001293730294e+00 7.433235366039824044e+00 -1.181371287614767596e+01 -8.030074875659394706e+00 2.304260451489042794e+00 -1.332053940600800956e+00 -1.118636887378144706e+00 -3.649719040698457206e+00 -5.395286362475800956e+00 9.974960524731230294e+00 1.028294392316873029e+01 -6.390350144214082206e+00 -8.524547379321504081e+00 1.735771376782011544e+00 7.158477980785917794e+00 4.022529799633574044e+00 1.077909870832498029e+01 4.069503981762480294e+00 4.113998610668730294e+00 -6.755218308276582206e+00 -2.207410743898634564e-01 -5.305555275148634564e-01 5.182649680906052936e-01 -2.697555344409394706e+00 3.764595229321074044e+00 1.793007094555449044e+00 6.207353660398240436e-01 3.054306227856230294e+00 8.926040846996855294e+00 1.193252761059355294e+00 -5.278869431323457206e+00 2.748985488110136544e+00 -6.398753435080095642e-02 3.871086318188261544e+00 3.697632033520292794e+00 4.001007277660917794e+00 1.464355666332792794e+00 4.556114394360136544e+00 5.289232322507615436e-01 6.569292136960740436e-01 2.052766868406052936e-01 -1.896964829272675956e+00 4.662643630199980294e+00 1.344391066723417794e+00 4.792648513012480294e+00 1.320274550610136544e+00 3.114723403149199044e+00 4.605835158520292794e+00 -1.176356105119650408e+01 -3.982513230151582206e+00 -7.336669724292207206e+00 9.441154677563261544e+00 6.464882094555449044e+00 1.083290119855935529e+01 8.342956740551542794e+00 9.216768333249802936e-01 -1.061557750017111346e+01 1.789560719221169904e+01 5.163194724851365436e-01 5.248947341137480294e+00 7.988334853344511544e+00 1.487869460278105294e+00 -9.192121437258009564e-01 -4.470060280031447064e-01 4.772209365063261544e+00 9.638229567699980294e+00 3.356476027660917794e+00 1.179602070539529279e+01 7.524772841625761544e+00 1.068459339826638654e+01 5.691818434887480294e+00 6.955345351391386544e+00 3.530677992992949044e+00 2.979812819653105294e+00 5.277252394848417794e+00 -5.633445542163300956e+00 -1.062391212648634564e-01 6.249916274242949044e+00 5.270759780102324044e+00 5.294174391918730294e+00
-4.539535324878144706e+00 3.728843886547636544e+00 2.089012343578886544e+00 9.001480300121855294e+00 8.316024977856230294e+00 7.206352431469511544e+00 -3.282447617358613456e+00 -3.482642929858613456e+00 -3.628310959643769706e+00 3.686906883054490436e-01 -6.504056862062697064e-01 -3.045120041675019706e+00 6.450103957348417794e+00 1.021372242658669904e+01 4.191635329418730294e+00 6.564285475903105294e+00 1.151445790021951154e+01 1.057588215559060529e+01 1.288802357404763654e+01 1.358850880353982404e+01 5.886596877270292794e+00 -3.120223801440644706e+00 -2.574538986987519706e+00 6.761459548168730294e+00 5.235885817699980294e+00 3.165641982250761544e+00 -1.226539414233613456e+00 -5.162275245851759564e-01 -1.594802658862519706e+00 -3.383453171557832206e+00 -1.167648117846894706e+00 -1.076140193254416033e+01 1.960525710278105294e+00 -9.552425186938691581e+00 -1.092615870744650408e+01 -1.025728205949728533e+01 -2.954604904956269706e+00 2.543396193676542794e+00 -1.600715439624238456e+00 2.418625075512480294e+00 6.280479628735136544e+00 4.853866774731230294e+00 -5.913846901125197064e-01 -5.394454758471894706e+00 -6.889472763842988456e+00 -1.104766648120332206e+00 -5.630149643725800956e+00 4.376571852856230294e+00 3.019882399731230294e+00 -1.913055222339082206e+00 -5.511169236010957206e+00 -8.875762741870332206e+00 -1.022832087785666033e+01 -4.620590012378144706e+00 6.511461326413865436e-01 -6.693778794116425956e+00 -3.339629929370332206e+00 1.182257099836404279e+01 9.637588698559355294e+00 3.259750563793730294e+00 3.872245986157011544e+00 -5.364089768237519706e+00 -1.043346766740744158e+01 2.994980055981230294e+00 1.535850722485136544e+00 -7.579108994311738456e+00 -2.792465012378144706e+00 2.053161818676542794e+00 1.017603321760232404e+01 3.684097487621855294e+00 4.959335524731230294e+00 1.131205769269998029e+01 4.580826003246855294e+00 -1.983238022632050956e+00 9.204818923168730294e+00 3.571716506176542794e+00 7.510330397778105294e+00 7.410232741528105294e+00 6.894973952465605294e+00 4.928268630199980294e+00 4.616890151196074044e+00 -6.307142189211134564e-01 -7.680938523120332206e+00 4.478456565671677936e-01 -1.635696213550019706e+00 3.317695815258574044e+00 1.539749343090605294e+00 3.043640334301542794e+00 6.434295851879667794e+00 -1.444572251147675956e+00 -5.093757431811738456e+00 -1.081786911792207206e+00 3.838951308422636544e+00 7.867509910398240436e-01 2.773430068188261544e+00 -5.187286179370332206e+00 -2.367933204836134564e-01 4.582969863110136544e+00 -4.996475022143769706e+00 1.260444838696074044e+00 -3.571082871264863456e+00 4.795036513500761544e+00 2.871460158520292794e+00 -1.581847946948457206e+00 -2.181396286792207206e+00 7.574325759106230294e+00 6.763000685864042794e+00 7.508461196117949044e+00 -6.460645607179884564e-01 3.520126540356230294e+00 7.073066909008574044e+00 7.969505507641386544e+00 1.645930500715310529e+01 2.184491749494607404e+01 1.197793598859841779e+01 4.759857375317167794e+00 -3.697660377687697064e-01 -5.253829758471894706e+00 -3.267959397143769706e+00 8.234291274242949044e+00 4.312683303051542794e+00 3.910927016430449044e+00 -1.435546677417207206e+00 -2.373306076831269706e+00 2.349159438305449044e+00 5.622421462231230294e+00 2.857689101391386544e+00 9.428619582348417794e+00 5.338737685375761544e+00 1.004432875805449044e+00 -1.743087570971894706e+00 8.129722792797636544e+00 9.882850844555449044e+00 9.309999534421677936e-01 5.306579787426542794e+00 1.687395164304490436e-01 -1.174003403491425956e+00 2.505645949535917794e+00 7.066803176098417794e+00 6.981964308910917794e+00
1.715818043439919904e+01 6.158821303539824044e+00 5.491165358715605294e+00 2.338386733227324044e+00 4.888244826489042794e+00 6.147018630199980294e+00 -1.485900681323457206e+00 -4.294921677417207206e+00 -2.788146775073457206e+00 5.237671096020292794e+00 4.517303664379667794e+00 3.379638869457792794e+00 -3.775230210132050956e+00 3.170501906567167794e+00 1.058477040021951154e+01 1.338029499738748029e+01 1.164585896223123029e+01 4.682586867504667794e+00 1.523310871809060529e+01 1.593160267561013654e+01 9.371391493969511544e+00 1.179069716625761544e+00 4.211281020336699044e+00 1.012075062482888654e+01 1.162759419172341779e+01 5.386512953930449044e+00 -2.440490525073457206e+00 1.390349598615701154e+01 1.084905262678201154e+01 1.990432936840605294e+00 -6.826856544679884564e-01 5.350761611157011544e+00 6.445175368481230294e+00 3.099258620434355294e+00 1.410659987621855294e+00 5.184265334301542794e+00 5.664154250317167794e+00 8.450180251293730294e+00 1.282308979719216779e+01 7.027038771801542794e+00 -1.944846909350800956e+00 -5.047241013354707206e+00 -2.573936264819550956e+00 -1.200927536792207206e+00 -6.347636491720720642e-02 6.676124770336699044e+00 9.906541892820115436e-01 5.777046401196074044e+00 1.608711440258574044e+00 -8.709312241382050956e+00 7.842834670239042794e+00 3.284805495434355294e+00 -1.121604721850800956e+00 7.635925490551542794e+00 6.068062026196074044e+00 -1.186139991945509564e-01 1.264808852367949044e+00 1.405610676496560529e+01 7.735618788891386544e+00 -1.766860764331269706e+00 -1.099086741716330096e+01 -1.237622813493673846e+01 1.969658095532011544e+00 9.129488059812302936e-01 -4.802558701342988456e+00 -8.961955826587129081e+00 -1.251019648820822283e+01 -3.559615891284394706e+00 4.063720900707792794e+00 3.151031691723417794e+00 3.019745070629667794e+00 -5.043556015796113456e+00 3.761322219067167794e+00 4.786422927074980294e+00 1.430196400373513654e+01 1.081546040266091779e+01 1.073970051496560529e+01 8.485779006176542794e+00 6.949096877270292794e+00 4.835884291821074044e+00 1.789352614574980294e+00 5.599380690746855294e+00 5.231003005199980294e+00 -2.593108933276582206e+00 -3.854064743823457206e+00 -5.926650803393769706e+00 1.569000441723417794e+00 1.613983351879667794e+00 9.433433730297636544e+00 -1.602157395190644706e+00 -6.764541428393769706e+00 -5.389159958667207206e+00 -3.777129929370332206e+00 1.541335278105293582e-03 3.846336562328886544e+00 -2.047218125171113456e+00 -4.948158066577363456e+00 7.691086013012480294e+00 -6.056211403078322064e-01 -5.141418259448457206e+00 -6.557235520190644706e+00 -3.169357102221894706e+00 1.411033827953886544e+00 -1.154882029802267596e+01 -4.986112526125197064e-01 -5.201827805346894706e+00 6.395134169750761544e+00 -1.633575241870332206e+00 3.406654555492949044e+00 6.415298659496855294e+00 7.507521801542793582e-03 5.951637465649199044e+00 8.110626418285917794e+00 1.088627644269998029e+01 6.890129286938261544e+00 8.702133376293730294e+00 -1.451110642260957206e+00 3.009124953442167794e+00 8.826866347485136544e+00 8.025367934399199044e+00 9.965248305492949044e+00 -5.454528611010957206e+00 1.108963210278105294e+00 1.046551533430154279e+01 -1.664474289721894706e+00 4.562370497875761544e+00 3.732429701977324044e+00 2.469467360668730294e+00 -1.560897629565644706e+00 1.950432021313261544e+00 3.089233596020292794e+00 3.512367446117949044e+00 -1.927642624682832206e+00 1.044923850827927936e-01 -2.609649460620332206e+00 3.311378676586699044e+00 5.696144301586699044e+00 4.758331496410917794e+00 5.797317702465605294e+00 1.771454055004667794e+00
1.280079361159496784e+03 8.074241835766386544e+00 2.218826491528105294e+00 -2.597686569995332206e+00 -1.656415870851759564e-01 3.872429091625761544e+00 -2.321393898195509564e-01 9.044853408032011544e+00 3.185503074460740436e-01 8.042488295727324044e+00 2.359848220043730294e+00 3.831421096020292794e+00 6.836822707348417794e+00 9.763481337719511544e+00 4.663673598461699044e+00 2.980751235180449044e+00 4.449249465160917794e+00 6.257707664304490436e-01 -3.718581955737519706e+00 2.971498557859177936e-01 1.078668995588357404e+01 8.246246535473417794e+00 8.901598045163865436e-01 8.342460829907011544e+00 1.269258900373513654e+01 -1.235435288257050956e+00 -9.862211158937697064e-01 2.237106520824980294e+00 -7.847884934253144706e+00 -2.423209946460175956e+00 -6.236533921069550956e+00 -5.188392441577363456e+00 1.270970936506326154e+01 1.308984394758279279e+01 9.882814475827927936e-01 4.920517165356230294e+00 5.969330031567167794e+00 2.992874343090605294e+00 4.575889784985136544e+00 4.465301711254667794e+00 -4.354469101733613456e+00 -4.693374436206269706e+00 -2.982070725268769706e+00 -1.948097031421113456e+00 7.214149672680449044e+00 4.496811110668730294e+00 5.924980361157011544e+00 -6.537015846437697064e-01 5.110771376782011544e+00 -8.066104691333222831e+00 -3.008649757570509564e-01 3.806579787426542794e+00 -3.391235153979707206e+00 -2.658096115893769706e+00 2.868469435864042794e+00 1.363922316723417794e+00 4.371597487621855294e+00 6.060814101391386544e+00 1.062042433910917794e+00 1.504715163403105294e+00 -3.317764084643769706e+00 -8.273174088305879081e+00 -5.586646836108613456e+00 -8.939677994555879081e+00 1.893158156567167794e+00 4.671920973949980294e+00 8.406875807934355294e+00 1.131054707258279279e+01 -6.905189316577363456e+00 -1.067085068530488456e+00 8.451233107739042794e+00 2.238800246410917794e+00 -2.177055161303925956e+00 -4.420745652026582206e+00 -7.461005966967988456e+00 2.691818434887480294e+00 7.062378127270292794e+00 -7.469825547046113456e+00 -5.315841477221894706e+00 -3.534034531421113456e+00 -3.278654030031447064e-01 1.308860976391386544e+00 4.858894545727324044e+00 3.761810500317167794e+00 -4.056318214601759564e-01 -3.244476120776582206e+00 -3.639600685304884564e-01 2.840500075512480294e+00 8.472992140942167794e+00 -7.248075416750197064e-01 3.013633925610136544e+00 3.514793593578886544e+00 1.179283339672636544e+00 -3.129508774585175956e+00 -3.277046006030488456e+00 -1.313705246753144706e+00 -2.022468369311738456e+00 5.382652480297636544e+00 6.936065871410917794e+00 2.126960951977324044e+00 5.972526747875761544e+00 1.636192519360136544e+00 -8.185859482592988456e+00 -6.606901100343947064e-01 -7.126849930591035331e+00 -1.726043503589082206e+00 -3.281705787843947064e-01 -7.811277321047072064e-01 2.770363051586699044e+00 -4.824752610034394706e+00 -4.297271530932832206e+00 8.345604140453886544e+00 9.330146987133574044e+00 8.251800734692167794e+00 5.838836867504667794e+00 9.926178176098417794e+00 2.821182448559355294e+00 6.184135634594511544e+00 8.120987136059355294e+00 1.029185505598123029e+01 7.777794081860136544e+00 6.010009963207792794e+00 2.940231520824980294e+00 6.419975478344511544e+00 -2.272788803882050956e+00 3.460663039379667794e+00 6.544227797680449044e+00 6.222374159985136544e+00 -6.810605934328322064e-01 -1.982467453784394706e+00 3.638389784985136544e+00 3.697143752270292794e+00 1.267433364086699044e+00 4.819153029614042794e+00 1.000396926098417794e+00 1.310531813793730294e+00 -7.842405250734572064e-01 4.001495558910917794e+00 3.455965110593552936e-01 -7.334430496997285331e+00
1.864744766432934284e+03 4.954399306469511544e+00 1.651931960278105294e+00 5.319826194577927936e-01 1.618019301586699044e+00 7.309936721020292794e+00 2.550995070629667794e+00 4.750686843090605294e+00 5.051727492504667794e+00 1.314705092602324044e+00 -4.210716049975800956e+00 -1.701377671069550956e+00 9.519188124828886544e+00 8.638061721020292794e+00 1.108738728254373029e+01 1.035218830793435529e+01 7.217638084226365436e-01 1.983055312328886544e+00 -4.410169532961134564e-01 -6.655372422046113456e+00 1.533981520824980294e+00 7.959884841137480294e+00 7.117981154614042794e+00 5.342872817211699044e+00 1.070339222639138654e+01 1.519330616682107404e+01 7.925255019360136544e+00 5.418113906078886544e+00 1.788185317211699044e+00 1.033058949201638654e+01 4.836998183422636544e+00 5.004257399731230294e+00 7.354797560864042794e+00 5.393526145749802936e-01 -7.722644608325410331e+00 -3.579559128589082206e+00 3.645492751293730294e+00 6.284561354809355294e+00 -2.746810715503144706e+00 4.854568679028105294e+00 5.080551345043730294e+00 -4.325483253664259564e-01 3.774986464672636544e+00 5.138717848949980294e+00 1.865455825024199044e+00 -8.011707108325410331e+00 -5.746305397218947064e-01 9.227296897702927936e-01 7.980591017895292794e+00 6.683517653637480294e+00 -7.477897446460175956e+00 -7.578338425464082206e+00 -2.218261521167207206e+00 5.082321364574980294e+00 1.214470107250761544e+00 -2.047981064624238456e+00 3.055771071606230294e+00 5.245010573559355294e+00 6.746704299145292794e+00 3.622514793210740436e-01 1.040657241039824044e+00 1.358368117504667794e+00 7.313820082836699044e+00 9.692367751293730294e+00 5.872902114086699044e+00 -8.176038673586134564e-01 -3.652999680346894706e+00 -1.922424118823457206e+00 -2.045013230151582206e+00 3.052986342602324044e+00 -1.358497422046113456e+00 1.609710890942167794e+00 4.434219557934355294e+00 -1.835723679370332206e+00 -5.648267677492384564e-01 6.262047011547636544e+00 8.626342971020292794e+00 -1.096648387224142596e+01 -1.644091014177267596e+01 -2.443893235034394706e+00 1.546398945539529279e+01 3.393486220532011544e+00 7.562416274242949044e+00 7.896629531078886544e+00 5.834709365063261544e+00 8.531572410398240436e-01 1.159782607250761544e+00 -6.338481218283220642e-02 6.123687941723417794e+00 5.082290846996855294e+00 5.790298659496855294e+00 4.986686904125761544e+00 2.719787795239042794e+00 -2.965888779467988456e+00 2.234390456371855294e+00 1.958717543774199044e+00 2.498436171703886544e+00 5.029838759594511544e+00 7.342254836254667794e+00 4.026992995434355294e+00 -1.699828903979707206e+00 -2.253600876635957206e+00 -1.118987839526582206e+00 2.038612563305449044e+00 5.321609694653105294e+00 3.585807997875761544e+00 -1.307981422609572064e-01 2.910537917309355294e+00 6.966232497387480294e+00 5.743873793774199044e+00 4.018938133054490436e-01 -3.634025376147675956e+00 2.324997145824980294e+00 5.797218520336699044e+00 -5.537109177417207206e+00 -3.733680527514863456e+00 -1.828185837573457206e+00 9.501846511059355294e+00 8.194969374828886544e+00 1.054767628400857404e+01 1.194534499340605294e+00 -2.240035813159394706e+00 5.679283339672636544e+00 7.989662367992949044e+00 8.661247451000761544e+00 4.475570876293730294e+00 2.205681044750761544e+00 5.488998610668730294e+00 9.639602858715605294e+00 6.773658950024199044e+00 -3.062331955737519706e+00 6.402366835766386544e+00 2.619835097485136544e+00 -1.553466599292207206e+00 6.031746108227324044e+00 1.540802199535917794e+00 1.530533034496855294e+00 3.292244155102324044e+00 3.421785423093552936e-01 5.015663344555449044e+00
2.006761189191873029e+01 -3.363693039721894706e+00 3.023231703930449044e+00 5.421135146313261544e+00 7.325950820141386544e+00 1.122403736799294904e+01 6.792488295727324044e+00 -1.006393235034394706e+00 1.323280532055449044e+00 -9.579467575854707206e+00 -6.308997910327363456e+00 6.595985610180449044e+00 5.317680556469511544e+00 1.227546711652810529e+01 9.771629531078886544e+00 1.137093373029763654e+01 3.498245436840605294e+00 -1.305602829760957206e+00 -1.057639878100800956e+00 7.102134902172636544e+00 1.120937367170388654e+01 1.638256092756326154e+01 -1.777007859057832206e+00 -7.716672828859572064e-01 1.345031935864042794e+00 2.591545302563261544e+00 -3.873359482592988456e+00 -8.190915992922072064e-01 1.115448017805154279e+01 1.388994618146951154e+01 1.280310078352029279e+01 7.752037245922636544e+00 6.427232810788865436e-01 3.476684767895292794e+00 1.478393752270292794e+00 6.343719680004667794e+00 -3.227241318530488456e+00 4.319748122387480294e+00 -3.205329697436738456e+00 3.924514968090605294e+00 2.877853591137480294e+00 3.314895827465605294e+00 4.487640578442167794e+00 7.466766555004667794e+00 2.543060500317167794e+00 -7.883449356860566581e+00 -7.825774948901582206e+00 -1.399866847307150408e+01 -1.023477153093283221e+01 6.468220441873029358e-02 2.032928664379667794e+00 -1.195100001604025408e+01 -1.557725886613791033e+01 7.637407371335740436e-01 -7.000425270265822064e-01 -9.338928025073457206e+00 -4.371742050952363456e+00 6.701204368406052936e-01 8.226059157543730294e+00 -1.960777085132050956e+00 2.169891555004667794e+00 5.225540358715605294e+00 -5.084937851733613456e+00 4.676811415844511544e+00 2.754791457348417794e+00 3.345176894360136544e+00 -2.696494858569550956e+00 -3.833228867358613456e+00 -3.922408860034394706e+00 -4.971504013842988456e+00 -1.316131394214082206e+00 -8.246814530200410331e+00 -9.322101395434785331e+00 -4.658614914721894706e+00 -2.663970749682832206e+00 -1.871635239428925956e+00 -8.164218705005097831e+00 -1.003618602067892596e+01 -1.897630290300314471e+01 9.533693382077927936e-01 -1.074074534685080096e+01 8.782503196531052936e-01 5.862144667797636544e+00 5.504318434887480294e+00 4.206184584789824044e+00 5.152504164867949044e+00 2.805969435864042794e+00 1.102272231274199044e+00 9.403307029538865436e-01 1.333191115551542794e+00 5.993959495359177936e-01 4.354446608715605294e+00 6.970710951977324044e+00 7.380310256176542794e+00 -2.869521897143769706e+00 1.355980117016386544e+00 5.307838637524199044e+00 5.918312270336699044e+00 1.423614699535917794e+00 1.056977101057107404e+01 6.800323683910917794e+00 -7.304672043628144706e+00 5.221412856274199044e+00 5.353775221996855294e+00 2.470977980785917794e+00 1.362495619946074044e+00 -3.713897507495332206e+00 -4.504239967531447064e-01 4.277374465160917794e+00 7.451858718090605294e+00 -5.273155014819550956e+00 3.701240737133574044e+00 2.403297621899199044e+00 3.823417861157011544e+00 3.573364455395292794e+00 3.874989240701154358e-02 1.648239333324980294e+00 1.204138203352029279e+01 -5.296096604175019706e+00 4.597450453930449044e+00 -5.541608741945509564e-01 -1.969375412768769706e+00 5.854210097485136544e+00 6.815834242992949044e+00 1.215431410961699044e+00 3.179374892407011544e+00 1.309074599438261544e+00 6.904754836254667794e+00 6.699485976391386544e+00 9.183632094555449044e+00 4.841003615551542794e+00 4.821068007641386544e+00 1.661361891918730294e+00 7.776848036938261544e+00 6.902481276684355294e+00 9.315284926586699044e+00 7.921447951489042794e+00 3.106575209789824044e+00 -5.267707627124238456e+00 -3.715759079760957206e+00
1.157859999828886544e+00 1.739875991039824044e+00 3.539741713696074044e+00 3.105018813305449044e+00 8.316139418774199044e+00 8.461380202465605294e+00 4.148620803051542794e+00 5.045570571117949044e+00 2.964615065746855294e+00 -3.710019996828322064e-01 1.375549513989042794e+00 4.124145705395292794e+00 -2.598724167651582206e+00 2.404701430492949044e+00 1.587150771313261544e+00 1.011476155012185529e+01 7.773124892407011544e+00 1.329116841047341779e+01 9.850771018796677936e-01 3.277832228832792794e+00 -3.139716904467988456e+00 -4.877273361987519706e+00 -4.765785019702363456e+00 -6.885908058351759564e-01 -4.137153427905488456e+00 -3.822334091967988456e+00 1.878512593000466779e+01 1.202802296369607404e+01 1.820833274656052936e-01 -8.524768631762910331e+00 3.732925612621855294e+00 2.162353713207792794e+00 4.520424086742949044e+00 -2.807624619311738456e+00 3.687927443676542794e+00 8.500847060375761544e+00 2.831237990551542794e+00 4.387971946531052936e-01 -7.507861893481660331e+00 -9.351499489015822064e-01 -1.074979713625197064e-01 -9.623411110109572064e-01 5.429115492992949044e+00 -3.732787888354707206e+00 8.119140822582792794e+00 3.128967482739042794e+00 -8.844547074145722831e+00 -1.331387309343283221e+01 -8.345229904956269706e+00 1.947418410473417794e+00 2.947052199535917794e+00 -1.245689194507050956e+00 -1.017414836198751971e+01 -6.955564430422072064e-01 -8.325651100343947064e-01 -7.100044052905488456e+00 3.217317649656052936e-01 2.296524245434355294e+00 5.209930617504667794e+00 3.473831374340605294e+00 1.016542503171677936e-01 4.059410292797636544e+00 -4.908597877687697064e-01 -3.055770676440644706e+00 -6.140937607592988456e+00 -8.023925583667207206e+00 5.186616966062302936e-01 5.513595778637480294e+00 1.744034011059355294e+00 1.321632582836699044e+00 5.257705886059355294e+00 -6.536948960132050956e+00 -8.092933457202363456e+00 1.030039997785623029e+01 -8.697986405200410331e+00 -1.037788752824728533e+01 7.242599684887480294e+00 -3.864654343432832206e+00 -2.264220993823457206e+00 -4.469772141284394706e+00 -1.944396775073457206e+00 -5.761259010500197064e-01 3.779716689282011544e+00 6.162376601391386544e+00 -1.345824997729707206e+00 5.409126479321074044e+00 2.328560073071074044e+00 5.755836684399199044e+00 2.926742751293730294e+00 -3.568832199878144706e+00 2.734688002758574044e+00 8.430183608227324044e+00 1.303228779523904279e+01 1.024413319318826154e+01 -4.225982468432832206e+00 -3.651046555346894706e+00 8.273956496410917794e+00 -4.336028855151582206e+00 -1.346214096850800956e+00 1.254291554182107404e+01 9.374580580883574044e+00 1.685936171703886544e+00 1.041459675519998029e+01 4.895218093090605294e+00 8.410799094968552936e-01 2.788368422680449044e+00 1.150650221996855294e+00 5.693054396801542794e+00 4.410209853344511544e+00 5.637016493969511544e+00 3.274681288891386544e+00 1.149181385725076154e+01 -2.227018287843947064e-01 2.483894545727324044e+00 -4.315910141772675956e+00 -4.792602341479707206e+00 8.959657737546677936e-01 1.029964466779763654e+01 1.203911610334451154e+01 8.503914076977324044e+00 4.205986220532011544e+00 -2.711715500659394706e+00 -1.882629196948457206e+00 6.222343642407011544e+00 -8.414783280200410331e+00 2.171020705395292794e+00 -3.875778000659394706e+00 5.700088698559355294e+00 7.505294997387480294e+00 2.280143935375761544e+00 -1.930488388842988456e+00 3.591491896801542794e+00 1.358535964184355294e+00 1.323196608715605294e+00 -6.694900315112519706e+00 2.760597426586699044e+00 3.035003859692167794e+00 1.409057814770292794e+00 -5.745879929370332206e+00 6.709434706860136544e+00
6.106155593090605294e+00 1.196990223615701154e+01 6.909134108715605294e+00 -1.969810288257050956e+00 9.815597731762480294e+00 2.952595441873029358e-02 4.093322951489042794e+00 1.056942768781716779e+01 1.602882582836699044e+00 6.381225783520292794e+00 8.999214369946074044e+00 2.919914443188261544e+00 2.050102431469511544e+00 6.653427321606230294e+00 -1.826865952319550956e+00 3.775047499828886544e+00 2.539543349438261544e+00 1.077127094953591779e+01 2.299743849926542794e+00 8.261108596020292794e+00 9.952202040844511544e+00 1.058471699445779279e+01 2.123649794750761544e+00 6.192695815258574044e+00 1.500580031567167794e+00 9.728706557446074044e+00 8.582870680981230294e+00 1.031251545637185529e+01 1.828869648664529279e+01 5.965408522778105294e+00 -7.686843674487519706e+00 8.253633567624802936e-01 -5.197828224367384564e-01 2.086784560375761544e+00 8.248138625317167794e+00 1.043719502180154279e+01 1.068574543684060529e+01 -6.356147568530488456e+00 -1.184763316423361346e+01 3.607162673168730294e+00 -2.639373581714082206e+00 -1.372909348315644706e+00 1.119041640453886544e+00 3.364998061352324044e+00 7.376526076489042794e+00 -2.024230759448457206e+00 -3.417800705737519706e+00 -2.090011399096894706e+00 2.873634535961699044e+00 -4.250510971850800956e+00 -9.120776932544160331e+00 -3.846023361987519706e+00 3.879701682859177936e-01 -2.557388108081269706e+00 8.649599143796677936e-01 -4.322736671633009564e-01 -2.103263657397675956e+00 -3.842483322925019706e+00 -4.571464340991425956e+00 8.720955092602324044e+00 -8.372477800314470642e-02 9.734398085766386544e+00 -3.943374436206269706e+00 -2.796188156909394706e+00 -9.369047096437697064e-01 -3.952064316577363456e+00 -7.163459580249238456e+00 1.884628493481230294e+00 -4.147613327807832206e+00 8.754852492504667794e+00 2.849952895336699044e+00 -3.406692307300019706e+00 2.516067702465605294e+00 6.030548293285917794e+00 2.450164992504667794e+00 -6.337684433764863456e+00 5.641311843090605294e+00 3.412628371410917794e+00 2.667518813305449044e+00 3.672821242504667794e+00 7.481628615551542794e+00 3.921486098461699044e+00 9.139038283520292794e+00 5.622375685864042794e+00 1.944665547102029279e+01 3.033218581371855294e+00 3.471748549633574044e+00 -8.537368576831269706e+00 7.719246108227324044e+00 3.467064101391386544e+00 7.932207176023240436e-01 1.096512623518044904e+01 4.247604567699980294e+00 6.525619704418730294e+00 8.206733901196074044e+00 1.101660176008279279e+01 5.200042922192167794e+00 1.127128798657011544e+00 -6.733701637453322064e-01 1.429672438793730294e+00 3.902145583324980294e+00 5.431825706296677936e-01 5.913360793285917794e+00 4.919296462231230294e+00 1.636421401196074044e+00 -3.010557106203322064e-01 -6.664731910890822064e-01 3.418047019773240436e-01 7.192314345532011544e+00 1.262012501447732404e+01 -2.026183884448457206e+00 3.971260268383574044e+00 5.892807204418730294e+00 -1.677596848315644706e+00 1.815567214184355294e+00 4.563087660961699044e+00 -1.674453537768769706e+00 3.421486098461699044e+00 1.268909474103982404e+01 3.764190871410917794e+00 4.586708266430449044e+00 -6.256652634448457206e+00 -1.819053452319550956e+00 5.606819350414824044e+00 3.225792128735136544e+00 5.433136183910917794e+00 4.185119826489042794e+00 6.653291770749802936e-01 -4.465101173586134564e-01 1.950653273754667794e+00 -1.504401963061738456e+00 1.321319777660917794e+00 5.431045729809355294e+00 4.905212599926542794e+00 8.109895774656052936e-01 5.251861769848417794e+00 1.210609633617949044e+00 -2.439712326831269706e+00 -2.828964035815644706e+00 4.238998610668730294e+00
3.304521629148240436e-01 8.873718459301542794e+00 -7.402992050952363456e+00 2.875335890942167794e+00 3.710632521801542794e+00 3.264084059887480294e+00 3.749656874828886544e+00 1.195392628400857404e+01 7.439232070141386544e+00 1.103486653059060529e+01 8.821724135571074044e+00 6.561126906567167794e+00 1.307032795637185529e+01 4.337005812817167794e+00 -9.349475663012910331e+00 6.831285545163865436e-01 5.772033888989042794e+00 9.988540846996855294e+00 1.915610523908669904e+01 1.718733235090310529e+01 1.643236561506326154e+01 2.397970600812966779e+01 6.421608168774199044e+00 1.448976585202927936e-01 -1.251502793139863456e+00 4.428558547192167794e+00 7.937828261547636544e+00 1.430093403547341779e+01 1.466078205793435529e+01 5.823799330883574044e+00 -5.309387009448457206e+00 -5.299659531421113456e+00 -4.693725388354707206e+00 -1.698626307756369158e+01 -5.122451584643769706e+00 -7.687831681079316581e+00 8.956428725414824044e+00 1.425232131176542794e+00 4.660431105785917794e+00 5.896303245359177936e-01 -4.428977768725800956e+00 4.196609694653105294e+00 1.543205458813261544e+00 5.338066298657011544e+00 9.218834120922636544e+00 4.529831130199980294e+00 7.489441115551542794e+00 6.758064467602324044e+00 3.983444411449980294e+00 -5.432508400148634564e-01 -1.149337748796408221e+01 -5.508941452807832206e+00 -3.634183815187697064e-01 -3.543357651538300956e+00 -1.088767807788300956e+00 1.809902973859841779e+01 2.893467732160623029e+01 3.277072926252419904e+01 2.778741474836404279e+01 2.617182942121560529e+01 1.466890736311013654e+01 -7.095334938234572064e-01 -4.356666367358613456e+00 -1.799491684741425956e+00 5.253068992429490436e-01 1.967804152660917794e+00 -9.843061378664259564e-01 1.113250930004667794e+00 -6.411514084643769706e+00 -9.818736832446504081e+00 -3.637222092456269706e+00 -2.906562607592988456e+00 -8.721763413257050956e+00 -7.310645859546113456e+00 -5.616920273608613456e+00 -3.903152268237519706e+00 4.335100242429490436e-01 1.181091506176542794e+00 1.639320571117949044e+00 1.406379897289824044e+00 1.097831923657011544e+00 9.130879133279279358e-02 -3.801267555422072064e-01 3.801254470043730294e+00 8.897873122387480294e+00 -2.849754135913300956e+00 7.301742751293730294e+00 5.337784011059355294e+00 -2.503387253589082206e+00 -1.200279038257050956e+00 1.831627089672636544e+00 3.922935683422636544e+00 7.274872023754667794e+00 7.837440688305449044e+00 4.664978224926542794e+00 4.621628005199980294e+00 4.607345778637480294e+00 6.005279738598417794e+00 2.400413710766386544e+00 2.618835646801542794e+00 1.071838576489042794e+00 -4.232703965014863456e+00 3.772094924145292794e+00 2.170509535961699044e+00 1.900764662914824044e+00 7.505189964109177936e-01 4.087951857739042794e+00 2.297996718578886544e+00 2.200821120434355294e+00 8.491340834789824044e+00 6.391832420163865436e-01 -9.553771775073457206e+00 -3.651466172046113456e+00 6.980897971921677936e-01 -3.183364670581269706e+00 3.096162864499802936e-01 8.601228782468552936e-01 6.464706618481230294e+00 9.188606459789824044e+00 8.755302626782011544e+00 5.672622878246855294e+00 4.204010207348417794e+00 3.147584983640427936e-01 3.087999412351365436e-01 8.360931594067167794e+00 9.224380690746855294e+00 8.159996230297636544e+00 1.372383315258574044e+00 -2.454192917651582206e+00 5.774109084301542794e+00 2.643547255688261544e+00 7.381975242429490436e-01 9.209541518383574044e+00 1.139382191389138654e+01 -2.521255295581269706e+00 1.107112141340310529e+01 1.157018299787576154e+01 7.605644423657011544e+00 3.736955711179490436e-01 -5.813367775148634564e-01
3.320823867016386544e+00 6.319343764477324044e+00 -8.956493180102754081e+00 2.264375324934060529e+01 -2.559188645190644706e+00 4.887222487621855294e+00 1.009478016584451154e+01 1.108031483381326154e+01 2.733665663891386544e+00 9.692199904614042794e+00 1.041053969555449044e+00 1.520630080395292794e+00 9.177787978344511544e+00 -5.503883164233613456e+00 4.579132277660917794e+00 3.186113426023240436e-01 7.296776015453886544e+00 5.311218459301542794e+00 -1.133582871264863456e+00 1.616152973859841779e+01 1.507776661603982404e+01 1.166871662824685529e+01 1.006230183332498029e+01 1.940738697736794904e+01 -3.987930100268769706e+00 -8.463088791675019706e+00 -6.605682175464082206e+00 4.095092971020292794e+00 -2.791412155932832206e+00 -6.296615403003144706e+00 4.561866957836699044e+00 1.078102309399199044e+00 -8.038989823169160331e+00 -2.605182246477072283e+01 -5.815580299562697064e-01 5.848678786449980294e+00 -7.554107468432832206e+00 -6.902717392749238456e+00 1.549804885082792794e+00 4.961136061840605294e+00 3.172456809812302936e-01 4.339035231762480294e+00 -3.471504013842988456e+00 -5.834806373781447064e-01 2.300850112133574044e+00 3.486396987133574044e+00 3.280388076000761544e+00 9.443016249828886544e+00 1.065958424299294904e+01 -1.559188645190644706e+00 5.156524855785917794e+00 1.070862013989042794e+00 3.281013686352324044e+00 2.537941176586699044e+00 1.415060444562966779e+01 3.154773731916482404e+01 7.674438496320779279e+01 1.251173402854734178e+02 1.246344759055906053e+02 6.695265217512185529e+01 1.833430500715310529e+01 8.359222609692167794e+00 1.036411305158669904e+01 3.377792555981230294e+00 1.718287678449685529e+01 1.115364094465310529e+01 -3.691840927905488456e+00 -3.408286850757050956e+00 -1.958829478532736346e+01 1.971969802074980294e+00 -7.837369850343947064e-01 3.135437209301542794e+00 -4.440305641359572064e-01 -7.018268387622285331e+00 -2.205718796557832206e+00 1.310548420637185529e+01 4.290588576489042794e+00 -1.492187302417207206e+00 3.328216750317167794e+00 -3.630826881593947064e-01 -5.355521958178925956e+00 -1.682525437182832206e+00 8.068016249828886544e+00 5.023987013989042794e+00 4.549026686840605294e+00 1.607010085278105294e+00 1.276653309553201154e+01 7.375137526684355294e+00 -4.267913620776582206e+00 -1.805938523120332206e+00 1.481125075512480294e+00 4.514000136547636544e+00 5.845421034985136544e+00 5.799713332348417794e+00 -2.232435157961134564e-01 2.085807997875761544e+00 2.447380263500761544e+00 5.755981642895292794e+00 5.388809401684355294e+00 2.700706679516386544e+00 2.638023574047636544e+00 2.910400588207792794e+00 -9.507520607179884564e-01 -4.655700486010957206e+00 3.003486830883574044e+00 -5.011976173586134564e-01 1.047705097883279279e+01 8.783340651684355294e+00 6.259338576489042794e+00 8.696121413403105294e+00 1.683456618481230294e+00 2.729294020824980294e+00 3.203743178539824044e+00 7.126342971020292794e+00 3.603599745922636544e+00 -2.098693650073457206e+00 4.362152297192167794e+00 5.164619643383574044e+00 9.163383681469511544e+00 3.452987868481230294e+00 2.517387587719511544e+00 1.084189625471169904e+01 4.176254470043730294e+00 1.894142348461699044e+00 5.554451186352324044e+00 3.937927443676542794e+00 5.190124709301542794e+00 3.124931533032011544e+00 -1.539779465503144706e+00 -6.138837745851759564e-01 -2.230819504565644706e+00 4.719621726804490436e-01 5.788261611157011544e+00 6.810089308910917794e+00 -2.513870041675019706e+00 8.145195204907011544e+00 1.158773823469216779e+01 1.133366413801248029e+01 1.177292067699980294e+00 2.670578200512480294e+00
8.121673781567167794e+00 1.140660877912576154e+01 9.880806166821074044e+00 2.385511799543435529e+01 -1.810475520402853533e+01 8.908905226879667794e+00 1.660401173322732404e+01 1.500378437727029279e+01 -2.508619239992384564e-01 7.747955519848417794e+00 8.183403212719511544e+00 -7.920682838625197064e-01 1.170356948071074044e+00 -7.056501320070509564e-01 -1.343025009936738456e+00 9.059753615551542794e+00 4.908951003246855294e+00 -5.759101670092988456e+00 3.892372328930449044e+00 1.069927235334451154e+01 7.116546828442167794e+00 9.608192641430449044e+00 1.083188648908669904e+01 3.114349562817167794e+00 -4.322959702319550956e+00 6.895828444653105294e+00 2.264564711742949044e+00 5.942871291332792794e+00 1.247926350324685529e+01 3.278465468578886544e+00 -3.636421006030488456e+00 -4.115951340503144706e+00 3.193710524731230294e+00 -3.729972641772675956e+00 6.166420180492949044e+00 4.229492385082792794e+00 -6.627120774096894706e+00 -6.680328171557832206e+00 -8.004470627612519706e+00 -6.523282936281447064e-01 -7.397937577075410331e+00 3.726822096996855294e+00 -4.734374802417207206e+00 1.257209975414824044e+00 -8.521879127687697064e-01 -1.423614304370332206e+00 -8.514385025805879081e+00 3.267318923168730294e+00 1.646501179426248029e+01 4.666687209301542794e+00 -3.578361313647675956e+00 -6.984878342456269706e+00 -7.287185471362519706e+00 1.135238845043730294e+00 1.402490254133279279e+01 4.436714192121560529e+01 1.016824342796140428e+02 2.260609285423093411e+02 2.540155183860593411e+02 9.782052632062966779e+01 2.745396443098123029e+01 1.989929218977029279e+01 1.942436415844511544e+00 -9.699050705737519706e+00 -8.014514725512910331e+00 -6.570213120288300956e+00 -9.145908158130097831e+00 1.549026686840605294e+00 6.138809401684355294e+00 -3.105666916675019706e+00 -1.358108322925019706e+00 8.453041274242949044e+00 1.467010695629667794e+00 -7.496001999682832206e+00 -5.635253708667207206e+00 5.230934340649199044e+00 8.661043235593552936e-01 -4.132484238452363456e+00 -7.477805893725800956e+00 -8.110931198901582206e+00 -5.256355088061738456e+00 -5.935438087648634564e-01 5.461113173657011544e+00 4.705780226879667794e+00 -1.903106491870332206e+00 4.485946852856230294e+00 1.013149281232888654e+01 7.459457595043730294e+00 3.518310744457792794e+00 4.584343154125761544e+00 1.751136977367949044e+00 4.072799880199980294e+00 2.276092726879667794e+00 -2.055206101245332206e+00 -8.383100441164259564e-01 3.477577407055449044e+00 1.839004714184355294e+00 6.684572288327927936e-01 3.237823683910917794e+00 7.472076613598417794e+00 5.116111952953886544e+00 1.687622267895292794e+00 -6.405408790773634564e-01 -2.826309006518769706e+00 -3.115470688647675956e+00 3.732338149242949044e+00 6.982010085278105294e+00 6.036396711404279358e-02 3.701370436840605294e+00 6.126846511059355294e+00 -3.679120948976759564e-01 1.823204238110136544e+00 1.167946059399199044e+00 -3.558067124194550956e+00 -3.864509384936738456e+00 9.973137099438261544e+00 2.897705275707792794e+00 4.508270461254667794e+00 -1.580198219484572064e-01 1.989448744946074044e+00 -6.058090012378144706e+00 5.790870864086699044e+00 5.879272658520292794e+00 9.865295607739042794e+00 4.551910597973417794e+00 -3.006957810229707206e+00 8.073105055981230294e+00 1.020841999738748029e+01 5.675110060864042794e+00 1.505661208324980294e+00 -3.242561142749238456e+00 1.038131911449980294e+00 -3.092696945971894706e+00 -1.529945175952363456e+00 -1.379028122729707206e+00 3.781288344555449044e+00 4.294487197094511544e+00 5.698608596020292794e+00 4.204866477781052936e-01 5.881126601391386544e+00
1.241983051984841779e+01 6.099327284985136544e+00 1.746487446516091779e+01 9.292152602367949044e+00 -1.067717723161642596e+01 1.453918654614042794e+00 3.496248313718552936e-01 1.078611775129373029e+01 3.099144179516386544e+00 6.266861159496855294e+00 6.705627638989042794e+00 1.175922413557107404e+01 1.140728016584451154e+01 -2.455695908374238456e+00 1.950554091625761544e+00 2.079121418684060529e+01 -2.793288986987519706e+00 4.210846144848417794e+00 -6.006027024096894706e+00 1.699672718732888654e+01 -9.077480118579316581e+00 5.234276015453886544e+00 9.700897414379667794e+00 2.925865370922636544e+00 -5.284879615968947064e-01 7.661659438305449044e+00 -5.588889878100800956e+00 1.392891127758574044e+00 4.345421034985136544e+00 4.699480125241990436e-01 4.692550856762480294e+00 -1.168983261889863456e+00 -5.757865708178925956e+00 -2.637702744311738456e+00 -3.592193405932832206e+00 6.339355666332792794e+00 -1.337631028003144706e+00 -9.593726914233613456e+00 -1.406286601335470721e+01 1.888946730785917794e+00 -7.447660377687697064e-01 3.239143569164824044e+00 7.548279006176542794e+00 -1.864707749194550956e+00 -4.651366989917207206e+00 -1.680143287843947064e-01 1.552894789867949044e+00 3.333122451000761544e+00 1.125906391828591779e+01 6.312599379711699044e+00 1.588203627758574044e+00 1.880233962231230294e+00 3.596422263913865436e-01 5.082069594555449044e+00 1.570507832258279279e+01 4.101509113996560529e+01 6.422296162336404279e+01 1.133929597923093553e+02 1.203780061790281053e+02 6.687750263898904279e+01 1.500637837141091779e+01 -1.294570725268769706e+00 3.619308669262480294e+00 -1.471046250171113456e+00 2.704513747387480294e+00 1.424266834943826154e+01 6.899765212231230294e+00 -4.773109238452363456e+00 2.020570823484177936e-01 -3.979949753589082206e+00 -1.947158615893769706e+00 -5.301475327319550956e+00 -4.406020920581269706e+00 -3.956847946948457206e+00 -8.802371781176972831e+00 -5.640029709643769706e+00 -8.811167985861345642e-02 3.517387587719511544e+00 -6.737815659350800956e+00 -7.543617050952363456e+00 -5.462966721362519706e+00 -5.212858131593947064e-01 1.749519545727324044e+00 -6.766128342456269706e+00 -3.225553444093947064e-01 8.220459181957792794e+00 1.100693531721169904e+01 6.878700453930449044e+00 6.137520034008574044e+00 7.026825148754667794e+00 3.663818556957792794e+00 1.809402663403105294e+00 8.308250624828886544e+00 3.377235610180449044e+00 1.550697524242949044e+00 4.830917555981230294e+00 4.419120986157011544e+00 -1.825256150073457206e+00 1.045632191389138654e+01 7.269623000317167794e+00 9.322816917234177936e-01 -6.221114914721894706e+00 1.379257399731230294e+00 -9.000699928468947064e-01 -8.023460190600800956e+00 -9.745555680102754081e+00 -3.595657151050019706e+00 5.361406394773240436e-01 3.431480605297636544e+00 4.195968825512480294e+00 6.621673781567167794e+00 4.196487624340605294e+00 -3.533988755053925956e+00 1.563036033445115436e-01 2.953918654614042794e+00 7.885917861157011544e+00 3.051277358227324044e+00 2.184723097973417794e+00 7.164016921215605294e+00 2.031082350903105294e+00 -3.985511582202363456e+00 -9.854106218283220642e-02 5.208320815258574044e+00 9.633148390942167794e+00 -6.717527321047072064e-01 -3.959396164721894706e+00 2.380220481687302936e-01 4.166343886547636544e+00 5.500709731274199044e+00 2.480699607663865436e-01 4.312553603344511544e+00 1.296989638500761544e+00 -7.469817917651582206e+00 1.167030532055449044e+00 2.928468772702927936e-01 2.535110671215605294e+00 4.117592055492949044e+00 5.427574355297636544e+00 8.289491721921677936e-01 -5.358924668139863456e+00
8.842811782055449044e+00 6.102874953442167794e+00 1.077384205549294904e+01 6.118591506176542794e+00 6.476860243969511544e+00 -5.929061692065644706e+00 -6.645606797046113456e+00 6.453567702465605294e+00 2.884445388012480294e+00 1.545791645734841779e+01 7.576179701977324044e+00 5.282158095532011544e+00 5.201112815671677936e-01 5.892883498364042794e+00 4.481529433422636544e+00 2.800483901196074044e+00 -1.008602885515158221e+01 2.208542067699980294e+00 7.746742446117949044e+00 -1.467893531984572064e-01 -6.238502304858613456e+00 -1.509673874682832206e+00 8.253143508129667794e+00 1.874019642561013654e+01 -3.927610328859572064e-01 4.573227126293730294e+00 3.873420912914824044e+00 4.566215712719511544e+00 4.891359397702927936e-01 8.996719557934355294e+00 1.451403828352029279e+01 4.895584304028105294e+00 8.204094130688261544e+00 2.354202468090605294e+00 6.374939162426542794e+00 1.228186817853982404e+01 7.654533583813261544e+00 -4.986228745288300956e+00 4.629518577390427936e-01 5.723243910961699044e+00 6.910080153637480294e+00 5.036926467114042794e+00 1.169165058820779279e+01 -2.153274338550019706e+00 -2.510497849292207206e+00 3.314720351391386544e+00 9.072113234692167794e+00 1.220463581769998029e+01 3.250950642316873029e+01 3.283230610578591779e+01 9.780250746899199044e+00 1.087078877180154279e+01 5.614929396801542794e+00 1.016423817365701154e+01 1.259468098371560529e+01 9.707832534008574044e+00 3.009642048566873029e+01 5.535136433332498029e+01 4.746202870100076154e+01 1.328573628156716779e+01 1.263359267407011544e+00 2.643554885082792794e+00 8.536377150707792794e+00 4.532905776196074044e+00 -1.009851054460470721e+01 -7.636955063647675956e+00 1.864433486157011544e+00 4.974838454418730294e+00 -5.444717209643769706e+00 -8.197341721362519706e+00 -1.196369914323751971e+01 1.912216384106230294e+00 -1.627280991382050956e+00 3.011123854809355294e+00 3.050758559399199044e+00 2.390977927976365436e-01 1.779289443188261544e+00 5.880798537426542794e+00 2.744003493481230294e+00 -2.039085190600800956e+00 -3.319526474780488456e+00 -2.036979477710175956e+00 4.398590285473417794e+00 6.505043227367949044e+00 8.175811965160917794e+00 -1.444717209643769706e+00 5.959961135082792794e+00 -9.989774635500197064e-01 -1.487754624194550956e+00 1.333175856762480294e+00 4.750038344555449044e+00 -3.114622047609572064e-01 5.310112197094511544e+00 3.408630568676542794e+00 -7.053983619875197064e-01 2.152801711254667794e+00 3.373672682934355294e+00 8.227235862546677936e-01 3.674225051098417794e+00 3.432716567211699044e+00 4.121727187328886544e+00 -1.529662888354707206e+00 3.923019606762480294e+00 -1.326995652026582206e+00 -4.284742286867384564e-01 -3.851196091479707206e+00 4.424019057446074044e+00 6.738723952465605294e+00 6.311035353832792794e+00 4.708038527660917794e+00 6.989288527660917794e+00 5.151306349926542794e+00 1.361206252270292794e+00 -2.308288376635957206e+00 2.963411399656052936e-01 4.640892226391386544e+00 4.439720351391386544e+00 5.164161879711699044e+00 5.882377822094511544e+00 1.705009658032011544e+00 4.291786391430449044e+00 1.254722792797636544e+00 3.588716575437302936e-01 3.656601149731230294e+00 4.174476821117949044e+00 1.118080336742949044e+00 -3.941505234546113456e+00 -1.205594948000197064e-01 2.961708266430449044e+00 5.973137099438261544e+00 8.369905540281052936e-01 9.693681785398240436e-01 -3.887481491870332206e+00 4.449007102781052936e-01 -4.110809128589082206e+00 3.285362441235136544e+00 3.270240981274199044e+00 -3.405073097414259564e-01 5.079574782543730294e+00 7.774429518871855294e+00
-1.910972397632050956e+00 8.447746474438261544e+00 4.885742385082792794e+00 8.308487136059355294e+00 4.165603835278105294e+00 2.537117201977324044e+00 2.990844924145292794e+00 1.755809803693826154e+01 5.848159987621855294e+00 1.075408955305154279e+01 1.018599720686013654e+01 7.696647841625761544e+00 6.287811476879667794e+00 2.769355971508574044e+00 1.076011677473123029e+01 5.923279006176542794e+00 -5.714347641772675956e+00 -1.317923716813986346e+01 -7.257949631518769706e+00 1.379486281567167794e+00 1.030007954328591779e+01 7.355720717602324044e+00 -4.531043808764863456e+00 7.822420188718552936e-01 -3.995750229663300956e+00 5.245590407543730294e+00 -8.748904984301972831e+00 1.516265888898904279e+01 3.550277907543730294e+00 2.652809340649199044e+00 8.785415846996855294e+00 -1.440856736010957206e+00 1.060896321027810529e+01 7.686508376293730294e+00 -1.841277878589082206e+00 1.019275685041482404e+01 9.357353408032011544e+00 1.466636855297636544e+00 1.180381794660623029e+01 1.143379409008574044e+00 1.272064406567167794e+00 7.687896926098417794e+00 4.324737746410917794e+00 5.074783522778105294e+00 9.715271193676542794e+00 -2.730521958178925956e+00 3.986305434399199044e+00 2.401435108869607404e+01 4.242314167707498029e+01 3.841575642316873029e+01 5.770500380688261544e+00 -9.755687028830095642e-02 5.577461440258574044e+00 9.040069777660917794e+00 6.731735427074980294e+00 1.395178242414529279e+01 1.964036579816873029e+01 1.948192616193826154e+01 1.823931904523904279e+01 -1.272743027514863456e+00 -1.207020549089376971e+01 -3.442123215503144706e+00 -3.915893357104707206e+00 2.228729445629667794e+00 2.434707839184355294e+00 -6.283965866870332206e+00 -4.690604965991425956e+00 1.478340346508574044e+00 2.622543532543730294e+00 1.236191578596169904e+01 -1.440698603898947283e+01 -9.545409958667207206e+00 9.330006330544904358e-02 5.580597121410917794e+00 3.117401320629667794e+00 4.091797072582792794e+00 5.457634169750761544e+00 2.882255751782011544e+00 3.856353957348417794e+00 -3.313812058276582206e+00 1.791214186840605294e+00 1.582634169750761544e+00 4.461548049145292794e+00 5.007187087231230294e+00 2.288820335202927936e-01 1.065544326000761544e+00 2.911224562817167794e+00 -1.275283615893769706e+00 -8.553111832446504081e+00 -2.143035691089082206e+00 3.313224990063261544e+00 -6.305768898195509564e-01 -1.504119675464082206e+00 -1.042678635425019706e+00 -7.862022202319550956e+00 3.407951552563261544e+00 2.391647536449980294e+00 3.335945326977324044e+00 -1.655311386889863456e+00 1.711792189770292794e+00 -7.348373215503144706e+00 -6.131149094409394706e+00 7.164459426098417794e+00 1.199800559812302936e-01 -9.281309059328322064e-01 -1.017072609133009564e-01 -3.884275367922072064e-01 4.521927077465605294e+00 7.308204848461699044e+00 8.578689772778105294e+00 2.184379775219511544e+00 4.437515456371855294e+00 4.712127883129667794e+00 7.137283522778105294e+00 5.254677016430449044e+00 2.414039809399199044e+00 1.230370350568826154e+01 4.129272658520292794e+00 2.078811843090605294e+00 3.951217848949980294e+00 5.653755385571074044e+00 3.171541282468552936e-01 -1.933036606616425956e+00 -6.319654396242384564e-01 8.436866957836699044e+00 6.371559340649199044e+00 2.566009719067167794e+00 2.693931777172636544e+00 2.013321120434355294e+00 1.047209950178201154e+01 4.388153273754667794e+00 2.524185378246855294e+00 1.927187034421677936e-01 6.769981581860136544e+00 3.279648024731230294e+00 -2.303382675952363456e+00 4.575370986157011544e+00 5.544197280102324044e+00 2.744201857739042794e+00 7.462387282543730294e+00
-2.673980515307832206e+00 -3.302306931323457206e+00 -3.111915390796113456e+00 2.222827168195779279e+01 -2.079833786792207206e+00 -9.195020607179884564e-01 9.891288954907011544e+00 2.240468617170388654e+01 4.657837111645292794e+00 6.249313552074980294e+00 2.129318434887480294e+00 8.198150832348417794e+00 -3.721305649585175956e+00 1.271744557111794904e+01 1.487070484846169904e+01 1.073706074445779279e+01 4.304023940258574044e+00 4.241334983640427936e-01 7.806038100414824044e+00 -1.807328776628439471e+01 -3.653754990405488456e+00 1.872416706769998029e+01 1.646515090160917794e+00 9.281318862133574044e+00 -5.365669052905488456e+00 -1.048194687671113456e+00 1.972894306867654279e+01 -3.944160263842988456e+00 9.799812514477324044e+00 2.001060683422636544e+00 6.657951552563261544e+00 -1.983070175952363456e+00 7.741930076413865436e-01 -2.416808884448457206e+00 -1.687156479663300956e+00 8.420463759594511544e+00 6.868309218578886544e+00 -7.630225937671113456e+00 -3.183532517260957206e+00 5.881973464184355294e+00 7.591919142895292794e+00 2.141166884594511544e+00 1.200253315656716779e+01 7.396507460766386544e+00 3.761108596020292794e+00 -4.887298386401582206e+00 4.663818556957792794e+00 1.193930073469216779e+01 1.147961445539529279e+01 2.188584919660623029e+01 8.817939955883574044e+00 -4.619636338061738456e+00 1.526048298566873029e+01 4.765472609692167794e+00 1.525268752270292794e+00 -4.025876930422072064e-01 -1.168525676042501971e+01 -3.287544052905488456e+00 6.782928664379667794e+00 9.208389479809355294e+00 4.019355971508574044e+00 5.936676222973417794e+00 -7.228467872804884564e-01 1.461821003644998029e+01 7.291185447507615436e-01 4.318634230785917794e+00 -7.943473618335175956e+00 -9.904935768312697064e-01 -9.551542213625197064e-01 -6.082496445483613456e+00 -4.510703842944550956e+00 -2.777313034839082206e+00 -3.135467331714082206e+00 -2.686561386889863456e+00 -4.869979660815644706e+00 -3.474731247729707206e+00 3.858902175121855294e+00 -1.844222824878144706e+00 -1.973594467944550956e+00 -1.693603318042207206e+00 2.711506574685529358e-02 -5.589521339601759564e-01 1.307679005353982404e+01 1.000801284008574044e+00 -3.530195167726759564e-01 5.353508193188261544e+00 7.048042494946074044e+00 4.784721572094511544e+00 6.933595725827927936e-01 6.129203993969511544e+00 2.471679885082792794e+00 -1.472564499682832206e+00 -2.180784156984572064e-01 -2.922317307300019706e+00 5.747444350414824044e+00 2.583877761059355294e+00 7.025166242654279358e-02 1.808723647289824044e+00 1.735634047680449044e+00 2.808075148754667794e+00 6.094879347973417794e+00 4.329338271313261544e+00 2.791557509594511544e+00 5.288337905102324044e+00 1.666414329343552936e-01 -2.386695664233613456e+00 -1.681403916186738456e+00 -1.166831772632050956e+00 2.641395766430449044e+00 4.870163161449980294e+00 3.923431594067167794e+00 5.716705519848417794e+00 8.266746718578886544e+00 4.773704726391386544e+00 5.965454299145292794e+00 1.519953938215310529e+01 8.263252455883574044e+00 4.551025588207792794e+00 6.071312148266386544e+00 3.059768874340605294e+00 3.559173781567167794e+00 5.750000197582792794e+00 2.152330467038865436e-01 1.757774550610136544e+00 6.372970778637480294e+00 8.466507155590605294e+00 5.826217848949980294e+00 4.277008254223417794e+00 2.297485549145292794e+00 4.134567458324980294e+00 1.352676589184355294e+00 5.794182021313261544e+00 8.269294936352324044e+00 1.191886921613748029e+01 3.187713820629667794e+00 -3.866498878664259564e-01 3.842415053539824044e+00 5.914634902172636544e+00 7.134636122875761544e+00 7.225105483227324044e+00
-9.261565964526582206e+00 -9.388730934328322064e-01 5.698414533669904358e-02 1.440928669660623029e+01 -5.834319870776582206e+00 -1.554716041750197064e-01 1.807088490217263654e+01 9.176208693676542794e+00 -1.557647303850119158e+01 6.551887709789824044e+00 -4.145095627612519706e+00 7.930397231274199044e+00 -1.897414963550019706e+00 1.498275013654763654e+01 -7.720164567892595642e-02 5.049301345043730294e+00 1.332052632062966779e+01 7.618599135571074044e+00 2.549049575024199044e+00 2.620125014477324044e+00 4.822694846921677936e-01 2.922615248852324044e+00 -4.131385605639863456e+00 7.231964308910917794e+00 -1.004157237321798846e+01 4.503341872387480294e+00 8.624328810864042794e+00 -7.039924423999238456e+00 6.646209914379667794e+00 3.060379225903105294e+00 6.505081374340605294e+00 2.754463393383574044e+00 7.036743361645292794e+00 -8.462217262453322064e-01 1.029667683332498029e+01 -8.481061866945509564e-01 1.339868183820779279e+01 -2.178756516284394706e+00 4.012147971921677936e-01 6.795898635082792794e+00 5.466201979809355294e+00 6.417892653637480294e+00 1.118562336652810529e+01 4.001739699535917794e+00 -6.718841355151582206e+00 -7.783958237475800956e+00 6.748108107739042794e+00 5.130790908032011544e+00 1.735779006176542794e+00 2.580009658032011544e+00 -7.028137009448457206e+00 2.725837905102324044e+00 -6.776794236010957206e+00 -3.764373581714082206e+00 -5.935638230151582206e+00 -1.437560633928244158e+01 -7.628776352710175956e+00 4.646454055004667794e+00 8.316299636059355294e+00 7.052017409496855294e+00 8.436615187817167794e+00 1.789010639875466779e+01 2.107376296215605294e+00 3.253219802074980294e+00 2.509262282543730294e+00 -4.860282700366425956e+00 -2.996948044604707206e+00 -2.260574143237519706e+00 -2.728439133471894706e+00 2.375351149731230294e+00 6.457519728832792794e+00 3.554214675121855294e+00 2.981506545239042794e+00 6.520845481687302936e-01 -7.165237229175019706e+00 4.757782180004667794e+00 7.700973708324980294e+00 -3.350980690187697064e-01 -4.211500099367384564e-01 5.227058608227324044e+00 -2.016738694018769706e+00 -2.689498703784394706e+00 6.516769606762480294e+00 -4.208829811281447064e-01 -2.556457321948457206e+00 -1.709838669604707206e+00 2.354019362621855294e+00 5.793075759106230294e+00 9.468612868481230294e+00 6.346336562328886544e+00 2.691932875805449044e+00 6.822517592602324044e+00 1.744980055981230294e+00 -1.376006882495332206e+00 8.839752394848417794e+00 3.523071486645292794e+00 4.537605483227324044e+00 1.894691664867949044e+00 -1.971435349292207206e+00 -8.752744606203322064e-01 7.285476882153105294e+00 2.524925429516386544e+00 -3.621627610034394706e+00 3.230858046703886544e+00 4.852737624340605294e+00 6.090355117016386544e+00 1.391497822492654279e+01 5.637794692211699044e+00 1.266510207348417794e+00 -1.559211533374238456e+00 -1.055953781909394706e+00 -2.335082810229707206e+00 -1.063125412768769706e+00 1.335769850903105294e+00 7.574005324535917794e+00 6.082123000317167794e+00 1.304441853254373029e+01 4.208992201977324044e+00 5.947250563793730294e+00 1.471862990551542794e+00 5.576675612621855294e+00 4.456863600903105294e+00 3.858711440258574044e+00 1.246911640852029279e+01 5.281471450024199044e+00 5.060333449535917794e+00 4.504341323071074044e+00 4.334663588696074044e+00 2.847221572094511544e+00 4.688339430981230294e+00 5.171722609692167794e+00 4.225479323559355294e+00 6.317833144360136544e+00 3.995132643871855294e+00 1.307541091137480294e+00 2.955703932934355294e+00 6.607994277172636544e+00 2.970260817699980294e+00 3.897621352367949044e+00 6.474823195629667794e+00
3.275078017407011544e+00 -2.688596656984572064e-01 1.813832112043435529e+01 -2.256034653491425956e+00 -1.125345973283712908e+01 1.731788832836699044e+00 1.273246784894998029e+01 7.678856093578886544e+00 -4.604499619311738456e+00 4.524872023754667794e+00 -8.106000831789259564e-01 7.621498305492949044e+00 -3.749244492358613456e+00 9.027992446117949044e+00 -4.232673447436738456e+00 -2.899246018237519706e+00 6.872032363110136544e+00 1.433235951154763654e+01 2.188583571606230294e+00 -3.078491013354707206e+00 6.060730178051542794e+00 -2.015350144214082206e+00 9.918510634594511544e+00 5.371132094555449044e+00 1.417752857893044904e+01 8.964027602367949044e+00 -3.349578659839082206e+00 -2.224029343432832206e+00 -5.907546799487519706e+00 5.151230055981230294e+00 5.010498244457792794e+00 1.433792896955544904e+01 -1.884124558276582206e+00 -3.232894699878144706e+00 -2.409042160815644706e+00 5.918123313718552936e-01 2.515716750317167794e+00 6.791450698071074044e+00 -1.024883250505392596e+01 -1.745984962648634564e-01 7.995910842114042794e+00 7.773224074535917794e+00 1.289230366437966779e+01 2.902923781567167794e+00 -2.448270729250197064e-01 8.631670066648240436e-01 5.047195632153105294e+00 -8.580863755053925956e+00 -5.040214340991425956e+00 -2.535377304858613456e+00 -1.436137370378439471e+01 1.166042347639138654e+01 4.432373244457792794e+00 7.183296401196074044e+00 nan 4.912111350827927936e-01 1.115776259594511544e+00 9.518318373852324044e+00 3.833297927074980294e+00 3.002578932934355294e+00 2.233047682934355294e+00 4.366943556957792794e+00 5.983307082348417794e+00 7.556993552976365436e-01 2.758972365551542794e+00 1.513855178051542794e+00 -5.193237107104707206e+00 -5.220199387378144706e+00 -3.788055222339082206e+00 -4.288833420581269706e+00 -9.977542679614472831e+00 -6.451263230151582206e+00 -5.320487778491425956e+00 -1.636825363940644706e+00 -1.470086650163595721e+01 2.866890151196074044e+00 2.995454856687302936e-01 -6.838142197436738456e+00 2.034637648754667794e+00 1.281472798078591779e+01 2.084167678051542794e+00 -1.459358017749238456e+00 2.762565810375761544e+00 6.094627577953886544e+00 -1.298454087085175956e+00 -3.997985642260957206e+00 -3.344733994311738456e+00 1.929649550610136544e+00 6.115692336254667794e+00 4.516784865551542794e+00 -6.859052589601759564e-01 3.330925185375761544e+00 3.683174330883574044e+00 1.086517531567167794e+00 -1.518229753439470642e-02 -3.900443833178925956e+00 -1.627845566577363456e+00 1.082992751293730294e+00 3.638061721020292794e+00 3.049125868969511544e+00 4.351852614574980294e+00 -5.149686744875197064e-01 1.158596821516091779e+01 4.453926284008574044e+00 7.149452407055449044e+00 4.717926222973417794e+00 6.153282363110136544e+00 5.154754836254667794e+00 5.966163832836699044e+00 3.441398818188261544e+00 -3.410529892749238456e+00 3.012756545239042794e+00 6.911010939770292794e+00 8.380279738598417794e+00 3.966850478344511544e+00 4.598396498852324044e+00 1.135421950512480294e+00 -8.460996559328322064e-01 4.999420363598417794e+00 4.717529494457792794e+00 8.181617934399199044e+00 3.923515517407011544e+00 6.531097609692167794e+00 9.912773329907011544e+00 7.330177504711699044e+00 4.458984572582792794e+00 2.701538283520292794e+00 4.331451613598417794e+00 3.843048293285917794e+00 3.575154035623029358e-02 2.514740187817167794e+00 3.298570701413865436e-01 7.375948020749802936e-01 9.346849510007615436e-01 -5.780532639331269706e+00 7.913887221508574044e+00 3.564232070141386544e+00 4.268783766918730294e+00 5.667877394848417794e+00 3.080070693188261544e+00
1.714600392072732404e+01 1.159594746320779279e+01 1.464207478254373029e+01 -4.372558396167207206e+00 2.714515883617949044e+00 2.724022109203886544e+00 6.678924758129667794e+00 1.377043934553201154e+01 -1.324144343645041033e+01 1.074946613996560529e+01 -7.766263893312697064e-01 9.767318923168730294e+00 9.013366896801542794e+00 2.248909194164824044e+00 -9.256284645265822064e-01 -4.780652931398634564e-01 -8.306144516772675956e+00 -4.496229103273634564e-01 6.775894362621855294e+00 -1.389503281421113456e+00 -8.087238114184785331e+00 7.358436782055449044e+00 1.834384937971169904e+01 1.161883564680154279e+01 2.375982685773904279e+01 -4.129180710620332206e+00 5.671219069653105294e+00 2.590767104321074044e+00 -4.626113694018769706e+00 7.400390822582792794e+00 2.961143691235136544e+00 1.482592793195779279e+01 -7.233299057788300956e+00 -3.085426132983613456e+00 -7.776035111255097831e+00 1.382888991528105294e+00 -8.049697678393769706e+00 3.936401564770292794e+00 1.179550368481230294e+00 2.144241530590605294e+00 8.016327101879667794e+00 7.483276564770292794e+00 2.069732863598417794e+00 -7.099769394702363456e+00 1.022810383527810529e+01 1.971260268383574044e+00 6.628143508129667794e+00 2.029510695629667794e+00 -4.979703834718947064e-01 -8.376884262866425956e+00 -2.085471909350800956e+00 4.331115920239042794e+00 -9.736911576098847831e+00 -5.381698410815644706e+00 nan -7.171668808764863456e+00 -6.470275681323457206e+00 1.444717604809355294e+00 1.089751454084451154e+01 -2.613303940600800956e+00 -6.403983872241425956e+00 3.346306044750761544e+00 -5.664764206714082206e+00 4.480211326413865436e-01 -2.711601059741425956e+00 -1.072860520190644706e+00 -7.522323410815644706e+00 -3.136298935717988456e+00 2.188766677074980294e+00 1.813127586179490436e-01 -2.423538010425019706e+00 1.097976882153105294e+00 1.826339919262480294e+00 -7.218091896242384564e-01 -2.979835312671113456e+00 1.442138869457792794e+00 -1.756439011401582206e+00 -7.034263413257050956e+00 4.653495986157011544e+00 1.639534016340310529e+01 5.384218284421677936e-01 -4.127563278979707206e+00 -1.021560471362519706e+00 1.131874282055449044e+00 9.671251365476365436e-01 1.559526511960740436e-01 4.502746779614042794e+00 9.887497145824980294e+00 5.594200331860136544e+00 3.015373427563261544e+00 3.422844130688261544e+00 5.417067699980293582e-03 4.890938002758574044e+00 2.061775405102324044e+00 3.059890944653105294e+00 -1.737632553882050956e+00 -1.481704514331269706e+00 4.584861952953886544e+00 -1.261031906909394706e+00 -7.672862321798845642e-02 -2.680585792726759564e-01 -2.178954880542207206e+00 4.162796218090605294e+00 -2.610885422534394706e+00 2.911354262524199044e+00 5.557747084789824044e+00 7.774528701000761544e+00 6.579666335278105294e+00 1.145491810529763654e+01 7.824707228832792794e+00 5.656898696117949044e+00 -3.287933152026582206e+00 1.393844802074980294e+00 5.960983473949980294e+00 4.966789443188261544e+00 4.467857558422636544e+00 8.878318984203886544e+00 7.156067092114042794e+00 -3.244779518312697064e-01 -2.702338974780488456e+00 4.638069350414824044e+00 9.227295119457792794e+00 2.503969260984177936e-01 2.607277114086699044e+00 6.510055739574980294e+00 3.556297499828886544e+00 3.891594130688261544e+00 2.860542494946074044e+00 -8.502700608081269706e+00 -2.087844651050019706e+00 -2.426521103686738456e+00 -4.537719528979707206e+00 -6.924131324953322064e-01 -1.348235886401582206e+00 4.695900160961699044e+00 -1.299323838061738456e+00 2.402771193676542794e+00 5.600158888989042794e+00 -3.175376694507050956e+00 4.585380751782011544e+00
1.431401081769998029e+01 8.706016738110136544e+00 6.220710951977324044e+00 8.158775527172636544e+00 9.971901137524199044e+00 -3.112617295092988456e+00 1.409813124828886544e+00 6.744781691723417794e+00 5.304109641843552936e-01 -1.515846054858613456e+00 -4.551009934253144706e+00 5.791496474438261544e+00 -3.584228318042207206e+00 9.406898696117949044e+00 6.109176833324980294e+00 1.761014576643044904e+01 1.585201283186013654e+01 4.989090163403105294e+00 -1.190632991105978533e+01 6.022285659008574044e+00 7.446899611645292794e+00 -8.987697403735566581e+00 -3.194312851733613456e+00 3.275604445629667794e+00 1.911839314191873029e+01 -4.906966965503144706e+00 6.480336018293435529e+01 3.053573805981230294e+00 4.253929335766386544e+00 7.598953444653105294e+00 -7.924421241945509564e-01 2.671204395978982404e+01 3.025169570141386544e+00 8.189224440746855294e+00 -5.791473191089082206e+00 4.547867018871855294e+00 2.927169997387480294e+00 -2.298187058276582206e+00 5.082641799145292794e+00 9.251800734692167794e+00 6.122047621899199044e+00 1.035670490949685529e+01 9.715965468578886544e+00 4.050735671215605294e+00 6.913833815746855294e+00 -6.958587448901582206e+00 3.977905471020292794e+00 8.064300734692167794e+00 1.101478596418435529e+01 4.765861708813261544e+00 -3.197639267749238456e+00 9.861452171140427936e-01 -1.505950730151582206e+00 -3.620071213550019706e+00 -1.499305527514863456e+00 -5.540328781909394706e+00 -1.197009639055197283e+01 -2.297149460620332206e+00 -3.724036972827363456e+00 -1.664443772143769706e+00 8.393327781491990436e-01 4.274482924633574044e+00 -1.668734339982931658e+01 -1.049559382707541033e+01 3.948974806957792794e+00 4.053116042309355294e+00 -1.247021846086447283e+01 -1.150858287126486346e+01 -5.238120835132050956e+00 2.521728713207792794e+00 -3.403396408862519706e+00 -8.771396439380097831e+00 4.986269065671677936e-01 3.921737868481230294e+00 -4.639890602297072064e-01 3.757415969067167794e+00 -8.739316871828322064e-01 2.251831252270292794e+00 2.810661513500761544e+00 8.299072463207792794e+00 4.325683791332792794e+00 -9.277774613208222831e+00 -4.761161606616425956e+00 5.067215163403105294e+00 2.664528090649199044e+00 4.002662856274199044e+00 4.992525169187302936e-01 6.737068373852324044e+00 -3.964828293628144706e+00 -3.445602219409394706e+00 -3.657834938234572064e-01 4.813591201000761544e+00 5.563797194653105294e+00 7.100769240551542794e+00 8.012268263989042794e+00 4.024299819164824044e+00 -1.030058268815939471e+01 1.462341506176542794e+00 -2.400695603198457206e+00 -6.477888038820509564e-01 2.061439711742949044e+00 -6.603773048586134564e-01 4.473938185864042794e+00 1.651748854809355294e+00 7.988289076977324044e+00 1.280952473371560529e+01 4.151184279614042794e+00 -4.111478737062697064e-01 1.885489674299294904e+01 4.390304763012480294e+00 3.917770583324980294e+00 -7.417541306323457206e+00 4.924644667797636544e+00 3.258682448559355294e+00 4.051048476391386544e+00 1.979484755688261544e+00 1.434014912336404279e+01 1.051096363752419904e+01 8.307954856687302936e-01 5.561813552074980294e+00 -3.475568702883009564e-01 8.167602736645292794e+00 3.664398390942167794e+00 2.445594985180449044e+00 -2.270393173999238456e+00 5.005966384106230294e+00 6.649994094067167794e+00 2.918396193676542794e+00 1.075866896801542794e+00 -6.257609636251970642e-02 -2.547042649096894706e+00 2.759964186840605294e+00 8.338319846921677936e-01 1.337661940746855294e+00 2.642402846508574044e+00 7.998582908445115436e-01 2.116180617504667794e+00 -3.348922531909394706e+00 -3.129661362475800956e+00 -4.516904762453322064e-01
1.217028065412576154e+01 1.745895583324980294e+00 7.663521010571074044e+00 8.019012648754667794e+00 6.659866530590605294e+00 -1.494749000734572064e-01 4.021118361645292794e+00 7.644264418774199044e+00 -2.116172592944550956e+00 5.929847914867949044e+00 6.987098891430449044e+00 6.214210707836699044e+00 -1.761625221437697064e-01 8.749298293285917794e+00 1.012136860578591779e+01 1.294838734357888654e+01 1.081293507307107404e+01 9.274582106762480294e+00 -3.536109726733613456e+00 -1.649780075854707206e+00 6.391021926098417794e+00 -2.547462265796113456e+00 9.008568007641386544e+00 1.125335890942167794e+00 9.532188613110136544e+00 6.724426467114042794e+00 5.469619948559355294e+00 1.284262104719216779e+01 4.830230910473417794e+00 3.504501540356230294e+00 6.340561110668730294e+00 2.371683521955544904e+01 6.570335585766386544e+00 9.655121047192167794e+00 -4.990936081714082206e+00 8.713943679028105294e+00 3.808769423657011544e+00 6.124283034496855294e+00 4.705139357739042794e+00 1.293507405012185529e+01 5.525284011059355294e+00 4.923851210766386544e+00 1.277383442609841779e+01 8.428863722973417794e+00 8.424041945629667794e+00 7.182085105710740436e-01 -1.995269577807832206e+00 -8.770370285815644706e+00 2.776336867504667794e+00 8.795091697507615436e-01 -4.654006760425019706e+00 -2.349578659839082206e+00 -1.359054545671408221e+01 -7.553664963550019706e+00 -1.887824814624238456e+00 -6.461646836108613456e+00 -1.730164317399923846e+01 9.333770949535917794e+00 1.367302138500761544e+00 5.937011916332792794e+00 -2.703079026050019706e+00 -1.490257065600800956e+00 -6.583068650073457206e+00 -9.864993851489472831e+00 -1.258538035661642596e+01 6.095215041332792794e+00 9.281389304929490436e-01 6.461815077953886544e+00 3.813026625805449044e+00 3.078148085766386544e+00 3.241607863598417794e+00 -7.744552414721894706e+00 -7.311736862964082206e+00 2.470512587719511544e+00 7.732971388989042794e+00 -7.514198105639863456e+00 -7.363502304858613456e+00 6.178100783520292794e+00 8.676391799145292794e+00 5.347618300610136544e+00 1.969131667309355294e+00 4.494232375317167794e+00 -7.022855690187697064e-01 3.511039931469511544e+00 3.069725234203886544e+00 2.138979026609177936e-01 -3.409026902026582206e+00 -3.843093674487519706e+00 -1.971641342944550956e+00 -3.075652878589082206e+00 -4.103652756518769706e+00 1.115638930492949044e+00 -2.474410813159394706e+00 -4.755552223390822064e-01 -2.831191819018769706e+00 6.174774367504667794e+00 -2.728650978273634564e-01 3.060249526196074044e+00 -2.677810471362519706e+00 3.564850051098417794e+00 7.505775649242949044e+00 2.244156081371855294e+00 3.470283705883574044e+00 2.101021010571074044e+00 -3.010938575929884564e-01 9.943794448071074044e+00 -2.312804978198457206e+00 -4.540565293139863456e+00 8.330360610180449044e+00 6.814460951977324044e+00 3.339203078442167794e+00 1.174720020978982404e+01 -2.366897385425019706e+00 -1.970840256518769706e+00 -2.953697007007050956e+00 1.971794326000761544e+00 8.441284377270292794e+00 2.653152663403105294e+00 6.241005141430449044e+00 -3.246299546069550956e+00 3.449943740063261544e+00 3.380722243481230294e+00 4.008590895824980294e+00 7.504961082273240436e-01 -3.250098984546113456e+00 7.365204055004667794e+00 2.151046950512480294e+00 8.735124656491990436e-01 2.622245986157011544e+00 -2.296691696948457206e+00 2.742256362133574044e+00 1.033386428051542794e+00 -8.270566871828322064e-01 -1.038129738039259564e-01 1.441894728832792794e+00 6.401558119946074044e+00 6.036094863110136544e+00 2.343261916332792794e+00 -4.387641709155488456e+00 -1.543472092456269706e+00
7.580215651684355294e+00 7.019783217602324044e+00 1.301666457348417794e+00 5.319618422680449044e+00 1.024965687482888654e+01 7.584808547192167794e+00 1.432065602033669904e+01 7.865921218090605294e+00 2.694839675121855294e+00 2.004547316723417794e+00 4.331772048168730294e+00 1.067886550121855294e+00 -7.554809372729707206e+00 6.503433425121855294e+00 -1.131782334155488456e+00 3.540382582836699044e+00 -3.676299851245332206e+00 1.825732441633279279e+01 1.067070027082498029e+01 8.281227309399199044e+00 4.235061843090605294e+00 7.939789015942167794e+00 2.965378005199980294e+00 8.477607924633574044e+00 -5.832252304858613456e+00 1.275756855695779279e+01 8.810318190746855294e+00 -1.315124314135957206e+00 -5.230482032961134564e-01 1.041515370100076154e+01 5.994789321117949044e+00 1.800132008283669904e+01 4.684044081860136544e+00 1.589841480939919904e+01 5.587025373513654358e-02 7.037063796215605294e+00 -1.265838425464082206e+00 -2.209846298999238456e+00 8.046806533032011544e+00 5.204757888012480294e+00 3.310669142895292794e+00 -3.543296616382050956e+00 5.378822524242949044e+00 5.036392409496855294e+00 2.103241164379667794e+00 1.061894245832498029e+01 -2.925727646655488456e+00 -5.918479721850800956e+00 3.188720900707792794e+00 -8.723525803393769706e+00 -1.879936020678925956e+00 8.323829848461699044e+00 2.045784194164824044e+00 1.133020039289529279e+01 -3.571922104663300956e+00 8.892090041332792794e+00 -8.962516587085175956e+00 6.368026930981230294e+00 -2.996093552417207206e+00 -2.712760727710175956e+00 2.993713576489042794e+00 5.922561843090605294e+00 5.566408225827927936e-01 -1.177612284929220721e+01 -2.080726425952363456e+00 1.724533278637480294e+00 5.371553489499802936e-01 1.320297438793730294e+00 3.118988234692167794e+00 4.037521559887480294e+00 1.008320637434060529e+01 -6.352920334643769706e+00 -3.461378029054884564e-01 8.729980666332792794e+00 -7.828475754565644706e+00 4.296127516918730294e+00 2.214088637524199044e+00 1.332046706371855294e+00 8.936325270824980294e+00 3.852006980710740436e-01 -5.466270249194550956e+00 6.176513869457792794e+00 4.827041823559355294e+00 7.201057631664824044e+00 4.938743788891386544e+00 2.241670676999802936e-01 3.834427077465605294e+00 -3.666274826831269706e+00 -2.202651779956269706e+00 -7.437747757739472831e+00 6.601411887937302936e-01 -8.849900073457206418e-03 -2.341567795581269706e+00 7.252029616528105294e+00 -5.267066757983613456e+00 1.067657668285917794e+00 1.814949233227324044e+00 1.086898823469216779e+01 5.572044570141386544e+00 -5.330732277101759564e-01 8.055740554028105294e+00 5.166504103832792794e+00 9.094185073071074044e+00 3.837425429516386544e+00 3.443300315671677936e-01 9.386200148754667794e+00 6.294578749828886544e+00 1.041235371320779279e+01 9.689521987133574044e+00 1.289360243969511544e+00 5.829864699535917794e+00 7.067383010082792794e+00 2.482116896801542794e+00 3.774505812817167794e+00 4.135086257153105294e+00 7.760345656567167794e+00 2.181373793774199044e+00 1.067877217023904279e+01 6.539436537914824044e+00 4.466707298093552936e-01 6.500093528562302936e-01 7.086647231274199044e+00 7.192436415844511544e+00 3.633011061840605294e+00 8.333175856762480294e+00 5.473625380688261544e+00 1.755203444653105294e+00 4.730522353344511544e+00 7.543060500317167794e+00 8.481828758054490436e-01 1.220619399242949044e+00 -1.961646836108613456e+00 -1.317504685229707206e+00 4.781860549145292794e+00 -2.109023850268769706e+00 5.651112287576154358e-02 6.584831435375761544e+00 -2.622253220385957206e+00 2.718216139965605294e+00 1.565399367504667794e+00
4.769767958813261544e+00 5.223495680981230294e+00 -7.934024613208222831e+00 1.716034133129667794e+00 1.489028950422341779e+01 7.684387404614042794e+00 7.664406020336699044e+00 2.917579848461699044e+00 8.039171287351365436e-01 2.664436537914824044e+00 1.933108540266091779e+01 4.106582839184355294e+00 -1.386817734546113456e+00 -1.523391526050019706e+00 -5.890746872729707206e+00 3.138504225903105294e+00 1.020096022778105294e+00 1.176429946117949044e+00 2.373560353010232404e+01 1.198809834211404279e+01 -3.760558884448457206e+00 -4.894981186694550956e+00 -9.241725724048066581e+00 -1.318914775163595721e+01 -1.628306941301291033e+01 1.110986347883279279e+01 7.891449172192167794e+00 -2.815231125659394706e+00 -4.858091285890822064e-01 2.111383839338357404e+01 1.228015919416482404e+01 6.385193068676542794e+00 -1.484299067766134783e+01 9.350547988110136544e+00 -5.009033005542207206e+00 9.097282607250761544e+00 -2.664634507007050956e+00 4.510271140866990436e-01 2.066711623364042794e+00 1.580978591137480294e+00 8.478195388012480294e+00 -1.222152512378144706e+00 5.927292067699980294e+00 5.423683364086699044e+00 5.697159011059355294e+00 -3.382652085132050956e+00 3.030929763012480294e+00 -6.427457740968947064e-01 1.887130934887480294e+00 1.002922840803201154e+01 1.391838271313261544e+00 2.821533400707792794e+00 -2.151618759936738456e+00 -5.891349594897675956e+00 6.181778151684355294e+00 -6.350248268312697064e-01 2.755233962231230294e+00 9.524345595532011544e+00 -7.265075486010957206e+00 -6.379676621264863456e+00 -7.308845322436738456e+00 -7.610374253100800956e+00 -4.854965012378144706e+00 -8.522773545092988456e+00 -2.386565964526582206e+00 -5.491027634448457206e+00 6.712875563793730294e+00 -1.086229686052267596e+01 -2.128158371753144706e+00 2.850372512035917794e+00 -3.115003517336134564e-01 1.495897361570115436e-01 -1.822126320070509564e-01 6.020967551999802936e-01 -9.402290146655488456e+00 3.336715895824980294e+00 -3.397964279956269706e+00 -1.468627732104707206e+00 1.038891621320779279e+01 1.080663319318826154e+01 1.168640334301542794e+00 4.885002333813261544e+00 -1.159232895678925956e+00 3.749756056957792794e+00 8.786613661938261544e+00 4.959831435375761544e+00 5.970901686840605294e+00 4.425247389965605294e+00 -2.930084030932832206e+00 -7.612548630542207206e+00 9.317018577390427936e-01 2.831230361157011544e+00 2.569198805981230294e+00 5.021827895336699044e+00 5.886245925121855294e+00 5.486236769848417794e+00 5.543548781567167794e+00 6.179931838207792794e+00 1.323311049633574044e+00 7.120445449047636544e+00 8.911956984692167794e+00 6.096138198071074044e+00 9.672088820629667794e+00 3.402710158520292794e+00 -4.742477219409394706e+00 1.198272902660917794e+00 6.781433303051542794e+00 2.695068556957792794e+00 6.181930739574980294e+00 2.166320998364042794e+00 2.427215773754667794e+00 9.076172072582792794e+00 5.979187209301542794e+00 1.111466999738748029e+01 7.131485182934355294e+00 8.185257155590605294e+00 8.179062087231230294e+00 5.693840224438261544e+00 1.369945545881326154e+01 8.587539870434355294e+00 -1.062606613940644706e+00 5.863640029125761544e+00 5.889496047192167794e+00 4.983871657543730294e+00 2.282257277660917794e+00 1.089584548168730294e+00 1.457008559399199044e+00 8.606781203442167794e+00 5.630104262524199044e+00 -5.504928391284394706e+00 -4.695342819995332206e+00 7.140487868481230294e+00 5.580024916821074044e+00 6.407930442624802936e-01 3.583145339184355294e+00 8.585212905102324044e+00 7.937736708813261544e+00 -3.530914109057832206e+00 5.317909438305449044e+00 4.759956557446074044e+00
3.380500991039824044e+00 7.593773085766386544e+00 1.367172438793730294e+00 3.938194472485136544e+00 9.385795790844511544e+00 4.137169081860136544e+00 9.737030226879667794e+00 1.558279438703591779e+01 1.173661823957498029e+01 9.099388320141386544e+00 3.407671043210740436e-01 7.164337355785917794e+00 3.247894484692167794e+00 2.218700428693826154e+01 6.705993849926542794e+00 2.798553664379667794e+00 -7.549888413257050956e+00 2.571472365551542794e+00 5.939529616528105294e+00 -1.628417771167207206e+00 5.288582045727324044e+00 9.936531264477324044e+00 -1.797385971850800956e+00 3.322250563793730294e+00 -1.088645737475800956e+00 1.159445973127419904e+01 -3.143768112964082206e+00 1.103713246076638654e+01 -1.309539597339082206e+00 1.770026417463357404e+01 9.651848036938261544e+00 1.318185444562966779e+01 2.269340712719511544e+00 -1.834060471362519706e+00 -4.043166916675019706e+00 4.614532668285917794e+00 -3.854774277514863456e+00 2.711021620922636544e+00 1.253582020490701154e+01 4.525596816235136544e+00 2.417083937817167794e+00 -7.553359787768769706e+00 2.458192893796677936e-01 -1.056501368791525408e+01 1.045990187817167794e+00 -6.968284409350800956e+00 2.717987258129667794e+00 3.655014235668730294e+00 1.349945265942167794e+00 1.058403797834451154e+01 -3.338607590503144706e+00 -6.304992478198457206e+00 -3.521369736499238456e+00 5.421440322094511544e+00 -1.493400935441916033e+01 3.266800124340605294e+00 -2.290874461442892596e+01 1.459142323225076154e+01 1.380352802961404279e+01 3.977012831860136544e+00 1.401241322248513654e+01 2.890045363598417794e+00 -7.606910507983613456e+00 5.860979148679490436e-01 -6.070478370851759564e-01 2.606826979809355294e+00 4.484039504223417794e+00 -4.307021897143769706e+00 -2.116348069018769706e+00 8.819777660917793582e-03 -1.101543788225119158e+01 -9.053647926515822064e-01 -8.286178391284394706e+00 -2.928108017749238456e+00 -8.254752915210175956e+00 6.764938552074980294e+00 -5.828702858156447064e-01 -1.564452927417207206e+00 5.704773146801542794e+00 9.329773146801542794e+00 1.017478962629373029e+01 7.473327834301542794e+00 -6.346891334718947064e-01 9.857940871410917794e+00 5.881729323559355294e+00 5.214981276684355294e+00 5.068878371410917794e+00 4.691864211254667794e+00 3.073555190258574044e+00 3.103477675610136544e+00 -2.384269516772675956e+00 -6.793058326906447064e-01 5.832344252758574044e+00 2.276901442699980294e+00 4.295105178051542794e+00 1.313911635571074044e+00 -5.419524948901582206e+00 2.363464553051542794e+00 4.797775466137480294e+00 6.285415846996855294e+00 9.469682761960740436e-01 -4.637313645190644706e+00 9.343185622387480294e+00 3.575218398266386544e+00 4.733659812741990436e-01 1.950210768871855294e+00 4.911823957498029358e-02 1.950279433422636544e+00 8.626686293774199044e+00 3.433342177563261544e+00 1.439712721996855294e+00 1.775650221996855294e+00 6.188461501293730294e+00 6.370926100903105294e+00 3.281265456371855294e+00 1.273661061018044904e+01 7.737571913891386544e+00 2.929962355785917794e+00 2.880417067699980294e+00 6.089309889965605294e+00 2.176529128246855294e+00 9.005912978344511544e+00 3.430788108640427936e-01 3.467704970532011544e+00 3.075844008617949044e+00 4.188141066723417794e+00 4.974243361645292794e+00 -5.216672828859572064e-01 6.322128493481230294e+00 3.019722182446074044e+00 5.628280837231230294e+00 1.004426594465310529e+01 1.229788227766091779e+01 1.155482502668435529e+01 8.841232497387480294e+00 8.611793715649199044e+00 -1.097472946948457206e+00 5.135421950512480294e+00 5.976089675121855294e+00 2.557716567211699044e+00
1.080727406232888654e+01 1.195088978498513654e+01 2.780662734203886544e+00 4.014579970532011544e+00 -2.766769211596894706e+00 2.275673110180449044e+00 7.120058128171677936e-01 8.307586867504667794e+00 5.555984694653105294e+00 1.103447743146951154e+01 9.659858901196074044e+00 -1.199424546069550956e+00 -1.543571274585175956e+00 3.210975844555449044e+00 7.904434401684355294e+00 2.078779621809060529e+01 4.261467177563261544e+00 -5.912193100757050956e+00 6.892578322582792794e+00 9.699403831296677936e-01 3.789283950024199044e+00 1.306401844709451154e+01 1.238105971508574044e+00 4.521309096508574044e+00 -1.485416392595236346e+01 3.106598097973417794e+00 6.461746413403105294e+00 1.589550801008279279e+01 1.794856281965310529e+01 9.852310378246855294e+00 5.616729933910917794e+00 -9.288556984133009564e-01 6.084350783520292794e+00 9.632354933910917794e+00 -9.501417091554884564e-01 -6.000821998781447064e-01 -8.139968674487519706e+00 1.140625019758279279e+01 1.430172749250466779e+01 1.423248310773904279e+01 3.620727736645292794e+00 5.614931175046677936e-01 2.294189650707792794e+00 -7.327049057788300956e+00 8.098146507077927936e-01 4.349901267820115436e-01 -5.029746811694550956e+00 5.010849196606230294e+00 1.324920851879667794e+00 7.941047866039824044e+00 -1.285850327319550956e+00 8.976425368481230294e+00 4.490982253246855294e+00 3.337646681957792794e+00 -1.328763560563986346e+01 -1.351584224016134783e+01 1.493385512524199044e+00 1.140075881176542794e+00 1.405024738996560529e+01 5.506981093578886544e+00 1.749732228010232404e+01 1.440206928937966779e+01 -7.146209519214082206e+00 -7.258758347339082206e+00 -9.136325638598847831e+00 -8.892362526125197064e-01 -5.716399948901582206e+00 7.976533958249802936e-01 1.925544936352324044e+00 4.845077712231230294e+00 -4.988708298510957206e+00 8.369643383574043582e-03 -3.331602028078322064e-01 -2.585197251147675956e+00 -5.503440659350800956e+00 4.028717238598417794e+00 9.685104567699980294e+00 1.881027419262480294e+00 -5.032041481203322064e-01 2.674392897778105294e+00 -3.430740158862519706e+00 3.514000136547636544e+00 1.840622145824980294e+00 1.154510695629667794e+00 1.872169692211699044e+00 1.908600051098417794e+00 -1.095809738940644706e+00 -2.164457252687697064e-01 -3.252807419604707206e+00 4.840027053051542794e+00 5.916259963207792794e+00 5.624443251782011544e+00 7.038353163891386544e+00 5.608246047192167794e+00 5.683738906078886544e+00 -4.629058640307832206e+00 -1.064636032885957206e+00 -2.107230942553925956e+00 1.814827162914824044e+00 2.999134748513654358e-02 -1.791747849292207206e+00 8.405458518796677936e-01 -3.422569077319550956e+00 -3.082671921557832206e+00 4.683006484203886544e+00 1.972412306957792794e+00 2.630584914379667794e+00 4.405555922680449044e+00 6.048210341625761544e+00 1.795135695629667794e+00 9.280616957836699044e+00 4.795410353832792794e+00 1.164706440656716779e+01 1.236255665510232404e+01 1.088246937482888654e+01 7.837173659496855294e+00 1.237313099592263654e+01 -2.079986374682832206e+00 -8.189084938234572064e-01 1.672157485180449044e+00 -2.878852646655488456e+00 1.140679188459451154e+01 1.018942280500466779e+01 1.702159901350076154e+01 9.411354262524199044e+00 8.672393996410917794e+00 9.394333083324980294e+00 3.206947524242949044e+00 4.833763320141386544e+00 -9.670865944093947064e-01 2.885505873852324044e+00 3.414573867016386544e+00 8.653549391918730294e+00 7.160904128246855294e+00 -3.626663010425019706e+00 2.235862929516386544e+00 -4.031478684253144706e+00 6.678863722973417794e+00 5.046730239086699044e+00 1.373077590160917794e+00
1.106523915021951154e+01 2.089920241528105294e+00 3.224952895336699044e+00 6.492752272778105294e+00 6.209297377758574044e+00 -3.924392502612519706e+00 4.589922019773240436e-01 2.880935866528105294e+00 5.144767958813261544e+00 5.940117079907011544e+00 1.048149891584451154e+01 5.918274123364042794e+00 -6.270469467944550956e+00 -3.557021897143769706e+00 1.195617873364042794e+00 3.935043532543730294e+00 9.002382346921677936e-01 1.014297682934355294e+00 1.100325794904763654e+01 5.604080397778105294e+00 3.972336013012480294e+00 -1.023883036882345721e+01 -1.737592628664259564e-01 2.149265309064919904e+01 -4.816947739428925956e+00 3.908920485668730294e+00 7.530044753246855294e+00 -3.984351914233613456e+00 6.718141624265427936e-01 -5.914932053393769706e+00 3.724075514965605294e+00 6.520958144360136544e+00 6.188125807934355294e+00 4.964607436352324044e+00 3.381485182934355294e+00 4.779512473874802936e-01 -7.318633835620332206e+00 1.759869404523904279e+01 2.040679188459451154e+01 1.505533619611794904e+01 -1.143447678393769706e+00 7.265915114574980294e+00 5.040573317699980294e+00 1.082077223949980294e+00 4.861969191723417794e+00 3.988647658520292794e+00 4.737938124828886544e+00 4.803436476879667794e+00 -3.637675554220720642e-02 -1.994537155932832206e+00 -7.021964829272675956e+00 1.310649128644998029e+01 1.090090962141091779e+01 2.547271926098417794e+00 -9.243350785083222831e+00 -1.096313278979707206e+00 5.268463332348417794e+00 1.614891249828886544e+00 6.634842116528105294e+00 6.354919631176542794e+00 1.156719227521951154e+01 1.770074482648904279e+01 -2.690490525073457206e+00 -4.514343064135957206e+00 -4.921890061206269706e+00 1.628334242992949044e+00 3.126892287426542794e+00 5.838432509594511544e+00 4.382713515453886544e+00 -5.659782212085175956e+00 8.278963157468552936e-01 -5.331724098390822064e-01 -1.765592506593947064e-01 3.856346327953886544e+00 -1.116866867846894706e+00 -4.604408066577363456e+00 1.002661152570779279e+01 -1.413314621753144706e+00 3.707565505199980294e+00 9.918510634594511544e+00 -3.936904709643769706e+00 9.300499159985136544e+00 5.532119948559355294e+00 3.770753928952927936e-01 3.080093581371855294e+00 -3.479110520190644706e+00 -3.308013718432832206e+00 4.894640037351365436e-01 4.251329490476365436e-01 5.399818617992949044e+00 1.162169666975076154e+01 1.617004592114042794e+00 8.231590468578886544e+00 1.400771351545388654e+01 -4.205703537768769706e+00 -6.145017555422072064e-01 2.339859206371855294e+00 -1.573943894214082206e+00 1.499101707273240436e-01 -8.699630539721894706e+00 -1.872024338550019706e+00 -2.465972702807832206e+00 -4.698867600268769706e+00 9.893608290844511544e+00 2.472931105785917794e+00 5.891586501293730294e+00 -4.464813034839082206e+00 4.699539382153105294e+00 6.491546828442167794e+00 8.024971205883574044e+00 1.081421681135232404e+01 1.118169422834451154e+01 9.914741713696074044e+00 1.390650196760232404e+01 5.358238417797636544e+00 7.539726454907011544e+00 8.961250502758574044e+00 1.667831618481230294e+00 7.966339308910917794e+00 1.465233046703886544e+00 -5.332792213625197064e-01 1.119511433332498029e+01 1.340197773664529279e+01 6.440765578442167794e+00 9.556793410473417794e+00 7.062965590649199044e+00 3.837074477367949044e+00 5.678459365063261544e+00 1.243362624340605294e+00 4.523201186352324044e+00 2.418724257641386544e+00 5.856554099851365436e-01 1.332659931867654279e+01 4.591049391918730294e+00 7.215690810375761544e+00 4.734474379711699044e+00 -8.055494239992384564e-01 1.088594074934060529e+01 6.953338820629667794e+00 3.388633925610136544e+00
8.373535353832792794e+00 2.853624412351365436e-01 5.634773451977324044e+00 6.526710707836699044e+00 5.556450087719511544e+00 5.563247878246855294e+00 1.047579212873513654e+01 3.405395705395292794e+00 -5.800321510500197064e-01 3.039375502758574044e+00 8.824638564282011544e+00 -1.941062729663300956e+00 -1.067201976091330096e+01 7.824661452465605294e+00 8.484298903637480294e+00 1.840257282941873029e+01 5.773338515453886544e+00 3.150444228344511544e+00 1.735119648664529279e+01 7.145897109203886544e+00 -3.655853073901582206e+00 3.275810439282011544e+00 -8.189372331564470642e-02 1.200962849348123029e+01 1.609840412824685529e+01 1.303372975080544904e+01 3.838562209301542794e+00 4.707184035473417794e+00 -3.700462143725800956e+00 7.306709487133574044e+00 5.972763259106230294e+00 9.471580702953886544e+00 4.728347975903105294e+00 1.121990986555154279e+01 1.309288807600076154e+01 1.941551406078886544e+00 -1.213271897143769706e+00 1.047439594953591779e+01 4.122177321606230294e+00 3.298969953591779358e-02 -1.024978440112519706e+00 3.611664015942167794e+00 3.975967604809355294e+00 3.821151930981230294e+00 3.079277236157011544e+00 -4.076995652026582206e+00 -1.492169932634298846e+01 1.583175856762480294e+00 3.560844618969511544e+00 1.770402976804490436e-01 -7.438285630053925956e+00 -3.973716538257050956e+00 9.735260207348417794e+00 3.583801467114042794e+00 3.193573195629667794e+00 6.132545668774199044e+00 -1.130096237964082206e+00 2.927368361645292794e+00 -5.090148728198457206e+00 2.267288405590605294e+00 -5.243499558276582206e+00 1.609826679914529279e+01 -2.273986033708517596e+01 7.770927626782011544e+00 -1.124598674089376971e+01 1.082081623762185529e+01 4.116256911449980294e+00 -1.673977259904806658e+01 1.479896742992949044e+00 5.321533400707792794e+00 -5.415954392260957206e+00 2.861602980785917794e+00 -3.985534470385957206e+00 -6.084669044679884564e-01 2.436546523266386544e+00 3.309395034008574044e+00 3.570114333324980294e+00 8.978241164379667794e+00 -1.884391587085175956e+00 7.881073195629667794e+00 1.161973591535623029e+01 3.274849135571074044e+00 6.165481764965605294e+00 2.418716628246855294e+00 8.380150038891386544e+00 7.568702895336699044e+00 6.103981215649199044e+00 7.132820326977324044e+00 7.160690505199980294e+00 5.792122084789824044e+00 9.874191481762480294e+00 7.972795554929490436e-01 7.327606398754667794e+00 2.816757399731230294e+00 -7.716291359133009564e-01 -1.982559006518769706e+00 -4.419235031909394706e+00 -3.586883347339082206e+00 4.429695326977324044e+00 7.932741233640427936e-01 -4.084731858081269706e+00 -3.863258164233613456e+00 -3.039443772143769706e+00 6.315468032055449044e+00 4.326225478344511544e+00 -1.926406662768769706e+00 5.839058119946074044e+00 5.163292128735136544e+00 3.433593947582792794e+00 2.791229445629667794e+00 9.501220900707792794e+00 1.106226368635232404e+01 1.159001942365701154e+01 9.806686598949980294e+00 1.155791493146951154e+01 7.567070204907011544e+00 2.841263014965605294e+00 7.127632338696074044e+00 8.746139723949980294e+00 9.328102309399199044e+00 4.042579848461699044e+00 6.267212111645292794e+00 8.185356337719511544e+00 8.610832411938261544e+00 2.129203993969511544e+00 7.191230971508574044e+00 5.675583083324980294e+00 3.325302321606230294e+00 9.585373122387480294e+00 3.280220229321074044e+00 1.893570143871855294e+00 5.642212111645292794e+00 1.200951405256326154e+01 1.798151417463357404e+01 9.998703200512480294e+00 2.896577903562302936e-01 9.415176589184355294e+00 5.528808791332792794e+00 5.081245619946074044e+00 9.195739943676542794e+00
6.868293959789824044e+00 6.939872939282011544e+00 6.865379531078886544e+00 4.014450270824980294e+00 -1.442039292163300956e+00 1.107078749828886544e+00 -4.917793076342988456e+00 -3.248969834155488456e+00 8.483125755124802936e-01 -3.284553330249238456e+00 -2.124648850268769706e+00 5.178589064770292794e+00 5.375724990063261544e+00 2.141102619855935529e+01 -1.033233444995332206e+00 3.492004592114042794e+00 5.346336562328886544e+00 1.782436390607888654e+01 1.302606983869607404e+01 1.964931507795388654e+01 1.188240248852324044e+00 7.167976576977324044e+00 5.224502761059355294e+00 1.727686329572732404e+01 1.496002394848417794e+00 1.024887282543730294e+00 2.737892348461699044e+00 5.853409011059355294e+00 -6.848350327319550956e+00 3.862404067211699044e+00 8.187729079418730294e+00 1.001873799055154279e+01 5.826904494457792794e+00 8.328758437328886544e+00 1.081051655500466779e+01 6.395454604321074044e+00 -9.181592872804884564e-01 5.615922996335740436e-01 1.366356093578886544e+00 -6.155349533862519706e+00 -5.867271225757050956e+00 -4.476989548510957206e+00 -8.749692848390822064e-01 -5.733779709643769706e+00 -3.963317673510957206e+00 3.729469496899199044e+00 -1.182207469255392596e+01 -1.882339279956269706e+00 -1.561248581714082206e+00 6.658828932934355294e+00 -3.039771836108613456e+00 -3.874282639331269706e+00 -1.221259873217988456e+00 -7.569120338625197064e-01 -1.016363124162619158e+01 2.941429335766386544e+00 -3.325759690112519706e+00 1.558609206371855294e+00 -9.312534134692597831e+00 5.444389540844511544e+00 1.050805683820779279e+01 6.077423293285917794e+00 -1.209243373186056658e+01 -1.705940048999238456e+00 2.608596999340605294e+00 -2.667785446948457206e+00 -1.264523295671408221e+01 7.989351341062302936e-01 -2.781326096362519706e+00 -5.275718491382050956e+00 1.317596633129667794e+00 4.828636367016386544e+00 -2.433379929370332206e+00 -8.264236252612519706e+00 9.215439040356230294e+00 6.161827284985136544e+00 2.755890090160917794e+00 4.547744948559355294e+00 -1.447852890796113456e+00 -1.725555781633322283e+01 6.667419631176542794e+00 -7.914829056567597831e+00 -3.277585914797072064e-01 3.875694472485136544e+00 3.951317031078886544e+00 2.781944472485136544e+00 8.454151838357404358e-02 9.144081313305449044e+00 7.868057448559355294e+00 8.845306594067167794e+00 7.037584373288865436e-01 4.169304091625761544e+00 3.388923842602324044e+00 5.437599379711699044e+00 7.955108840160917794e+00 4.318298537426542794e+00 3.929336745434355294e+00 7.233139235668730294e+00 8.043503005199980294e+00 2.291595656567167794e+00 1.098625380688261544e+00 -5.108451645678925956e+00 7.579940993481230294e+00 1.207855422192167794e+00 7.123123366528105294e+00 1.943474013500761544e+00 4.326515395336699044e+00 9.186020095043730294e+00 1.009001179426248029e+01 6.093559462719511544e+00 6.127502638989042794e+00 5.652511794262480294e+00 6.265129286938261544e+00 9.340988356762480294e+00 9.568786818676542794e+00 4.786926467114042794e+00 2.967560012035917794e+00 5.325210768871855294e+00 7.581657607250761544e+00 1.510463734357888654e+01 7.902069289379667794e+00 6.264938552074980294e+00 6.598861891918730294e+00 3.827850539379667794e+00 6.056846816235136544e+00 6.444824416332792794e+00 4.651794631176542794e+00 5.038223464184355294e+00 7.902099806957792794e+00 2.705726821117949044e+00 9.473182875805449044e+00 5.626869399242949044e+00 1.126554890363748029e+01 1.025520344465310529e+01 2.246498305492949044e+00 1.084412403791482404e+01 7.366676528149199044e+00 9.641166884594511544e+00 4.609855849438261544e+00 1.294594008617949044e+00
4.591102797680449044e+00 1.122433491437966779e+01 5.435928542309355294e+00 -3.017776291675019706e+00 -2.205886643237519706e+00 6.173492629223417794e+00 4.848365981274199044e+00 5.327303001218552936e-01 -1.606468003100800956e+00 1.115003224103982404e+01 1.535275288312966779e+01 6.526466567211699044e+00 -2.139892380542207206e+00 9.015243727856230294e+00 9.412811476879667794e+00 1.565107746809060529e+01 3.433113295727324044e+00 1.076166554182107404e+01 4.675628859692167794e+00 -1.938606064624238456e+00 -5.974807541675019706e+00 -1.998594215578322064e-01 -8.779620926684785331e+00 1.177146168439919904e+01 4.043556410961699044e+00 -3.027801316089082206e+00 3.928344924145292794e+00 7.111427504711699044e+00 -9.891490738696504081e+00 6.819381911449980294e+00 5.720245558910917794e+00 3.578422743969511544e+00 4.904899794750761544e+00 6.686098167234177936e-01 1.116203327863748029e+01 1.278768940656716779e+01 7.788620192699980294e+00 5.442749221020292794e+00 4.579910475903105294e+00 4.325767714672636544e+00 -1.520026963061738456e+00 -9.819181373781447064e-01 -1.046920375139181658e+01 8.460479933910917794e+00 5.077745506101365436e-01 -4.526061814135957206e+00 4.923958022289824044e+00 -4.901710312671113456e+00 -1.065429286271994158e+01 3.467819411449980294e+00 -1.494070033342306658e+01 -4.040946762866425956e+00 3.956909377270292794e+00 2.359886367016386544e+00 -8.861446183032441581e+00 4.263107497387480294e+00 -8.920028488940644706e+00 -5.080650132007050956e+00 -1.806228440112519706e+00 1.382885761945779279e+01 -2.448509018725800956e+00 8.148576804929490436e-01 -4.644744675464082206e+00 7.575227805906052936e-01 8.548240859203886544e+00 -6.721511643237519706e+00 -1.532791117937033221e+01 -6.475356858081269706e+00 4.609100539379667794e+00 -8.460235398120332206e+00 -3.942077439135957206e+00 9.435058791332792794e+00 -9.594322007007050956e+00 5.244018752270292794e+00 2.724212844067167794e+00 8.957840163403105294e+00 2.238510329418730294e+00 1.091217238598417794e+00 2.821962425046677936e-01 -9.584274094409394706e+00 -3.795501511401582206e+00 -3.404716294116425956e+00 -3.306327622241425956e+00 1.437980849438261544e+00 -6.798850815600800956e+00 -1.555145066089082206e+00 -6.875221054858613456e+00 3.286995131664824044e+00 7.655189711742949044e+00 4.132538039379667794e+00 -7.994764259523634564e-01 -1.358749192065644706e+00 -2.116683762378144706e+00 8.390861708813261544e+00 7.593971450024199044e+00 7.769539076977324044e+00 8.980240065746855294e+00 1.703946705549294904e+01 1.324802418439919904e+01 1.854278762035917794e+00 9.347307273679490436e-01 -1.384658615893769706e+00 3.554329116039824044e+00 5.824218947582792794e+00 1.427778645246560529e+01 1.284353657453591779e+01 3.812759596996855294e+00 1.996475417309355294e+00 7.781082350903105294e+00 6.056305129223417794e+00 8.120948989086699044e+00 2.049476821117949044e+00 4.957802016430449044e+00 7.522484023266386544e+00 8.939987380199980294e+00 -6.912153175539259564e-01 1.753463942699980294e+00 8.636322219067167794e+00 6.993622023754667794e+00 7.506927687817167794e+00 1.146176930158669904e+01 1.539373036115701154e+01 8.272583205395292794e+00 5.222969252758574044e+00 2.220031935864042794e+00 -2.595596115893769706e+00 1.755447585278105294e+00 7.269517967038865436e-01 4.647361952953886544e+00 2.283859450512480294e+00 2.818496901684355294e+00 4.247177321606230294e+00 1.096460743635232404e+01 1.135692616193826154e+01 7.676902968578886544e+00 6.815536696606230294e+00 7.317413527660917794e+00 4.895858962231230294e+00 -1.210311692065644706e+00 1.376040669172341779e+01
4.474212844067167794e+00 8.801376540356230294e+00 6.383590895824980294e+00 1.916420180492949044e+00 -1.877212326831269706e+00 -7.023826401538300956e+00 2.332344252758574044e+00 1.069422169416482404e+01 1.048801441877419904e+01 1.705223103254373029e+01 3.883323867016386544e+00 9.131843764477324044e+00 1.582337208478982404e+01 4.359039504223417794e+00 -2.258903305835175956e+00 1.306091506176542794e+00 -9.134519508547072064e-01 -1.194290522844259783e+01 8.144905287914824044e+00 3.331703383617949044e+00 -3.060912888354707206e+00 2.325950820141386544e+00 6.985756117992949044e+00 -1.036147873706269706e+00 -3.723905494875197064e-01 3.284225661449980294e+00 5.147560317211699044e+00 6.640678603344511544e+00 8.027269431882615436e-01 3.255554396801542794e+00 5.889366347485136544e+00 5.054054457836699044e+00 4.673149306469511544e+00 -1.435738734514181658e+01 -7.340984146899629081e+00 9.708191115551542794e+00 1.363839741437966779e+01 1.064085407941873029e+01 5.561523635082792794e+00 3.886596877270292794e+00 1.932228285961699044e+00 5.471672255688261544e+00 2.149055678539824044e+00 1.905502516918730294e+00 -1.482200424975800956e+00 -9.115382950610566581e+00 6.597915846996855294e+00 -5.018546860522675956e+00 -2.983199875659394706e+00 5.219215590649199044e+00 -4.623122971362519706e+00 -1.894042771167207206e+00 -3.125983994311738456e+00 -2.077422898120332206e+00 -1.337222270280783221e+01 -1.333501796037619158e+01 6.339889723949980294e+00 -1.364213542253439471e+01 8.073440749340605294e+00 3.766433913403105294e+00 -6.218078415698457206e+00 3.360458571606230294e+00 -1.157295588762228533e+01 3.685020644360136544e+00 6.176109511547636544e+00 -1.971572678393769706e+00 -4.794021408862519706e+00 -4.321822922534394706e+00 2.932136733227324044e+00 9.779083449535917794e+00 -2.912086289233613456e+00 1.060806471996855294e+00 -4.591506760425019706e+00 1.274304218977029279e+01 -4.075141709155488456e+00 -9.550321510500197064e-01 -4.665138047046113456e+00 7.892791945629667794e+00 -4.576804917163300956e+00 5.853935439282011544e+00 3.040596205883574044e+00 8.525535781078886544e+00 -5.957664292163300956e+00 9.795234877758574044e+00 -2.896098405783220642e-02 -2.673751633471894706e+00 -6.263541977710175956e+00 2.194732863598417794e+00 5.156761367016386544e+00 8.221206862621855294e+00 8.762590476804490436e-01 3.528091628246855294e+00 1.025350971906716779e+01 1.055133076398904279e+01 1.364543934553201154e+01 1.862179585187966779e+01 1.766477986066873029e+01 1.821968861311013654e+01 1.364590473859841779e+01 1.164237232893044904e+01 4.168892104321074044e+00 1.841324050121855294e+00 1.731590468578886544e+00 2.026321608715605294e+00 -3.496413986987519706e+00 1.760292250805449044e+00 7.381790358715605294e+00 9.000976760082792794e+00 3.334065168435529358e-02 4.492325026684355294e+00 6.234802443676542794e+00 4.419288832836699044e+00 2.459976393871855294e+00 3.568802077465605294e+00 -3.430053513354707206e+00 -4.893491676515822064e-01 6.344040114574980294e+00 1.099781819074685529e+01 9.892732688718552936e-01 6.728515822582792794e+00 1.374430866926248029e+01 1.172863789289529279e+01 6.931755263500761544e+00 2.276413161449980294e+00 7.284630019360136544e+00 3.817383010082792794e+00 6.224044997387480294e+00 3.736717421703886544e+00 7.526680190258574044e+00 -1.270751755542207206e+00 1.775299269848417794e+00 2.631530959301542794e+00 9.697708327465605294e+00 1.662231642895292794e+00 -4.239921372241425956e+00 7.657615859203886544e+00 1.906433303051542794e+00 6.732872206860136544e+00 1.484443862133574044e+00 -1.084152024096894706e+00
7.888809401684355294e+00 5.937027175121855294e+00 5.563080031567167794e+00 7.365608412914824044e+00 -2.476012986010957206e+00 -1.817329209155488456e+00 1.016634388654763654e+01 3.878051955395292794e+00 1.969749648266386544e+00 8.915580947094511544e+00 -1.813026230639863456e+00 -1.431999008960175956e+00 5.767616469555449044e+00 -4.627208024923845642e-02 -1.784553330249238456e+00 3.539459426098417794e+00 1.354201527326638654e+01 4.110023696117949044e+00 1.223220844953591779e+01 9.309738356762480294e+00 7.025352675610136544e+00 9.829765517407011544e+00 7.799690444164824044e+00 4.030395705395292794e+00 1.972603041821074044e+00 5.026573378735136544e+00 5.195228774242949044e+00 2.265474387937302936e-01 1.028389759748513654e+01 1.460000630109841779e+01 4.983604628735136544e+00 -3.319053452319550956e+00 9.435579368406052936e-01 4.666092116528105294e+00 3.271530348949980294e+00 7.003517348461699044e+00 1.044934864728982404e+01 9.858635146313261544e+00 4.904686171703886544e+00 8.658525535398240436e-01 6.300966331296677936e-01 1.172740193098123029e+01 3.442245680981230294e+00 -7.081123154467988456e+00 -1.446259288103048846e+01 -4.232650559253144706e+00 8.740852553539824044e+00 -5.246757309741425956e+00 -5.542152207202363456e+00 4.199730117016386544e+00 9.210190016918730294e+00 7.987291404538865436e-01 -1.302237681657736346e+01 2.308113295727324044e+00 4.688965041332792794e+00 -2.656295578784394706e+00 -3.472974708742384564e-01 -6.600280564135957206e+00 7.981888014965605294e+00 -1.586759498781447064e-01 -4.100173752612519706e+00 -1.338864115983908221e+01 -1.080530909807150408e+01 9.398330886059355294e+00 9.220016677074980294e+00 -8.549842636889863456e+00 6.541115004711699044e+00 3.210876662426542794e+00 -4.448081772632050956e+00 2.090172011547636544e+00 8.784118849926542794e+00 2.089210707836699044e+00 2.069336135082792794e+00 9.054338523679490436e-01 -1.346824448413300956e+00 -6.124000351733613456e+00 -4.488303940600800956e+00 1.309747334211404279e+01 -3.184577744311738456e+00 4.496406752758574044e+00 3.405853469067167794e+00 -2.254524033374238456e+00 -1.547700862199728533e+01 7.331344802074980294e+00 6.815704543285917794e+00 1.664100844555449044e+00 -6.143720558351759564e-01 1.035146351545388654e+01 9.378074843578886544e+00 8.356872756176542794e+00 5.984565932446074044e+00 5.823684889965605294e+00 8.221100051098417794e+00 6.809257704907011544e+00 5.827141005688261544e+00 -2.101280014819550956e+00 1.215288563459451154e+01 1.166728230207498029e+01 6.379600722485136544e+00 5.547043044262480294e+00 2.529342848949980294e+00 -8.753577988452363456e+00 1.239395339184355294e+00 9.702324111157011544e+00 1.285774428539824044e+00 -2.073303025073457206e+00 9.043457228832792794e+00 1.087499256818826154e+01 2.680664260082792794e+00 1.631920058422636544e+00 3.984016616039824044e+00 8.018570143871855294e+00 1.765861708813261544e+00 6.877281386547636544e+00 -4.638593605226759564e-01 2.551674086742949044e+00 1.831123549633574044e+00 -5.742248337573457206e+00 3.375068862133574044e+00 9.127014357739042794e+00 1.009829731672341779e+01 7.118919570141386544e+00 3.700470168285917794e+00 -6.278150489992384564e-01 4.300308425121855294e+00 2.545379836254667794e+00 6.777443129711699044e+00 3.422332961254667794e+00 5.879272658520292794e+00 2.386741835766386544e+00 5.109062392407011544e+00 -4.625358383960175956e+00 9.434112746410917794e+00 3.207306105785917794e+00 6.731270034008574044e+00 5.837099143796677936e-01 3.646522719555449044e+00 -3.687560837573457206e+00 5.680343825512480294e+00 1.380004902570779279e+01
1.206391163557107404e+01 1.458279438703591779e+01 7.535537917309355294e+00 1.554730244367654279e+01 7.513061721020292794e+00 -1.653037827319550956e+00 6.919357497387480294e+00 4.032798964672636544e+00 -1.888824265307832206e+00 1.282022114484841779e+01 1.287427540510232404e+01 7.991867263012480294e+00 1.067863484113748029e+01 6.509935447507615436e-01 -2.260129860109572064e-01 9.349748679929490436e-01 1.786400038891386544e+00 1.247377033918435529e+01 1.919761855297636544e+00 2.464859206371855294e+00 2.775352675610136544e+00 -4.989616196460175956e+00 7.804046828442167794e+00 7.882539817624802936e-01 -2.814086716479707206e+00 1.227102680891091779e+01 2.247253615551542794e+00 -5.187873642749238456e+00 1.712670918195779279e+01 1.323683949201638654e+01 2.197761733227324044e+00 -4.679328720874238456e+00 2.150804588132615436e-01 2.902816970043730294e+00 -5.067779343432832206e+00 -2.392805031008009564e-01 4.934402663403105294e+00 9.691421706371855294e+00 8.196464736157011544e+00 7.768785545163865436e-01 6.114792067699980294e+00 1.102880879133279279e+01 7.725799758129667794e+00 -1.292676905900900408e+01 -1.725258235246603533e+01 -2.108848374194550956e+00 2.860862929516386544e+00 1.050505085676248029e+01 7.950393874340605294e+00 8.230545241528105294e+00 -5.142066757983613456e+00 6.156265456371855294e+00 9.613420554929490436e-01 -2.107574265307832206e+00 4.124923903637480294e+00 -6.860511582202363456e+00 -1.793133906633322283e+01 1.197746474438261544e+00 -1.329951457292501971e+01 -1.042982463151876971e+01 -1.059524134904806658e+01 -1.109504502124238456e+00 -1.022356776506369158e+01 -8.432052414721894706e+00 -1.434104721850800956e+00 -5.407867234057832206e+00 -3.716773789233613456e+00 1.789410420148904279e+01 2.760666091137480294e+00 7.520363051586699044e+00 5.200531203442167794e+00 5.171264846020292794e+00 -1.155445079118673846e+01 -4.901054184741425956e+00 1.305870838850076154e+01 -6.199790757007050956e+00 5.370643813305449044e+00 8.021728713207792794e+00 -7.151550095385957206e+00 4.281631667309355294e+00 3.067901808910917794e+00 -2.051978867358613456e+00 -7.481345932788300956e+00 5.855621535473417794e+00 7.474449355297636544e+00 3.345619399242949044e+00 2.908439833813261544e+00 1.322525807111794904e+01 4.369507033520292794e+00 5.484039504223417794e+00 1.050766010969216779e+01 6.976631362133574044e+00 9.807792861157011544e+00 6.372497756176542794e+00 8.860824782543730294e+00 5.778160292797636544e+00 4.511779982739042794e+00 3.352035720043730294e+00 -7.515853684253144706e+00 5.634857375317167794e+00 3.144685813718552936e-01 4.826774794750761544e+00 1.445785720043730294e+00 6.034774977856230294e+00 7.569664199047636544e+00 4.580589492016386544e+00 2.343803603344511544e+00 2.164154250317167794e+00 1.131653029614042794e+00 2.551368910961699044e+00 2.830719191723417794e+00 -3.474105637378144706e+00 8.547477919750761544e+00 4.516174513989042794e+00 5.373855788403105294e+00 1.950157363110136544e+00 4.571853835278105294e+00 -8.867553513354707206e+00 -2.017486374682832206e+00 1.156274433820779279e+01 4.495788771801542794e+00 3.597137648754667794e+00 1.098381240063261544e+00 2.861864158445115436e-01 7.063690383129667794e+00 8.618950087719511544e+00 1.787559706860136544e+00 5.638786513500761544e+00 9.187622267895292794e+00 4.838875014477324044e+00 1.581909377270292794e+00 2.886219709451154358e-02 5.453254897289824044e+00 1.210453816144998029e+01 8.449234206371855294e+00 -1.338142197436738456e+00 7.981849867992949044e+00 -3.052825730151582206e+00 4.339538771801542794e+00 4.441559035473417794e+00
1.219802876203591779e+01 1.330030842512185529e+01 9.289657790356230294e+00 6.548134047680449044e+00 5.494072158032011544e+00 4.490493971996855294e+00 4.487228591137480294e+00 2.678215224438261544e+00 1.168254109113748029e+01 1.306745167463357404e+01 2.691063124828886544e+00 1.288017470532011544e+00 3.348655898266386544e+00 8.025169570141386544e+00 1.794082839184355294e+00 3.542778212719511544e+00 8.605789382153105294e+00 1.951637465649199044e+00 1.974800307446074044e+00 5.842453200512480294e+00 5.332115370922636544e+00 -2.711456101245332206e+00 6.381668288403105294e+00 7.763885695629667794e+00 1.586487013989042794e+00 2.089210707836699044e+00 -3.946731369800019706e+00 1.732689101391386544e+00 1.132714100568826154e+01 8.547212669187302936e-01 -3.364906113452363456e+00 -5.099052231616425956e+00 -5.462158005542207206e+00 -5.641486923999238456e+00 -4.306091111010957206e+00 4.682800490551542794e+00 6.720985610180449044e+00 9.972076613598417794e+00 6.474464614086699044e+00 6.458893019848417794e+00 8.410865981274199044e+00 7.888069350414824044e+00 5.440773207836699044e+00 2.026581008129667794e+00 -4.354614060229707206e+00 -7.957225601977754081e+00 1.881172377758574044e+00 7.914085585766386544e+00 6.270141799145292794e+00 7.966812331371855294e+00 5.838722426586699044e+00 -2.420287888354707206e+00 1.236175734692167794e+00 -1.849662583178925956e+00 -8.409225266284394706e+00 -5.615623276538300956e+00 -5.995307724780488456e+00 5.756653029614042794e+00 4.733139235668730294e+00 -4.902686875171113456e+00 -5.307462623781447064e-01 -9.522517960376191581e+00 -8.090137284106660331e+00 -1.179641526050019706e+00 -6.792121689624238456e+00 5.140030104809355294e+00 -2.250495713061738456e+00 5.305389601879667794e+00 1.996818740063261544e+00 -6.650527756518769706e+00 1.220132466047341779e+01 -3.117950241870332206e+00 -1.513961009294455096e+01 -5.740028183764863456e+00 1.776962300031716779e+01 -2.907699387378144706e+00 7.470825392895292794e+00 1.112814350812966779e+01 -1.896690171069550956e+00 4.503219802074980294e+00 9.129425246410917794e+00 -1.742507736987519706e+00 7.740234572582792794e+00 2.608322341137480294e+00 5.366211135082792794e+00 7.217506606274199044e+00 1.816909987621855294e+00 1.087548084943826154e+01 7.184471327953886544e+00 9.141853530102324044e+00 4.713775832348417794e+00 1.396728713207792794e+00 1.073820515363748029e+01 1.066933460920388654e+01 7.639801222973417794e+00 1.039030476301248029e+01 5.473961074047636544e+00 -7.226636818117384564e-01 7.432252952390427936e-01 8.076408583813261544e+00 8.194648940258574044e+00 6.055595595532011544e+00 1.070662708967263654e+01 6.192474562817167794e+00 7.351152488523240436e-01 1.634964186840605294e+00 -1.191459458178925956e+00 4.526100356274199044e+00 -3.687894752687697064e-01 -4.019145280783220642e-02 1.737625319653105294e+00 -5.949600022143769706e+00 5.295967299633574044e+00 3.217552382641386544e+00 3.703972060375761544e+00 7.400056907468552936e-01 3.672867018871855294e+00 1.565612990551542794e+00 -4.101255348390822064e-01 2.641617018871855294e+00 6.850357253246855294e+00 3.288757521801542794e+00 -4.584483415548845642e-02 3.563194472485136544e+00 7.288948256664824044e+00 5.746505934887480294e+00 1.874283034496855294e+00 6.833091933422636544e+00 6.897422988110136544e+00 1.988144118481230294e+00 2.755172927074980294e+00 5.354774672680449044e+00 4.929596144848417794e+00 -3.872660905783220642e-02 4.747926780515427936e-01 4.814445693188261544e+00 2.445091445141386544e+00 -9.567363541430879081e+00 -1.266258042163300956e+00 -3.989561012453322064e-01
8.678795058422636544e+00 2.239113051586699044e+00 9.550300795727324044e+00 4.830543715649199044e+00 3.319755751782011544e+00 6.124244887524199044e+00 7.053758689695115436e-01 1.953994948559355294e+00 4.071838576489042794e+00 5.417381484203886544e+00 2.557968337231230294e+00 1.686065693586404279e+01 1.305726643293435529e+01 -8.093107155031447064e-01 2.098854262524199044e+00 1.226206227033669904e+01 1.393392964094216779e+01 1.196019764631326154e+01 2.578361708813261544e+00 2.278404433422636544e+00 4.885330397778105294e+00 6.562843520336699044e+00 4.904167372875761544e+00 5.840515334301542794e+00 -4.511504929370332206e+00 5.288406569653105294e+00 6.590660292797636544e+00 8.215210158520292794e+00 1.851646620922636544e+00 5.492233473949980294e+00 6.564117629223417794e+00 2.520881850414824044e+00 3.891914565258574044e+00 6.359665114574980294e+00 6.746643263989042794e+00 4.334655959301542794e+00 7.950760085278105294e+00 1.133282490461404279e+01 5.879821974926542794e+00 1.920439167707498029e+01 8.757881362133574044e+00 9.021301467114042794e+00 8.623863417797636544e+00 1.855775901609177936e-01 6.005111891918730294e+00 5.650070388012480294e+00 -7.652786057300019706e+00 -5.726989548510957206e+00 9.906265456371855294e+00 -8.078010361499238456e+00 -5.749915879077363456e+00 -1.026649836809103533e+01 -1.303067378313009783e+01 1.558159072094511544e+00 1.016016407697732404e+01 1.442098255842263654e+01 1.129686424070115436e-01 -7.299598496264863456e+00 6.006149489574980294e+00 1.071647663801248029e+01 4.050926406078886544e+00 7.142212111645292794e+00 9.802932936840605294e+00 3.867952415281052936e-01 -3.313087265796113456e+00 6.723787376218552936e-01 -1.334802226335470721e+01 -9.130170753664259564e-01 1.891922194653105294e+00 -9.703376572436738456e+00 5.213409621410917794e+00 -3.415099900073457206e+00 -3.059356491870332206e+00 1.662928791730935529e+01 1.285575886457498029e+01 -7.417571823901582206e+00 6.511078078442167794e+00 1.635138722150857404e+01 4.023973533445115436e-01 -1.994323532885957206e+00 1.199212666242654279e+01 -3.385236671633009564e-01 8.859581191235136544e+00 2.705299575024199044e+00 -5.591476242846894706e+00 1.348757954328591779e+01 1.220715351789529279e+01 9.273452956371855294e+00 1.350585194318826154e+01 1.217796345441873029e+01 4.786270339184355294e+00 2.122146804028105294e+00 1.080107899396951154e+01 1.700866718977029279e+01 7.887161452465605294e+00 1.127133198469216779e+01 6.343017775707792794e+00 -2.570647995776582206e+00 1.070326252668435529e+01 1.484008986645292794e+00 9.572197158032011544e+00 9.729355055981230294e+00 1.123307820051248029e+01 9.973472792797636544e+00 3.219291884594511544e+00 4.839050490551542794e+00 1.920837599926542794e+00 7.131241042309355294e+00 6.623550612621855294e+00 -3.266141823000197064e-01 -1.977042954272675956e+00 5.179649550610136544e+00 -3.009948532885957206e+00 -2.776639869875197064e-01 7.080719191723417794e+00 1.832588393383574044e+00 3.802101332836699044e+00 5.660949904614042794e+00 5.303909499340605294e+00 8.291580397778105294e+00 6.760467726879667794e+00 2.936226088696074044e+00 2.496357648904279358e-02 2.983383376293730294e+00 6.934906203442167794e+00 2.043747145824980294e+00 -1.131652634448457206e+00 6.616440016918730294e+00 9.877456862621855294e+00 5.580604750805449044e+00 4.008163649731230294e+00 2.725235182934355294e+00 9.330370017820115436e-01 -4.247129371828322064e-01 -3.423332016772675956e+00 6.730293471508574044e+00 7.672044822507615436e-01 2.859459120922636544e+00 -1.505554001635957206e+00 2.854057509594511544e+00
7.429191786938261544e+00 -1.088386338061738456e+00 7.220260817699980294e+00 9.757530409985136544e+00 1.142354603498513654e+01 4.064567763500761544e+00 -2.301620285815644706e+00 9.454958030515427936e-01 2.943695265942167794e+00 7.706497389965605294e+00 1.478659077375466779e+01 1.357070942609841779e+01 1.528763014965605294e+00 -1.098335068530488456e+00 -5.300628464526582206e+00 -7.308486740893769706e+00 1.426012107663865436e-01 9.983345229321074044e+00 1.438720722883279279e+01 8.550697524242949044e+00 -1.327499192065644706e+00 -2.531745713061738456e+00 -5.969922950929884564e-01 7.997635085278105294e+00 8.572815138989042794e+00 8.019317824535917794e+00 2.732834059887480294e+00 2.054207045727324044e+00 8.014717299633574044e+00 1.456092091291482404e+01 6.538597304516386544e+00 -7.147443702883009564e-01 9.834259230785917794e+00 8.678619582348417794e+00 2.364921767407011544e+00 2.558304030590605294e+00 7.825332839184355294e+00 6.608665663891386544e+00 8.605064589672636544e+00 1.159046955793435529e+01 9.148803908520292794e+00 1.118446547680449044e+00 9.909822532468552936e-01 1.009100361555154279e+01 8.407501418285917794e+00 -3.710935524172072064e-01 -2.115066330737519706e+00 -1.529378108293478533e+01 -2.848769944018769706e+00 2.219413954907011544e+00 1.646698195629667794e+00 -3.383422653979707206e+00 -1.590667704851095721e+01 -1.106341151506369158e+01 1.569595534496855294e+00 -4.020919602221894706e+00 4.125557143383574044e+00 -1.216910151750509783e+01 -1.733682231218283221e+01 8.398407180004667794e+00 -1.389625351733613456e+00 1.394944020002419904e+01 1.126914234846169904e+01 2.466308791332792794e+00 1.025248738019998029e+01 3.119966575437302936e-01 1.540153701000761544e+00 1.006864948957498029e+01 3.926574904614042794e+00 2.773040969067167794e+00 -3.445098679370332206e+00 9.875747878246855294e+00 1.582901198559355294e+00 1.305812092512185529e+01 1.281675739973123029e+01 -4.875854294604707206e+00 9.912071425610136544e+00 6.699142653637480294e+00 2.010276992016386544e+00 -3.913657944507050956e+00 1.381485005109841779e+01 9.073379714184355294e+00 1.122029133527810529e+01 2.004745503156716779e+01 -3.199287216967988456e+00 7.151720115476365436e-01 5.313942153149199044e+00 1.355130024641091779e+01 5.596527297192167794e+00 1.761084004133279279e+01 1.701700611799294904e+01 5.714477736645292794e+00 2.348221022778105294e+00 1.438710804670388654e+01 7.123275954418730294e+00 9.622802931957792794e+00 4.304069716625761544e+00 6.324035842114042794e+00 6.643333632641386544e+00 8.613777358227324044e+00 1.309399433820779279e+01 1.111673756330544904e+01 -2.448118141359572064e-01 1.285707542234177936e-01 4.894394118481230294e+00 2.230545241528105294e+00 5.944000441723417794e+00 4.176086623364042794e+00 8.646019179516386544e+00 5.623504836254667794e+00 7.075119216137480294e+00 5.369545180492949044e+00 6.132904250317167794e+00 8.349395949535917794e+00 8.245010573559355294e+00 3.299949843578886544e+00 5.609344680004667794e+00 -1.743469040698457206e+00 4.542076308422636544e+00 5.281257826977324044e+00 8.180839736157011544e+00 -2.242844409394706418e-03 -2.420150559253144706e+00 2.912752219968552936e-01 1.056136341779763654e+01 7.309890944653105294e+00 -1.453964035815644706e+00 2.459503371410917794e+00 7.561279494457792794e+00 9.537643630199980294e+00 3.373779494457792794e+00 5.926582534008574044e+00 4.504701682859177936e-01 -2.273849289721894706e+00 9.635490615063261544e+00 -3.570182602710175956e+00 2.289467055492949044e+00 5.249069411449980294e+00 1.408096511059355294e+00 7.445877272778105294e+00
9.250801284008574044e+00 9.198562819653105294e+00 8.823211867504667794e+00 7.708961684399199044e+00 3.174759108715605294e+00 -1.531265061206269706e+00 -6.702497413820509564e-01 2.221023757153105294e+00 -3.035156052417207206e+00 -5.892255714601759564e-01 3.502922255688261544e+00 2.163635451489042794e+00 -2.815246384448457206e+00 -5.966911118335175956e+00 9.008774001293730294e+00 1.466411610334451154e+01 -3.623237412280488456e+00 6.230819899731230294e+00 1.415840346508574044e+00 1.423454482250761544e+00 -3.997550766772675956e+00 2.537651259594511544e+00 7.935165602856230294e+00 7.724983412914824044e+00 -6.407239845461134564e-01 -8.826597145265822064e-01 4.893303115063261544e+00 -3.222572129077363456e+00 3.164596755199980294e+00 1.206417103498513654e+01 9.617157180004667794e+00 2.618179518871855294e+00 -9.560926368898634564e-01 3.441993910961699044e+00 6.067657668285917794e+00 1.170903797834451154e+01 1.476052876203591779e+01 9.957695204907011544e+00 1.811745472639138654e+01 1.460397358625466779e+01 5.855819899731230294e+00 3.581054885082792794e+00 -5.823972633547072064e-01 1.369300862043435529e+01 1.605713088207792794e+00 1.279678542309355294e+00 1.900484153562302936e-01 3.170778343015427936e-01 3.920746047192167794e+00 1.000678272932107404e+01 -9.374235084718947064e-01 1.035133559399199044e+00 -7.015022080249238456e+00 3.616409499340605294e+00 8.260444838696074044e+00 -6.194175522632050956e+00 -2.067427806169455096e+01 -7.063270371264863456e+00 -5.119682114428925956e+00 -1.624684504777853533e+01 6.889312941723417794e+00 1.914065571516091779e+01 4.555687148266386544e+00 6.235183913403105294e+00 1.479814167707498029e+01 4.274795729809355294e+00 1.392132588117654279e+01 3.614204604321074044e+00 9.553154189282011544e+00 1.858789082258279279e+01 -7.943630020923066581e+00 1.477550526350076154e+01 9.975479323559355294e+00 5.938331801586699044e+00 -3.847480576342988456e+00 -3.897346298999238456e+00 7.757904250317167794e+00 1.156924458234841779e+01 6.332641799145292794e+00 1.360435683422636544e+00 1.452049275129373029e+01 1.457794209211404279e+01 1.638188191144998029e+01 1.635142536848123029e+01 -4.223936012453322064e-01 -1.381988327807832206e+00 3.623201438718552936e-01 1.259252949445779279e+01 9.593208510571074044e+00 1.703468342512185529e+01 4.340912062817167794e+00 1.259169026105935529e+01 1.724890919416482404e+01 2.001580830305154279e+01 4.727798659496855294e+00 4.959259230785917794e+00 6.370088645749802936e-01 6.443924147778105294e+00 1.291429157941873029e+01 2.477997023754667794e+00 1.276799030988748029e+01 2.152359206371855294e+00 6.317314345532011544e+00 8.248275954418730294e+00 6.374466139965605294e+00 2.186294753246855294e+00 3.303894240551542794e+00 -4.891769211596894706e+00 -3.130491188234572064e-01 3.709564406567167794e+00 3.721618849926542794e+00 7.046295363598417794e+00 1.145310230939919904e+01 3.895973403149199044e+00 7.151375014477324044e+00 2.108352858715605294e+00 9.052604872875761544e+00 7.078148085766386544e+00 2.955101210766386544e+00 -4.761245529956269706e+00 3.578361708813261544e+00 6.623642165356230294e+00 -6.278510849780488456e+00 4.834816176586699044e+00 3.559723097973417794e+00 1.314207478254373029e+01 1.694305617504667794e+00 -2.806547096437697064e-01 4.450477797680449044e+00 7.775390822582792794e+00 1.561050612621855294e+00 8.638443190746855294e+00 6.083152968578886544e+00 -2.644576828784394706e+00 4.291015822582792794e+00 7.442230422192167794e+00 1.233581740551542794e+00 2.038948256664824044e+00 3.657608229809355294e+00 2.330705711179490436e-01
7.150383193188261544e+00 6.146408278637480294e+00 6.313064772778105294e+00 4.924354750805449044e+00 -1.377848894064470642e-02 1.785354811840605294e+00 1.450639363019998029e+01 6.725479323559355294e+00 -8.117477219409394706e+00 -6.411079209155488456e+00 4.872177321606230294e+00 5.141060073071074044e+00 2.587692458324980294e+00 1.149504872053201154e+01 9.037224013500761544e+00 2.521576125317167794e+00 3.931144911938261544e+00 1.133568592756326154e+01 1.165875263898904279e+01 1.277538319318826154e+01 1.238504048078591779e+01 1.409801502912576154e+01 6.501922805004667794e+00 8.849701125317167794e+00 3.693672377758574044e+00 1.655998427563261544e+00 5.216087538891386544e+00 -2.147796433276582206e+00 -1.983176987475800956e+00 6.376663405590605294e+00 3.270752150707792794e+00 9.831392356687302936e-01 -5.879577439135957206e+00 -4.397331040210175956e+00 1.250653095930154279e+01 1.162315388410623029e+01 8.364471633129667794e+00 1.422810383527810529e+01 1.385565968244607404e+01 1.313130207746560529e+01 6.459030348949980294e+00 5.978624412351365436e-01 9.473976332836699044e+00 1.366714675121855294e+00 3.235672194653105294e+00 1.518258686750466779e+01 2.018387038403105294e+00 -1.100578110522675956e+00 7.663423606687302936e-01 -8.569007675952363456e+00 -2.295669358081269706e+00 1.048585530012185529e+01 -2.776626389331269706e+00 -1.289054673022675956e+00 -7.911086838550019706e+00 -1.136581223315644706e+00 4.717697341137480294e+00 4.433700759106230294e+00 -5.927390854663300956e+00 2.306083876782011544e+00 1.213751240461404279e+01 2.439577171140427936e-01 7.281593520336699044e+00 1.245253010480935529e+01 1.302597065656716779e+01 1.257866103344511544e+00 -6.489768784350800956e+00 -1.155944626635957206e+00 8.557785231762480294e+00 1.604669209211404279e+01 -6.202926438159394706e+00 1.442289753644998029e+01 1.551971455305154279e+01 1.155499287336404279e+01 6.524185378246855294e+00 -1.910972397632050956e+00 6.912445265942167794e+00 8.516937453442167794e+00 2.745210716062302936e-01 4.343002516918730294e+00 7.008911330395292794e+00 1.693849201887185529e+01 2.104934712141091779e+01 3.734260756664824044e+00 -7.396980088061738456e+00 8.780290672116990436e-01 1.065429707258279279e+01 9.782692153149199044e+00 8.929451186352324044e+00 1.013321705549294904e+01 1.469461842268044904e+01 1.045117207258279279e+01 1.860911579816873029e+01 1.998764820783669904e+01 9.349655348949980294e+00 2.063644606762480294e+00 1.107292195051248029e+01 7.375290114574980294e+00 3.924141127758574044e+00 1.459922047346169904e+01 6.510978896313261544e+00 -9.654233864015822064e-01 5.934066970043730294e+00 -3.683471482104707206e+00 8.794929701977324044e+00 6.611787864499802936e-01 5.293091017895292794e+00 6.170875746899199044e+00 -1.661222389406447064e-01 -2.500533860034394706e+00 4.884414870434355294e+00 6.907531935864042794e+00 1.004579182355935529e+01 8.206611830883574044e+00 8.167869765453886544e+00 7.937080580883574044e+00 7.532165724926542794e+00 1.264438648908669904e+01 4.727058608227324044e+00 -2.416427414721894706e+00 2.626892287426542794e+00 -1.494613449878144706e+00 4.849891860180449044e+00 -7.976606300539259564e-01 1.242622395246560529e+01 1.124031849592263654e+01 4.641649314695115436e-01 4.411789138012480294e+00 3.957946974926542794e+00 -2.544181626147675956e+00 -1.737899582690644706e+00 7.959160048657011544e+00 2.602607924633574044e+00 -6.588590553468947064e-01 2.723938185864042794e+00 1.019079609602029279e+01 5.050201613598417794e+00 -8.413541725343947064e-01 -1.726440232104707206e+00 -3.009849350757050956e+00
4.501014907055449044e+00 1.973610121899199044e+00 1.167848225324685529e+01 1.112584706037576154e+01 -1.188293259448457206e+00 -4.863813331789259564e-01 8.783371169262480294e+00 9.766067702465605294e+00 -1.566770485109572064e-01 4.575149733715605294e+00 1.060301228254373029e+01 7.107925612621855294e+00 -8.985746315187697064e-01 -5.006599228686738456e+00 -1.479392807788300956e+00 3.622383315258574044e+00 1.023735829084451154e+01 1.089743061750466779e+01 -1.368522446460175956e+00 -9.707105568117384564e-01 5.477144309812302936e-01 6.510011741452927936e-01 -4.383918564624238456e+00 2.606300551586699044e+00 4.889602858715605294e+00 6.526565749340605294e+00 4.234047133617949044e+00 5.753235060864042794e+00 5.405899245434355294e+00 9.586403090649199044e+00 4.621933180981230294e+00 -4.027038376635957206e+00 -1.936088364428925956e+00 1.618393141918730294e+00 1.521761009031052936e-01 5.333114821606230294e+00 2.082801838605935529e+01 1.132868977277810529e+01 1.253048725812966779e+01 1.839909382551248029e+01 2.004414387434060529e+01 1.498947926252419904e+01 1.662077351301248029e+01 -2.533508103198457206e+00 -3.661002915210175956e+00 1.177771015852029279e+01 -9.050443580812697064e-01 -3.455901902026582206e+00 9.260866233640427936e-01 5.061599929028105294e+00 -8.585279396242384564e-01 1.095007343977029279e+01 -2.724426071948457206e+00 9.476684767895292794e+00 1.319158955305154279e+01 -8.624240677661347831e+00 -5.411018173999238456e+00 -5.706268112964082206e+00 -6.475829880542207206e+00 9.256288596921677936e-01 -1.175746135026876971e+01 -6.975248268312697064e-01 7.898666579418730294e+00 -2.948211472339082206e+00 1.058284016340310529e+01 1.710276051252419904e+01 2.935791213207792794e+00 -3.650146286792207206e+00 8.981353957348417794e+00 1.363404103010232404e+01 7.564041335278105294e+00 1.042025013654763654e+01 7.390426833324980294e+00 9.775535781078886544e+00 9.302620131664824044e+00 1.015996571271951154e+01 8.521423537426542794e+00 3.243477065258574044e+00 3.798431594067167794e+00 1.412714405744607404e+01 6.984062392407011544e+00 6.211326796703886544e+00 1.435986347883279279e+01 1.335485859602029279e+01 1.352752705305154279e+01 6.817360121899199044e+00 1.498601551740701154e+01 1.424331684797341779e+01 1.109944935529763654e+01 7.618087966137480294e+00 8.695411879711699044e+00 1.767816181867654279e+01 1.191206379621560529e+01 1.650500508039529279e+01 1.327700062482888654e+01 1.648148365705544904e+01 7.783470351391386544e+00 1.161302967756326154e+01 5.919037062817167794e+00 2.639007765942167794e+00 -5.932273667163300956e+00 6.685074050121855294e+00 -6.783416550464082206e+00 5.478126723461699044e+00 6.070640761547636544e+00 5.467308242016386544e+00 1.252067763500761544e+00 3.773529250317167794e+00 8.359649855785917794e+00 2.233429152660917794e+00 4.646202284985136544e+00 3.568422385984177936e-01 -1.318084519214082206e+00 6.947723586254667794e+00 4.754188735180449044e+00 3.156746108227324044e+00 -3.892501633471894706e+00 4.409927565746855294e+00 6.371704299145292794e+00 4.548484999828886544e+00 -2.361905983156447064e-01 7.088195998364042794e+00 1.973861891918730294e+00 1.133047505109841779e+01 1.136917896955544904e+01 5.068763930492949044e+00 6.070038039379667794e+00 7.651237685375761544e+00 1.019081313305449044e+00 6.565445143871855294e+00 3.703201491528105294e+00 8.013275344067167794e+00 2.527702529125761544e+00 -4.304366867846894706e+00 2.111854750805449044e+00 4.028557021313261544e+00 -5.030067246264863456e+00 7.939149925046677936e-01 6.984642226391386544e+00 5.814125258617949044e+00
1.287963886945779279e+01 1.674218769758279279e+01 1.511680622785623029e+01 4.404380995922636544e+00 -1.174848488039259564e-01 -6.706540992922072064e-01 -1.713012497729707206e+00 2.667305190258574044e+00 5.822273451977324044e+00 2.875137526684355294e+00 5.368736464672636544e+00 4.672233779125761544e+00 5.658233840160917794e+00 3.580581862621855294e+00 7.669029433422636544e+00 1.084741230695779279e+01 2.266555983715605294e+00 7.186218459301542794e+00 3.813957411938261544e+00 1.348289687328886544e+00 6.169868666821074044e+00 8.800508567624802936e-01 -7.368848732179884564e-01 1.169261952131326154e+01 7.037941176586699044e+00 -9.994047096437697064e-01 4.948448378735136544e+00 8.888267714672636544e+00 1.146263905256326154e+01 1.060752125471169904e+01 4.999405104809355294e+00 5.967552382641386544e+00 4.389740187817167794e+00 2.169235427074980294e+00 3.476577956371855294e+00 8.660507399731230294e+00 1.595769520490701154e+01 1.047474690168435529e+01 1.671067829816873029e+01 2.313485737531716779e+01 3.107514973371560529e+01 3.595390339582498029e+01 2.765847798078591779e+01 1.145745106428201154e+01 -6.241927903003144706e+00 7.159729201489042794e+00 8.388717848949980294e+00 -1.923721115893769706e+00 -1.357773188859884783e+01 -1.002332286149923846e+01 3.569961745434355294e+00 5.834282118969511544e+00 -1.089375666887228533e+01 5.933181960278105294e+00 -3.151243141359572064e-01 1.135479756086404279e+01 2.123739643781716779e+01 1.271174641340310529e+01 7.985351760082792794e+00 7.116333205395292794e+00 4.116958815746855294e+00 9.642107078366990436e-01 8.210159499340605294e+00 4.316467482739042794e+00 1.752105732648904279e+01 5.822258193188261544e+00 8.771881301098417794e+00 4.446655471020292794e+00 8.686678001218552936e-01 9.565040785961699044e+00 -1.302482407397675956e+00 8.093803603344511544e+00 1.216288777082498029e+01 9.994171340160917794e+00 1.665154286115701154e+01 9.782211501293730294e+00 1.255851943188261544e+00 3.865516860180449044e+00 1.907338734357888654e+01 1.759086628644998029e+01 1.316796131818826154e+01 3.928520400219511544e+00 1.672014637678201154e+01 1.438235493391091779e+01 2.513168354719216779e+01 4.593040663891386544e+00 5.839096266918730294e+00 1.628499623029763654e+01 1.025447865217263654e+01 6.291290480785917794e+00 1.386945362775857404e+01 8.414596755199980294e+00 1.447576924055154279e+01 1.574803944318826154e+01 1.063270588605935529e+01 7.065277297192167794e+00 1.027002735822732404e+01 1.640605183332498029e+01 1.234886189191873029e+01 1.680329151838357404e+01 1.132182331769998029e+01 4.353210646801542794e+00 -3.927802841967988456e+00 9.016777236157011544e+00 3.287590224438261544e+00 3.160370070629667794e+00 7.122346946531052936e-01 8.391479689770292794e+00 4.603973586254667794e+00 5.240890700512480294e+00 3.006965834789824044e+00 7.402786452465605294e+00 8.894226271801542794e+00 9.175384719067167794e+00 1.786453444653105294e+00 1.134445388012480294e+00 2.747804710202927936e-01 2.196029860668730294e+00 6.635811049633574044e+00 2.866943556957792794e+00 -1.517944138354707206e+00 1.602632591062302936e-01 1.606201369457792794e+00 5.386352736645292794e+00 2.792366225414824044e+00 1.985702712231230294e+00 -7.093059342212129081e+00 -1.150358131593947064e-01 9.508384902172636544e+00 8.090500075512480294e+00 4.918892104321074044e+00 4.935386855297636544e+00 7.076523024731230294e+00 2.980728346996855294e+00 5.162979323559355294e+00 4.090812880688261544e+00 7.930223533445115436e-01 -4.398191383547072064e-01 2.989669997387480294e+00 4.055038649731230294e+00
8.988403517895292794e+00 8.962242324047636544e+00 6.838607985668730294e+00 1.064538593977029279e+01 3.043663222485136544e+00 -2.913680832690644706e+00 6.959861952953886544e+00 5.674637038403105294e+00 2.843872267895292794e+00 1.261445637434060529e+01 4.627617079907011544e+00 1.573463637524199044e+00 5.935753066235136544e+00 4.343353469067167794e+00 5.627214500241990436e-01 -2.748519699878144706e+00 1.696449477367949044e+00 9.228119094067167794e+00 7.406746108227324044e+00 5.221023757153105294e+00 4.184753615551542794e+00 -4.354400437182832206e+00 -1.016142253190939471e+01 -5.059562485522675956e+00 3.988191673093552936e-01 -1.075095932788300956e+00 5.065338332348417794e+00 7.223755080395292794e+00 4.056465346508574044e+00 1.332855422192167794e+00 1.077217299633574044e+00 1.246964283674294904e+01 4.249756056957792794e+00 3.531343528562302936e-01 7.288322646313261544e+00 8.285354811840605294e+00 6.642044264965605294e+00 -1.730560105151582206e+00 1.946543141096169904e+01 2.615480061262185529e+01 3.852404804914529279e+01 4.804993458478982404e+01 5.440765400617654279e+01 3.258446522443826154e+01 1.132199116437966779e+01 7.473236281567167794e+00 2.664644309812302936e-01 -1.047181681901876971e+01 -1.377968196184103533e+01 8.737716872387480294e+00 2.185585219555449044e+00 6.232567031078886544e+00 9.391250807934355294e+00 9.807792861157011544e+00 -2.372968605226759564e-01 3.517646987133574044e+00 1.018432636945779279e+01 -4.777143409914259564e-01 1.233237477033669904e+01 1.630776997297341779e+01 6.042701918774199044e+00 5.792991835766386544e+00 1.106607838361794904e+01 1.463400288312966779e+01 5.174766738110136544e+00 1.042402668684060529e+01 1.091274281232888654e+01 1.126351948469216779e+01 -2.024658005542207206e+00 1.635666091137480294e+00 -7.213775437182832206e+00 6.745811659985136544e+00 1.576770039289529279e+01 1.214822407453591779e+01 1.518125935285623029e+01 1.418804951398904279e+01 1.673906727521951154e+01 3.920433242016386544e+00 2.411134358137185529e+01 2.867842121809060529e+01 1.972819538801248029e+01 1.691534443586404279e+01 2.007350178449685529e+01 2.204847737043435529e+01 1.409814472883279279e+01 6.057617385082792794e+00 1.474014301984841779e+01 1.877876301496560529e+01 8.558418471508574044e+00 1.254176350324685529e+01 1.952397938459451154e+01 1.685221119611794904e+01 9.278373915844511544e+00 4.437317092114042794e+00 1.379290028303201154e+01 1.650380726545388654e+01 8.198188979321074044e+00 8.934822280102324044e+00 1.005887623518044904e+01 1.433470936506326154e+01 7.735626418285917794e+00 5.303169448071074044e+00 8.931320388012480294e+00 1.390327473371560529e+01 1.587646681957792794e+00 3.539512831860136544e+00 4.485199172192167794e+00 8.352302748852324044e+00 1.323280532055449044e+00 1.713974196606230294e+00 3.764778334789824044e+00 2.913459975414824044e+00 -4.587508957690644706e+00 -4.415817063159394706e+00 3.583343703442167794e+00 5.710006911449980294e+00 4.271537978344511544e+00 1.393412800519998029e+01 1.317886550121855294e+00 -1.353757789797072064e-01 3.383638450437302936e-01 8.773857314282011544e+00 3.482589919262480294e+00 4.525619704418730294e+00 -4.376067917651582206e+00 4.239631850414824044e+00 -5.256803444093947064e-01 4.986116477781052936e-01 -2.550597946948457206e+00 4.488067824535917794e+00 6.540786940746855294e+00 5.860450942211699044e+00 5.603706557446074044e+00 5.561599929028105294e+00 7.179542739086699044e+00 1.027297230451638654e+01 9.517213889890427936e-01 3.150255271726365436e-01 2.092766005688261544e+00 -9.760816505617384564e-01
7.839988906078886544e+00 8.547104079418730294e+00 6.030868727856230294e+00 1.357932301252419904e+01 4.445762831860136544e+00 5.426490981274199044e+00 7.021202284985136544e+00 4.065063674145292794e+00 -1.644514015383009564e-01 -1.217780869311738456e+00 -1.504180710620332206e+00 1.555336018293435529e+01 2.076771565168435529e+01 1.114206715314919904e+01 8.073656150632615436e-01 9.792740065746855294e+00 1.154316731184060529e+01 -3.002738755053925956e+00 4.362007338696074044e+00 6.837616164379667794e+00 -2.087486069507050956e+00 2.570274550610136544e+00 2.507850844555449044e+00 7.820594985180449044e+00 9.204094130688261544e+00 -5.487075608081269706e+00 1.968422133617949044e+00 1.459004231184060529e+01 9.021217543774199044e+00 2.623825270824980294e+00 9.401094505124802936e-01 6.146606642895292794e+00 -4.430082252687697064e-01 -4.852714340991425956e+00 8.297121116452927936e-01 5.991775710278105294e+00 -2.095182350343947064e-01 1.094528395824980294e+00 1.401054402082498029e+01 2.997532673566873029e+01 3.837096424787576154e+01 1.257370149680906053e+02 1.551094514915280911e+02 7.222885151594216779e+01 3.170016499250466779e+01 8.234253127270292794e+00 5.665214736157011544e+00 8.068222243481230294e+00 9.027694899731230294e+00 5.689140517407011544e+00 3.733696181469511544e+00 4.300598342114042794e+00 -8.087924759692597831e+00 -6.877860825366425956e+00 3.893739768796677936e-01 -1.557662766284394706e+00 1.386568137937302936e-01 1.536735732250761544e+00 5.316864211254667794e+00 1.380513020246560529e+01 1.237284870832498029e+01 1.133139057844216779e+01 7.606117446117949044e+00 1.460665913312966779e+01 6.216316420727324044e+00 8.668380934887480294e+00 1.101914997785623029e+01 9.678283888989042794e+00 3.614334304028105294e+00 3.761573989086699044e+00 9.744568068676542794e+00 2.017545338361794904e+01 1.828550739973123029e+01 2.259887892895292794e+00 1.195609303205544904e+01 2.111724873273904279e+01 2.320668049543435529e+01 1.642050190656716779e+01 2.237030049055154279e+01 2.668342610090310529e+01 2.496167774885232404e+01 1.325558491437966779e+01 2.002884693830544904e+01 1.996569081037576154e+01 -1.933524887866425956e+00 -2.996551316089082206e+00 1.462786122053201154e+01 2.046335621564919904e+01 1.088716908186013654e+01 1.881211109846169904e+01 1.242062397687966779e+01 1.672592182844216779e+01 1.555402394025857404e+01 1.448805256574685529e+01 2.022254963605935529e+01 1.584925862043435529e+01 9.138649184399199044e+00 6.111053664379667794e+00 7.410904128246855294e+00 1.035598774641091779e+01 8.715950209789824044e+00 6.217514235668730294e+00 9.348808486157011544e+00 3.636505324535917794e+00 -9.107969215578322064e-01 6.858795363598417794e+00 8.953560073071074044e+00 6.137420851879667794e+00 3.420082289867949044e+00 9.333269187741990436e-01 4.240471083813261544e+00 5.786445815258574044e+00 -8.559074204272675956e+00 -2.267440598315644706e+00 9.671295363598417794e+00 6.482444960766386544e+00 -3.386543076342988456e+00 4.305954177074980294e+00 4.319782941873029358e-02 -7.511840622729707206e+00 -1.126869004077363456e+00 3.690124709301542794e+00 5.570266921215605294e+00 6.340484816723417794e+00 3.083267409496855294e+00 5.104965407543730294e+00 -3.835065773195509564e-01 -2.929145615405488456e+00 8.764497825437302936e-01 7.193680007153105294e+00 4.959709365063261544e+00 3.612236220532011544e+00 -8.251933366720720642e-02 3.645820815258574044e+00 6.312431533032011544e+00 -1.882667343921113456e+00 -6.706924240893769706e+00 1.231056233137185529e+01 7.123214919262480294e+00 1.724168845945115436e-01
6.519844252758574044e+00 -3.292785446948457206e+00 -8.265598099536347831e+00 9.319994041257615436e-01 -1.702285569018769706e+00 2.981483657055449044e+00 8.633667189770292794e+00 -1.545760910815644706e+00 -6.632079880542207206e+00 -5.063087265796113456e+00 2.973571974926542794e+00 6.733238417797636544e+00 2.826751906567167794e+00 -2.615913193530488456e+00 2.472458083324980294e+00 6.522796828442167794e+00 3.340866286449980294e+00 -1.387496750659394706e+00 -1.385978501147675956e+00 -4.100158493823457206e+00 -2.367475441164259564e-01 1.917946059399199044e+00 -6.109741013354707206e+00 7.417312819653105294e+00 1.258041401594216779e+01 -4.850631516284394706e+00 3.946068007641386544e+00 1.880686970441873029e+01 1.387458821027810529e+01 2.867738792234177936e-01 -1.289199631518769706e+00 6.332933494382615436e-01 1.994102675610136544e+00 -7.729057114428925956e+00 2.669792372875761544e+00 1.196698780744607404e+01 6.037063796215605294e+00 1.055000324934060529e+01 9.359352309399199044e+00 2.271212788312966779e+01 4.693808003156716779e+01 1.292321016380124661e+02 1.496813814231687161e+02 6.753926106184060529e+01 1.811998768537576154e+01 5.903259474926542794e+00 3.268051345043730294e+00 5.080169875317167794e+00 6.085891921215605294e+00 -2.514930527514863456e+00 -2.392005722827363456e+00 3.578750807934355294e+00 -5.012763779467988456e+00 -3.279022019214082206e+00 -1.098617356128144706e+00 3.698326308422636544e+00 1.440815754621560529e+01 4.522239882641386544e+00 1.185961933820779279e+01 1.198645802228982404e+01 7.002418715649199044e+00 -1.979690354175019706e+00 9.970764357739042794e+00 9.263405043774199044e+00 6.746185500317167794e+00 1.042692585676248029e+01 6.647422988110136544e+00 1.403394337385232404e+01 1.125682850568826154e+01 1.508518238752419904e+01 1.592729969709451154e+01 1.710907765119607404e+01 2.677543659894998029e+01 2.116043288403105294e+00 6.341903884106230294e+00 2.064074726789529279e+01 1.842282124250466779e+01 1.908411427228982404e+01 2.359050007551248029e+01 2.173128529279763654e+01 2.760264607160623029e+01 2.230807514875466779e+01 2.323985310285623029e+01 2.009873982160623029e+01 2.189973469465310529e+01 2.415022297590310529e+01 2.361972065656716779e+01 1.923619099348123029e+01 1.687744160383279279e+01 2.160400410383279279e+01 8.618965346508574044e+00 3.161993427961404279e+01 1.280780049055154279e+01 1.432801075666482404e+01 1.072243519514138654e+01 1.637068196027810529e+01 6.862472731762480294e+00 1.062228413312966779e+01 1.137108631818826154e+01 1.043911762922341779e+01 6.078308303051542794e+00 8.267631728344511544e+00 -6.340711525148634564e-01 4.101867873364042794e+00 7.406074721508574044e+00 1.622310658186013654e+01 1.271797199934060529e+01 1.108934040754373029e+01 7.507110793285917794e+00 2.930198867016386544e+00 2.942749221020292794e+00 1.643448073559355294e+00 2.898140151196074044e+00 2.203567702465605294e+00 7.538940627270292794e+00 6.822036940746855294e+00 -4.871284287280488456e+00 1.526344496899199044e+00 1.430450637035917794e+00 4.676071364574980294e+00 1.102508742504667794e+00 3.234024245434355294e+00 2.804413039379667794e+00 6.019612043435529358e-02 8.078796584301542794e+00 1.550270278149199044e+00 9.485780784421677936e-01 4.763603408032011544e+00 4.660507399731230294e+00 1.081814594953591779e+01 9.106414992504667794e+00 3.620607444577927936e-01 4.769439894848417794e+00 4.221422263913865436e-01 -7.202146461672072064e-01 -5.034194748706269706e+00 -1.522239487475800956e+00 1.830482680492949044e+00 7.255479881101365436e-01 -9.901273658937697064e-01
3.939697463207792794e+00 -5.247901718921113456e+00 -6.655864030783220642e-02 -6.634841721362519706e+00 2.273887831860136544e+00 9.142471511059355294e+00 8.738548476391386544e+00 6.031669814282011544e+00 1.290085036449980294e+00 3.410751540356230294e+00 -4.884475510425019706e+00 -1.493583481616425956e+00 1.345062453442167794e+00 5.041145522289824044e+00 -4.235107224292207206e+00 7.033769676023240436e-01 6.563141066723417794e+00 8.881355483227324044e+00 1.194319935529763654e+01 1.666827412336404279e+01 7.192566115551542794e+00 1.685356337719511544e+00 1.415115554028105294e+00 3.933014113598417794e+00 -4.611949235861345642e-02 -5.066573899096894706e+00 3.426384169750761544e+00 1.405382557600076154e+01 1.418380757062966779e+01 -1.089065354175019706e+00 -7.069547584718947064e-01 -4.804972917501970642e-02 7.604644972973417794e+00 2.750442702465605294e+00 3.881990501218552936e-01 1.955773945539529279e+01 1.582873554914529279e+01 1.697719593732888654e+01 1.333929463117654279e+01 1.223907490461404279e+01 2.287150593488748029e+01 6.381521626203591779e+01 6.909687824934060529e+01 4.020675678937966779e+01 2.958117695539529279e+01 1.275605793684060529e+01 1.403325672834451154e+01 8.248260695629667794e+00 -1.093084697038595721e+01 -1.515387324602072283e+01 -1.256248276538300956e+00 5.685547072582792794e+00 -3.667236130542207206e+00 5.677025038891386544e+00 8.744831769998029358e-02 8.594879347973417794e+00 1.097608967512185529e+01 1.377304274731230294e+00 1.613957234113748029e+01 1.564490528791482404e+01 5.318374831371855294e+00 1.150459487133574044e+00 1.461525746076638654e+01 1.300563832014138654e+01 1.479908772199685529e+01 9.143120009594511544e+00 1.126480300121855294e+00 1.624812336652810529e+01 9.498245436840605294e+00 2.058749409406716779e+01 1.755988331525857404e+01 9.374969680004667794e+00 1.282685108869607404e+01 8.651260573559355294e+00 1.576965351789529279e+01 2.105946369855935529e+01 2.069360371320779279e+01 2.319508381574685529e+01 2.173025532453591779e+01 2.589372273176248029e+01 1.804881306379373029e+01 2.813859577863748029e+01 2.893138142316873029e+01 2.259082051008279279e+01 2.014419575422341779e+01 1.851478596418435529e+01 1.072595997541482404e+01 9.447433669262480294e+00 2.350409718244607404e+01 1.960215016096169904e+01 1.440723438947732404e+01 8.200729567699980294e+00 1.329830952375466779e+01 1.502296467512185529e+01 1.046059437482888654e+01 9.396721083813261544e+00 2.208587844067167794e+00 5.220634658032011544e+00 9.726165969067167794e+00 1.450710316389138654e+01 7.246246535473417794e+00 6.578521926098417794e+00 1.360458571606230294e+00 6.136390883617949044e+00 5.064018447094511544e+00 4.711555678539824044e+00 -7.448728492922072064e-01 4.106453139477324044e+00 4.651626784496855294e+00 6.058227736645292794e+00 5.242187697582792794e+00 -7.434142868823457206e+00 1.888397414379667794e+00 -2.454582016772675956e+00 8.850609023266386544e+00 7.014610488110136544e+00 5.821823317699980294e+00 3.721893508129667794e+00 4.888841697507615436e-01 3.863289076977324044e+00 6.293037612133574044e+00 6.969215590649199044e+00 -8.422849586672072064e-01 -1.849914353198457206e+00 2.348312575512480294e+00 -1.996803086108613456e+00 4.873871047192167794e+00 7.647293288403105294e+00 7.871658522778105294e+00 9.480446059399199044e+00 -6.268523972339082206e+00 -2.173911850757050956e+00 7.284929343991990436e-01 4.113258559399199044e+00 -3.892913620776582206e+00 2.842732160623029358e-02 7.963716575437302936e-01 2.433624465160917794e+00 5.755096633129667794e+00 9.189377028637480294e+00
7.033043105297636544e+00 -3.630332749194550956e+00 4.023529250317167794e+00 6.482139784985136544e+00 -9.849350757050956418e-03 5.199539382153105294e+00 8.107231337719511544e+00 1.195348377912576154e+01 9.335060317211699044e+00 1.103707142561013654e+01 9.173446852856230294e+00 3.600082595043730294e+00 6.193397719555449044e+00 -6.939237526125197064e-01 3.628402907543730294e+00 1.672279555492949044e+00 3.110679824047636544e+00 1.055503102033669904e+01 1.566227741926248029e+01 2.028063984602029279e+01 1.471193714826638654e+01 -1.059478562182832206e+00 -5.782043259448457206e+00 -3.415855210132050956e+00 2.357292372875761544e+00 2.385925490551542794e+00 1.145394154279763654e+01 1.642912312238748029e+01 1.344651814191873029e+01 1.227050978832792794e+00 -4.220283310717988456e+00 5.680710036449980294e+00 5.652725417309355294e+00 -2.930099289721894706e+00 -1.235206406421113456e+00 6.478622634106230294e+00 5.739814955883574044e+00 3.727958876782011544e+00 3.425218650632615436e-01 9.843795973949980294e+00 7.231285292797636544e+00 1.566642780988748029e+01 2.753406544416482404e+01 3.935208149641091779e+01 2.896872730939919904e+01 1.827702351301248029e+01 5.286430556469511544e+00 5.308763572507615436e-01 7.351227004223417794e+00 4.299759108715605294e+00 1.148307820051248029e+01 1.137997456281716779e+01 5.881988722973417794e+00 2.032982070141386544e+00 1.170452137678201154e+01 1.120254714184355294e+00 -3.343856613940644706e+00 -1.134116928882050956e+00 1.486328144758279279e+01 1.301594563215310529e+01 9.733207900219511544e+00 7.561874587231230294e+00 2.105500813215310529e+01 1.820484944074685529e+01 6.691658217602324044e+00 1.800237293928201154e+01 1.468693562238748029e+01 1.781996174543435529e+01 1.215000172346169904e+01 1.298027058332498029e+01 2.668510456769998029e+01 1.895912190168435529e+01 1.024213429182107404e+01 1.263721485822732404e+01 3.561560078352029279e+01 2.767512531965310529e+01 2.615071125715310529e+01 2.556829853742654279e+01 1.641574116437966779e+01 2.431530781477029279e+01 1.836090870588357404e+01 2.570431538312966779e+01 2.208838673322732404e+01 3.131649037092263654e+01 2.054271717756326154e+01 3.338700886457498029e+01 1.286135121076638654e+01 1.101901264875466779e+01 1.548713703840310529e+01 1.842108936994607404e+01 2.502264424055154279e+01 1.605312367170388654e+01 1.408947010725076154e+01 1.857229634016091779e+01 1.328601856916482404e+01 1.708688374250466779e+01 1.540269489973123029e+01 1.433641072004373029e+01 1.237625141828591779e+01 1.304163380353982404e+01 5.746315200024199044e+00 8.642463881664824044e+00 1.156479079418730294e+00 5.382980544262480294e+00 -3.591136247580095642e-02 2.656845290356230294e+00 2.562584120922636544e+00 5.630724021726365436e-01 -8.038328102297072064e-01 1.589241225414824044e+00 -6.105344703859572064e-01 -1.501701157397675956e+00 7.812141616039824044e+00 4.255745131664824044e+00 -5.306411545581269706e+00 7.030052382641386544e+00 1.098495680981230294e+00 3.735573012524199044e+00 2.089302260571074044e+00 2.413597304516386544e+00 -8.194272926515822064e-01 4.236664015942167794e+00 -2.290893357104707206e+00 2.626609999828886544e+00 4.467704970532011544e+00 3.021011550121855294e+00 6.812202651196074044e+00 -4.465864113039259564e-01 -1.325164597339082206e+00 2.405670363598417794e+00 8.741157729321074044e+00 7.436828810864042794e+00 4.996078688793730294e+00 3.821251113110136544e+00 -3.578780930346894706e+00 2.468261916332792794e+00 7.106521804028105294e+00 4.956680495434355294e+00 -4.066447526876970642e-02 -2.780250351733613456e+00
1.796179218977029279e+01 8.718651015453886544e+00 5.647567946606230294e+00 1.177938099592263654e+01 4.452324111157011544e+00 -3.307296555346894706e+00 2.799379417234177936e-01 4.004776198559355294e+00 9.101623732739042794e+00 9.109832961254667794e+00 3.346145827465605294e+00 -3.626251023120332206e+00 6.785431105785917794e+00 1.392036457746560529e+01 3.126518447094511544e+00 8.493232924633574044e+00 9.042167861157011544e+00 1.554183216779763654e+01 1.399592610090310529e+01 4.861793715649199044e+00 4.678116042309355294e+00 -1.539838722414259564e-01 -5.553321640796113456e+00 1.471924025707792794e+00 6.540834495359177936e-01 -3.021049301928925956e+00 4.124470441873029358e-02 3.834289748364042794e+00 2.307907302074980294e+00 -2.259666245288300956e+00 -3.139320175952363456e+00 1.413787098615701154e+01 9.973358351879667794e+00 -6.105582993335175956e+00 -2.833167832202363456e+00 2.285415846996855294e+00 1.067312641828591779e+01 9.295135695629667794e+00 7.971260268383574044e+00 5.611269065671677936e-01 7.800651747875761544e+00 1.601989765852029279e+01 1.424542256086404279e+01 1.071823139875466779e+01 1.287410755842263654e+01 1.609931202619607404e+01 6.276970107250761544e+00 -9.821775367922072064e-01 6.774704177074980294e+00 1.298567219465310529e+01 1.059091206281716779e+01 7.864196974926542794e+00 1.246414382153105294e+00 3.998949119382615436e-01 1.024273701398904279e+01 4.452598769360136544e+00 1.344511433332498029e+01 1.592871876447732404e+01 1.520906086652810529e+01 1.874369831769998029e+01 7.272644240551542794e+00 2.931572158032011544e+00 1.296570606916482404e+01 2.325182362287576154e+01 5.311134535961699044e+00 2.071598835676248029e+01 2.199296589582498029e+01 1.716911513500761544e+00 3.938934523754667794e+00 5.978225905590605294e+00 3.002676411359841779e+01 3.267348499982888654e+01 1.600646992414529279e+01 1.307965107648904279e+01 3.954013844221169904e+01 3.231533070295388654e+01 2.683017750471169904e+01 1.738156147687966779e+01 1.948069782941873029e+01 2.835299702375466779e+01 2.046482868879373029e+01 1.873630543439919904e+01 2.267198200910623029e+01 3.434072895734841779e+01 3.210389729230935529e+01 2.527477284162576154e+01 2.298929615705544904e+01 2.596368427961404279e+01 1.680767079084451154e+01 1.342069264143044904e+01 2.037036152570779279e+01 1.691952534406716779e+01 1.136721058576638654e+01 1.585997791975076154e+01 1.354698963850076154e+01 1.111946888654763654e+01 1.421855183332498029e+01 1.303150959699685529e+01 1.865627308576638654e+01 1.513737507551248029e+01 8.369682509594511544e+00 -1.275632789797072064e-01 7.995605666332792794e+00 3.533174583249802936e-01 4.613342482739042794e+00 8.078285414867949044e+00 2.731796462231230294e+00 3.625948020749802936e-01 2.806328017407011544e+00 4.220207411938261544e+00 1.353355605297636544e+00 8.159134108715605294e+00 -4.685666969484572064e-01 -2.917960923022675956e+00 2.580223281078886544e+00 1.103684254377419904e+01 2.485283095532011544e+00 6.595344741039824044e+00 -1.004371445483613456e+00 -1.440711777514863456e+00 2.955276686840605294e+00 5.396118361645292794e+00 3.587249953442167794e+00 1.188018996410917794e+00 4.276672560864042794e+00 4.324989516430449044e+00 6.220123488598417794e+00 -7.154090683764863456e+00 3.017456252270292794e+00 -4.321822922534394706e+00 -5.876615455812697064e-01 3.757866103344511544e+00 4.653648574047636544e+00 3.355758864574980294e+00 1.252739150219511544e+00 5.192779738598417794e+00 7.957290846996855294e+00 3.901985366039824044e+00 -3.924079697436738456e+00 -7.155895035571504081e+00
5.101913649731230294e+00 1.459158344953591779e+01 2.094016285627419904e+01 2.163803298168730294e+00 1.057817860334451154e+01 1.226635761945779279e+01 2.441406447582792794e+00 1.310426780515427936e-01 1.213882643871855294e+00 -3.400939743823457206e+00 -3.605613510913300956e+00 -1.065257243425314471e+01 -6.293716233081269706e+00 9.968483168774199044e+00 1.432981129377419904e+01 -3.031112473315644706e+00 -1.222516993791525408e+01 -3.338142197436738456e+00 1.590484816723417794e+00 -7.149238388842988456e+00 -5.937049668139863456e+00 -1.345325450212423846e+01 -4.156501572436738456e+00 nan -7.652656357592988456e+00 -7.612380783862519706e+00 -3.816526344484572064e-01 1.915451247387480294e+00 -5.704496315187697064e-01 -2.851211350268769706e+00 -2.292403977221894706e+00 4.937973220043730294e+00 6.077522475414824044e+00 -2.355758469409394706e+00 -7.542388718432832206e+00 1.383564778059060529e+01 1.127155323713357404e+01 9.259826857739042794e+00 3.128868300610136544e+00 3.553329665356230294e+00 1.347664662092263654e+01 1.580163593977029279e+01 nan 1.661041279523904279e+01 2.113747425764138654e+01 2.116320057600076154e+01 1.561969776838357404e+01 1.091803761213357404e+01 4.700624534421677936e-01 -4.267204087085175956e+00 -5.807281296557832206e+00 7.137573439770292794e+00 4.086021620922636544e+00 7.442169387035917794e+00 2.882768699460740436e-01 6.535339553051542794e+00 1.035871906965310529e+01 1.132778950422341779e+01 1.341962452619607404e+01 1.711021443098123029e+01 1.020639820783669904e+01 1.300467701643044904e+01 1.888674183576638654e+01 1.566995259016091779e+01 6.411369521313261544e+00 1.856262989728982404e+01 1.731116505353982404e+01 9.174720961742949044e+00 5.318229872875761544e+00 7.964927870922636544e+00 2.335476704328591779e+01 2.903622456281716779e+01 2.106542225568826154e+01 2.199704762189919904e+01 3.482479115217263654e+01 3.299331684797341779e+01 3.473314686506326154e+01 2.713121052473123029e+01 2.231262226789529279e+01 1.909390278547341779e+01 1.352693196027810529e+01 2.316752644269998029e+01 2.981912251203591779e+01 2.727606220930154279e+01 3.307618733137185529e+01 2.430804463117654279e+01 2.254322071760232404e+01 1.603858204572732404e+01 1.369178791730935529e+01 1.759407063215310529e+01 1.964026661603982404e+01 2.275251789777810529e+01 1.971595783918435529e+01 1.465028401105935529e+01 1.017076130598123029e+01 1.541803761213357404e+01 1.075771351545388654e+01 9.232635695629667794e+00 9.456154067211699044e+00 1.408348866193826154e+01 1.146323414533669904e+01 1.110788746564919904e+01 1.409112568586404279e+01 7.310989577465605294e+00 -3.932933122580095642e-02 -5.302589218921113456e+00 8.489076682859177936e-01 9.542923171215605294e+00 1.157675953596169904e+01 5.612190444164824044e+00 4.362037856274199044e+00 6.235038954907011544e+00 5.594942161374802936e-01 -4.249503891772675956e+00 2.748237807446074044e+00 1.163121052473123029e+01 2.644928176098417794e+00 4.947090346508574044e+00 5.213432509594511544e+00 7.324678489499802936e-01 2.689079482250761544e+00 5.677566725903105294e+00 2.460632521801542794e+00 5.991020400219511544e+00 6.423813063793730294e+00 3.949501235180449044e+00 2.077362258129667794e+00 4.865135390453886544e+00 -2.920512468283220642e-02 2.276054579907011544e+00 1.299469191723417794e+00 4.348633010082792794e+00 5.103691298657011544e+00 -7.025678566164259564e-01 1.950685569577927936e-01 -4.891570847339082206e+00 5.449602195554490436e-01 2.812874037914824044e+00 1.729416091137480294e+00 3.038047988110136544e+00
7.812355239086699044e+00 -2.416877548999238456e+00 1.607116896801542794e+00 -3.689140122241425956e+00 -4.569564621753144706e+00 8.132515151196074044e+00 7.286651808910917794e+00 -8.367999832934785331e+00 -9.753520767993379081e+00 -1.047899607927267596e+01 7.561721999340605294e+00 4.390121657543730294e+00 8.860229689770292794e+00 8.865173537426542794e+00 7.517396995359177936e-01 -1.379646103686738456e+00 -4.065473488039259564e-01 -1.790694992846894706e+00 3.989677626782011544e+00 7.048494407468552936e-01 -4.230232041186738456e+00 -6.755416672534394706e+00 3.741340834789824044e+00 1.154495259016091779e+01 2.122177321606230294e+00 -5.103834083742384564e-01 5.124672133617949044e+00 -5.246351173586134564e-01 -9.747159889406447064e-01 -8.282316139406447064e-01 4.740602561765427936e-01 9.268208234841779358e-02 1.307815749340605294e+00 -1.492244700700705096e+01 -1.109318522722189471e+01 1.219389363019998029e+01 8.714111525707792794e+00 -1.327941696948457206e+00 2.291412551098417794e+00 -3.108390610522675956e+00 7.190033156567167794e+00 1.650073261945779279e+01 1.406993122785623029e+01 2.313287373273904279e+01 2.697855396955544904e+01 2.047451039045388654e+01 9.882286269360136544e+00 8.360115248852324044e+00 -1.399215500659394706e+00 1.170491810529763654e+01 1.532156391828591779e+01 8.934173781567167794e+00 8.007812697582792794e+00 9.075279433422636544e+00 1.480127735822732404e+01 -4.854385178393769706e+00 -5.706374924487519706e+00 5.334579665356230294e+00 2.092041213207792794e+00 7.033889968090605294e+00 6.935646254711699044e+00 4.570027082498029358e-02 1.465636463850076154e+01 2.324472065656716779e+01 3.633278090649199044e+00 1.060284443586404279e+01 1.906977863996560529e+01 1.334858723371560529e+01 7.690933425121855294e+00 1.976354237287576154e+01 2.406916065900857404e+01 1.985678120344216779e+01 2.055165119855935529e+01 2.859913655012185529e+01 3.226857777326638654e+01 4.031634541242654279e+01 3.944971485822732404e+01 3.376347370832498029e+01 3.815672322004373029e+01 3.245883198469216779e+01 3.036126728742654279e+01 3.067866535871560529e+01 1.785366841047341779e+01 2.321794148176248029e+01 2.602568836896951154e+01 2.583869953840310529e+01 1.801971455305154279e+01 1.883616657941873029e+01 1.037002583234841779e+01 1.541098042219216779e+01 1.701907368391091779e+01 1.196477528303201154e+01 1.242347914867949044e+00 1.232187672346169904e+01 1.654559345930154279e+01 1.123269673078591779e+01 1.002169819562966779e+01 6.627884108715605294e+00 1.566498000317167794e+00 4.626800734692167794e+00 6.556816298657011544e+00 9.502983290844511544e+00 1.393978901594216779e+01 9.038185317211699044e+00 2.122162062817167794e+00 -2.378951828784394706e+00 -2.163642685717988456e+00 5.868965346508574044e+00 7.959953505688261544e+00 7.614074904614042794e+00 5.334099013500761544e+00 3.507774550610136544e+00 -2.667539528078322064e-01 -8.042991440600800956e+00 1.273681838207792794e+00 7.404113967114042794e+00 1.196281630688261544e+00 6.230102736645292794e+00 -1.121108811206269706e+00 8.734955031567167794e+00 3.466102797680449044e+00 4.511673171215605294e+00 -4.523940842456269706e+00 -1.920333664721894706e+00 2.088409621410917794e+00 8.639546125466779358e-02 3.964859206371855294e+00 9.533714492016386544e+00 6.382866103344511544e+00 -2.264709275073457206e+00 1.441032607250761544e+00 6.929519850903105294e+00 1.193672377758574044e+00 1.704643447094511544e+00 -7.022510330981660331e+00 9.018806655102324044e+00 3.783645827465605294e+00 6.847229201489042794e+00 7.095262595945115436e-01 1.473922927074980294e+00
1.953580494611794904e+01 4.054916579418730294e+00 -4.111020973390822064e-01 5.164848525219511544e+00 5.646393019848417794e+00 9.598922927074980294e+00 1.539613792234177936e-01 5.644409377270292794e+00 -5.271484177417207206e+00 -1.493659775561738456e+00 -1.359786789721894706e+00 -4.839828293628144706e+00 -2.053878586596894706e+00 9.949920851879667794e+00 4.235344130688261544e+00 3.926643569164824044e+00 -3.062652390307832206e+00 6.172258445554490436e-01 -3.267593186206269706e+00 -7.653255265063691581e+00 3.159980971508574044e+00 8.904327590160917794e+00 6.181297499828886544e+00 2.711570937328886544e+00 4.461960036449980294e+00 3.775764662914824044e+00 3.375335890942167794e+00 2.116295058422636544e+00 -5.751645973390822064e-01 -1.409774582690644706e+00 2.588600356274199044e+00 5.782570082836699044e+00 5.663704116039824044e+00 2.035400588207792794e+00 -5.980911057300019706e+00 1.438480396955544904e+01 2.080271931379373029e+01 3.575081069164824044e+00 1.826021262937302936e-01 -2.021323960132050956e+00 6.030945021801542794e+00 1.237738819807107404e+01 4.656669814282011544e+00 1.256390400617654279e+01 2.453439350812966779e+01 1.290721150129373029e+01 1.169470234602029279e+01 4.377121169262480294e+00 -1.278615931779806658e+01 7.808487136059355294e+00 1.737359638898904279e+01 8.117134291821074044e+00 3.657051284008574044e+00 7.023927757077927936e-01 4.285766799145292794e+00 1.344451924055154279e+01 6.949119765453886544e+00 4.976684767895292794e+00 1.071884175031716779e+01 1.211917896955544904e+01 5.194763381176542794e+00 2.802192885571074044e+00 1.508810444562966779e+01 2.163610859602029279e+01 2.659541340559060529e+01 3.064588185041482404e+01 2.866709919660623029e+01 3.008280964582498029e+01 2.060370655744607404e+01 2.941493244855935529e+01 2.706792469709451154e+01 2.700147267072732404e+01 3.103944416730935529e+01 3.749149342268044904e+01 3.057388325422341779e+01 2.732005329816873029e+01 3.556471272199685529e+01 3.851516743391091779e+01 3.963975544660623029e+01 3.809295674055154279e+01 3.535976429670388654e+01 3.863279743879373029e+01 2.701272602766091779e+01 2.591848774641091779e+01 2.885960407941873029e+01 2.476177998273904279e+01 1.067245503156716779e+01 2.429382521801542794e+00 1.174601765363748029e+01 1.941387959211404279e+01 2.276947804182107404e+01 1.395241566389138654e+01 1.448980732648904279e+01 2.749763686352324044e+00 1.140370960920388654e+01 1.805964680402810529e+01 1.014141102521951154e+01 -5.804649155444550956e+00 -1.092704575366425956e+00 1.330858631818826154e+01 1.348892231672341779e+01 8.841812331371855294e+00 4.859315940671677936e-01 6.514877516918730294e+00 6.625061232739042794e+00 2.396942336254667794e+00 -1.348968308276582206e+00 -6.136548927492384564e-01 1.552993971996855294e+00 5.397842604809355294e+00 7.281135756664824044e+00 3.231025893383574044e+00 3.898254592114042794e+00 -1.714896958178925956e+00 7.517173964672636544e+00 4.735511977367949044e+00 2.247863967114042794e+00 5.966995436840605294e+00 5.347130019360136544e+00 -2.337684433764863456e+00 -2.238143723315644706e+00 7.803375441723417794e+00 1.983978469067167794e+00 -6.278684547609572064e-01 4.633430678539824044e+00 -2.627561500734572064e-01 5.433242995434355294e+00 1.025286884992654279e+01 9.484688002758574044e+00 5.784456321531052936e-01 6.152649123364042794e+00 3.436157424145292794e+00 -2.151565354175019706e+00 -1.281783860034394706e+00 7.464256484203886544e+00 -3.745788376635957206e+00 7.146454055004667794e+00 2.276817519360136544e+00 4.321197707348417794e+00 -1.721418312258009564e-01
-2.836242478198457206e+00 -1.013038437671113456e+00 -1.462096970385957206e+00 5.257545668774199044e+00 -8.650447647876191581e+00 4.490799147778105294e+00 9.304329116039824044e+00 -3.186111252612519706e+00 1.558917256086404279e+01 1.775720234602029279e+01 6.444900710278105294e+00 1.198534413068826154e+01 7.535591323071074044e+00 -2.979209702319550956e+00 1.230659682446074044e+00 -4.134185593432832206e+00 -1.420425217456269706e+00 -1.279692057878439471e+01 -7.532233994311738456e+00 -1.108516673356955096e+01 5.761390883617949044e+00 9.706604201489042794e+00 5.707359511547636544e+00 -9.647624771899629081e+00 -3.038932602710175956e+00 -7.152784279054884564e-01 -1.862319748706269706e+00 2.338869163327927936e-01 1.942489821606230294e+00 2.387664992504667794e+00 -2.716415207690644706e+00 -5.621001999682832206e+00 4.619133193188261544e+00 5.692474562817167794e+00 8.097000319653105294e+00 1.646154804914529279e+01 3.106757374494607404e+01 3.040448017805154279e+01 1.141386433332498029e+01 5.859070021801542794e+00 1.409374256818826154e+01 6.231407363110136544e+00 9.109329421215605294e+00 1.022758503644998029e+01 1.204287739484841779e+01 9.724952895336699044e+00 -5.565429489917207206e+00 2.088051039867949044e+00 7.113830763989042794e+00 2.734031874828886544e+00 1.084919758527810529e+01 9.878784377270292794e+00 1.360656935864042794e+00 2.222597190671677936e-01 3.826790053539824044e+00 1.691436965160917794e+00 3.527992446117949044e+00 -6.821668556398634564e-01 4.145569045239042794e+00 1.458372517316873029e+01 1.770179005353982404e+01 1.172766133039529279e+01 1.665763111799294904e+01 2.233893604963357404e+01 3.300634785383279279e+01 2.639985676496560529e+01 2.252243061750466779e+01 4.010464497297341779e+01 3.203114338605935529e+01 3.677514668195779279e+01 4.260318012922341779e+01 4.460967274396951154e+01 3.926776142805154279e+01 3.195691700666482404e+01 2.576303883283669904e+01 1.723442860334451154e+01 3.921546955793435529e+01 3.715969105451638654e+01 4.039828510969216779e+01 2.732973499982888654e+01 2.748086567609841779e+01 3.124852009504373029e+01 2.179681416242654279e+01 1.713314076154763654e+01 2.518505879133279279e+01 3.107012959211404279e+01 2.286238880842263654e+01 9.839653212719511544e+00 1.408696766584451154e+01 1.660829182355935529e+01 1.756501789777810529e+01 1.688256092756326154e+01 6.986580092602324044e+00 1.996874256818826154e+01 4.804842063718552936e-01 9.364708144360136544e+00 1.897613545148904279e+01 1.034260578840310529e+01 8.719772536449980294e+00 1.231479664533669904e+01 1.023015614240701154e+01 1.389480788403105294e+00 -3.387649338550019706e+00 -7.509429734057832206e+00 1.002974720686013654e+01 4.161606032543730294e+00 4.233612258129667794e+00 2.169624526196074044e+00 4.771583754711699044e+00 9.836273390942167794e+00 5.092132765942167794e+00 3.522316176586699044e+00 3.865715224438261544e+00 6.848350722485136544e+00 8.423919875317167794e+00 2.562744338207792794e+00 2.389984328442167794e+00 7.484131056957792794e+00 4.564956862621855294e+00 4.638588149242949044e+00 3.688163954907011544e+00 6.209526259594511544e+00 3.635101515942167794e+00 -6.481321266359572064e-01 1.187477309399199044e+00 -1.302869728273634564e-01 2.895744521313261544e+00 1.695172138898904279e+01 1.780611439436013654e+01 -4.377592018312697064e-01 2.142006117992949044e+00 4.639351088696074044e+00 4.108635146313261544e+00 3.208053786449980294e+00 1.834762770824980294e+00 7.548042494946074044e+00 5.164644309812302936e-01 -5.427701881593947064e-01 6.976320335202927936e-01 2.483368117504667794e+00
5.001465041332792794e+00 1.296493727856230294e+00 -9.596187393969941581e+00 5.860216209226365436e-01 -1.178069870776582206e+00 1.819007130353982404e+01 9.056328017407011544e+00 1.150045796125466779e+01 8.887924391918730294e+00 -1.757285874194550956e+00 1.192451674633574044e+00 -3.113830368823457206e+00 5.052215773754667794e+00 1.023870106428201154e+01 1.210025044172341779e+01 2.373184401684355294e+00 -3.355705063647675956e+00 -3.147086899585175956e+00 -3.525428574389863456e+00 2.038593977029279358e-02 1.679527480297636544e+00 -4.487029831714082206e+00 -4.357024948901582206e+00 -6.726981919116425956e+00 6.034166404538865436e-01 2.590851027660917794e+00 4.165603835278105294e+00 3.565963942699980294e+00 5.905494887524199044e+00 8.341499526196074044e+00 9.184038230710740436e-01 -5.886779587573457206e+00 6.823387343578886544e+00 5.916420180492949044e+00 5.859344680004667794e+00 1.241703816144998029e+01 3.391122456281716779e+01 4.504192372053201154e+01 1.307151814191873029e+01 9.740867812328886544e+00 1.607499714582498029e+01 3.878799636059355294e+00 7.028640944653105294e+00 9.094909865551542794e+00 1.014523335187966779e+01 1.834527607648904279e+01 1.226372547834451154e+01 6.812896926098417794e+00 6.919601638012480294e+00 1.204336567609841779e+01 1.998719807355935529e+01 3.327079970532011544e+00 3.909843642407011544e+00 1.086330433576638654e+01 4.011413771801542794e+00 4.548599440746855294e+00 1.211926289289529279e+01 1.695211048811013654e+01 2.361515064924294904e+01 2.083004780500466779e+01 2.233348866193826154e+01 1.766185780256326154e+01 1.469638844221169904e+01 2.492568989484841779e+01 3.824951191633279279e+01 3.603608723371560529e+01 4.049440022199685529e+01 4.610060139387185529e+01 4.390431996076638654e+01 4.190057392805154279e+01 5.107789631574685529e+01 5.028050251691873029e+01 4.530414601057107404e+01 3.046411152570779279e+01 3.589212055891091779e+01 2.917274494855935529e+01 3.416838856428201154e+01 3.635485859602029279e+01 3.349310322492654279e+01 3.221717091291482404e+01 3.299337025373513654e+01 2.359369679182107404e+01 1.154765339582498029e+01 1.821299763410623029e+01 2.533686085432107404e+01 2.715211506574685529e+01 2.062268849103982404e+01 1.970631428449685529e+01 1.706700154035623029e+01 1.020784779279763654e+01 1.334109516828591779e+01 2.121575184553201154e+01 1.682894154279763654e+01 9.279083449535917794e+00 7.987007338696074044e+00 1.298316212385232404e+01 1.432849140852029279e+01 7.797355849438261544e+00 1.104554768293435529e+01 1.226778431623513654e+01 1.288999958723123029e+01 9.370781142407011544e+00 1.026645680158669904e+01 -4.988935402101759564e-01 7.708465773754667794e+00 4.106994826489042794e+00 3.966201979809355294e+00 9.018997389965605294e+00 3.634521681957792794e+00 7.729324538403105294e+00 3.015709120922636544e+00 2.821670729809355294e+00 -1.944228928393769706e+00 4.891655165844511544e+00 5.273483473949980294e+00 6.167610366039824044e+00 8.067077834301542794e+00 9.013481337719511544e+00 -8.455503395265822064e-01 3.400146681957792794e+00 1.395599562817167794e+00 1.260778828352029279e+01 1.107528884106230294e+00 -2.386901657885957206e+00 5.280769545727324044e+00 -8.026077072925019706e+00 3.558418471508574044e+00 2.491504688947732404e+01 3.523793049543435529e+01 1.413777180402810529e+01 1.664630146711404279e+01 -2.261077683276582206e+00 4.008789260082792794e+00 1.111099440746855294e+00 3.158584792309355294e+00 3.033874709301542794e+00 1.003479786603982404e+01 9.834213454418730294e+00 9.095352370434355294e+00 -7.394025734133009564e-01
1.049980946271951154e+01 -3.297340195483613456e+00 -1.045799057788300956e+00 -4.247817795581269706e+00 1.478214283674294904e+01 8.634681899242949044e+00 7.664200026684355294e+00 1.734700031965310529e+01 1.192917067699980294e+00 4.399925429516386544e+00 7.309333998852324044e+00 -1.444473069018769706e+00 3.580894667797636544e+00 9.801010329418730294e+00 3.191988059812302936e-01 1.653930861645292794e+00 8.444648940258574044e+00 8.361969191723417794e+00 -6.010955612964082206e+00 5.568086692624802936e-01 1.298187275617654279e+01 3.980995375805449044e+00 2.362198073559355294e+00 -5.004485886401582206e+00 -4.657623093432832206e+00 2.874710280590605294e+00 4.157036025219511544e+00 5.831512648754667794e+00 1.399319477766091779e+01 6.319313246899199044e+00 1.031857319562966779e+01 7.188156325512480294e+00 8.150772292309355294e+00 2.684913832836699044e+00 1.805198867016386544e+00 1.710023518293435529e+01 3.672955342023904279e+01 3.978956623762185529e+01 2.151144428937966779e+01 1.278092213361794904e+01 1.159550495832498029e+01 9.485016066723417794e+00 3.888282973461699044e+00 4.502029616528105294e+00 9.922683913403105294e+00 1.626510639875466779e+01 5.687957961254667794e+00 -2.288968971437697064e-01 -1.552711289233613456e+00 -3.831992905444550956e+00 9.536134788327927936e-01 -2.569526474780488456e+00 -4.653928688234572064e-01 5.568046767407011544e+00 3.354835707836699044e+00 1.212860890119607404e+01 1.544828816144998029e+01 4.761787612133574044e+00 2.847412892072732404e+01 2.483216114728982404e+01 2.731419392316873029e+01 2.962694569318826154e+01 2.488481159894998029e+01 2.724684162824685529e+01 4.490826435773904279e+01 4.679573078840310529e+01 4.144984455793435529e+01 4.948291035383279279e+01 4.406111164777810529e+01 4.210568257062966779e+01 4.831880207746560529e+01 5.861318989484841779e+01 6.120515461652810529e+01 4.100919361799294904e+01 3.688810749738748029e+01 3.545245381086404279e+01 3.351014729230935529e+01 3.739160176008279279e+01 2.518196125715310529e+01 3.013726826398904279e+01 2.898355122297341779e+01 2.537103291242654279e+01 2.559531422346169904e+01 3.026506825178201154e+01 2.815197773664529279e+01 3.341188069074685529e+01 3.238228626936013654e+01 3.206889363019998029e+01 2.897953816144998029e+01 2.550453968732888654e+01 1.407135029523904279e+01 1.202541371076638654e+01 1.031030293195779279e+01 3.932022292309355294e+00 1.182656880109841779e+01 7.679542739086699044e+00 6.634141990476365436e-01 4.553726393871855294e+00 1.179598255842263654e+01 1.034846516340310529e+01 8.964630324535917794e+00 9.255691725903105294e+00 4.481537062817167794e+00 1.096237380199980294e+00 3.260803420239042794e+00 5.287590224438261544e+00 9.630966384106230294e+00 5.990181166821074044e+00 3.713302809887480294e+00 1.235862929516386544e+00 2.479309279614042794e+00 3.888550002270292794e+00 8.317558486157011544e+00 6.851875502758574044e+00 2.754593093090605294e+00 -4.770963600343947064e-01 3.073662001782011544e+00 1.571167189770292794e+00 3.875229079418730294e+00 5.361938674145292794e+00 3.352752883129667794e+00 4.167030532055449044e+00 1.010292250805449044e+00 5.034996230297636544e+00 1.467855091779763654e+01 8.890688010984177936e-01 6.288345534496855294e+00 1.342387409894998029e+01 1.809484883039529279e+01 9.291954238110136544e+00 2.127807814770292794e+00 7.192918845945115436e-01 6.986183364086699044e+00 -1.666580002612519706e+00 -3.608329575366425956e+00 1.936876365476365436e-01 3.191395490701154358e-02 -4.233549049562697064e-01 5.218109328442167794e+00 3.606208998852324044e+00
8.971870619946074044e+00 8.704759666257615436e-01 1.684067555158669904e+01 2.351989943676542794e+00 5.307571608715605294e+00 2.747421462231230294e+00 3.919527122312302936e-01 5.381166526609177936e-01 7.085792739086699044e+00 6.321411330395292794e+00 -5.082923691577363456e+00 9.462906081371855294e+00 1.400991078107888654e+01 1.598488051586699044e+00 -6.027601173586134564e-01 -3.273422043628144706e+00 -1.615211289233613456e+00 1.834854323559355294e+00 1.705055434399199044e+00 8.148681838207792794e+00 3.354796620100076154e+01 2.191870899885232404e+01 1.599265309064919904e+01 5.943634230785917794e+00 1.138275344067167794e+00 -5.375747483081269706e+00 3.483278343015427936e-01 2.072326857739042794e+00 1.095091267316873029e+01 1.892341811352324044e+00 2.760147292309355294e+00 7.995735366039824044e+00 5.582489211254667794e+00 3.495956618481230294e+00 7.996696669750761544e+00 5.865219313793730294e+00 1.910403462141091779e+01 2.232348652570779279e+01 2.122674580305154279e+01 1.809043141096169904e+01 2.559014149396951154e+01 1.640028401105935529e+01 3.845598289304490436e-01 6.122896262937302936e-01 6.034317214184355294e+00 1.008238239973123029e+01 1.507232863598417794e+00 -9.892957618898634564e-01 6.319946486645292794e+00 -4.952079575366425956e+00 1.448280532055449044e+00 7.107330519848417794e+00 8.346222121410917794e+00 1.157450886457498029e+01 3.167343337231230294e+00 2.372085768871855294e+00 2.017279072492654279e+01 3.180310078352029279e+01 3.924165363996560529e+01 1.959022541730935529e+01 1.725740071027810529e+01 2.848155232160623029e+01 2.803670521467263654e+01 3.010170002668435529e+01 4.303183766096169904e+01 3.740202351301248029e+01 3.967932148664529279e+01 4.217842884748513654e+01 4.219973011701638654e+01 4.892588825910623029e+01 5.754849262922341779e+01 9.032914753644998029e+01 1.331606905051999661e+02 8.143721028059060529e+01 4.918338795393044904e+01 3.513654347150857404e+01 4.350247212141091779e+01 4.517475147932107404e+01 3.471574421613748029e+01 3.137725849836404279e+01 3.029388447492654279e+01 2.646128864973123029e+01 2.115576191633279279e+01 2.185150929182107404e+01 2.903509541242654279e+01 2.981144734113748029e+01 1.703648396223123029e+01 2.795864887922341779e+01 2.922718830793435529e+01 1.994053669660623029e+01 1.325247975080544904e+01 1.080852528303201154e+01 1.036144276350076154e+01 9.478813368969511544e+00 6.687149245434355294e+00 9.536911208324980294e+00 8.614799697094511544e+00 7.572189528637480294e+00 7.889671523266386544e+00 2.912422377758574044e+00 6.409683425121855294e+00 3.464981276684355294e+00 -5.000455787843947064e-01 4.837593276196074044e+00 7.999023635082792794e+00 7.764244277172636544e+00 3.483780104809355294e+00 3.747925002270292794e+00 7.027084548168730294e+00 4.211853224926542794e+00 4.793640334301542794e+00 4.141517836742949044e+00 3.950197288327927936e-01 2.875282485180449044e+00 -3.067580979175019706e+00 -1.107093613452363456e+00 -1.502601425952363456e+00 5.157837111645292794e+00 5.609916884594511544e+00 3.339203078442167794e+00 3.509720046215605294e+00 2.755981642895292794e+00 -9.708860328859572064e-01 -1.680877487964082206e+00 3.711525160961699044e+00 5.237083632641386544e+00 -4.302573960132050956e+00 4.011512953930449044e+00 4.879013259106230294e+00 6.004182884031052936e-01 -5.211166184253144706e+00 5.348152358227324044e+00 2.638420302563261544e+00 3.751846511059355294e+00 -6.993083269064470642e-02 4.360389907055449044e+00 8.902191359692167794e+00 3.094536025219511544e+00 6.382454116039824044e+00 8.101227004223417794e+00
1.409477253644998029e+01 -4.846496384448457206e+00 -4.027931015796113456e+00 3.278282363110136544e+00 4.330024916821074044e+00 7.164665419750761544e+00 5.829292494946074044e+00 1.215747090070779279e+01 9.787841994457792794e+00 -6.577964585132050956e+00 -5.146980088061738456e+00 -2.727996628589082206e+00 -3.778579514331269706e+00 -3.355850022143769706e+00 -1.222187403947775408e+01 -1.023665980607931658e+01 -1.038434913820509564e-01 -4.264602463550019706e+00 9.284822532468552936e-01 4.557151992016386544e+00 2.610035725324685529e+01 3.055781574934060529e+01 3.209143086164529279e+01 1.963095112531716779e+01 1.270629139631326154e+01 -8.114850929445509564e-01 7.825317580395292794e+00 7.462402541332792794e+00 7.419250685864042794e+00 4.753608901196074044e+00 -1.324767868823457206e+00 9.346008498364042794e+00 8.604515273266386544e+00 1.995552260571074044e+00 5.104545790844511544e+00 2.368103224926542794e+00 8.860321242504667794e+00 1.041603108137185529e+01 1.199079914777810529e+01 6.444221694164824044e+00 1.973812885969216779e+01 1.437221546857888654e+01 6.712104994946074044e+00 1.000753803937966779e+01 5.495010573559355294e+00 6.812141616039824044e+00 5.832063743406052936e-01 5.813713271313261544e+00 5.957794387035917794e+00 7.053529807859177936e-01 5.361221511059355294e+00 2.090257282941873029e+01 2.533210951977324044e+00 1.066238600903105294e+00 1.248245259016091779e+01 4.335373122387480294e+00 1.838509388654763654e+01 3.241675587385232404e+01 3.264308186262185529e+01 2.239234944074685529e+01 2.050158711164529279e+01 2.671398945539529279e+01 3.311927052228982404e+01 4.080874653547341779e+01 2.985709400861794904e+01 4.337895222394998029e+01 4.031945820539529279e+01 4.728366108625466779e+01 5.099211903303201154e+01 5.148413105695779279e+01 5.664186115949685529e+01 1.172220003196531053e+02 1.737445222923093411e+02 1.275829927512937303e+02 5.568090077131326154e+01 5.051646443098123029e+01 3.654924030988748029e+01 4.566821308820779279e+01 4.333136006086404279e+01 4.854882069318826154e+01 2.314508076398904279e+01 1.079768391340310529e+01 2.701684590070779279e+01 2.638909931867654279e+01 1.398055287092263654e+01 2.387434406965310529e+01 2.482474537580544904e+01 1.543512745588357404e+01 1.529050465314919904e+01 1.523513050764138654e+01 2.167034168928201154e+01 2.065119190900857404e+01 1.590483875959451154e+01 1.530843373029763654e+01 1.697911854475076154e+01 1.119869251936013654e+01 -2.631652634448457206e+00 7.150880882077927936e-01 6.678878981762480294e+00 4.859878737621855294e+00 2.308090407543730294e+00 5.127426345043730294e+00 8.321029860668730294e+00 8.848861891918730294e+00 3.867897231274199044e+00 7.856659133129667794e+00 5.517799575024199044e+00 7.826156813793730294e+00 8.518220969968552936e-01 5.440628249340605294e+00 6.363998610668730294e+00 4.789299208813261544e+00 -1.292341163820509564e-01 6.489265639477324044e+00 -1.808242600268769706e+00 -1.281165879077363456e+00 5.014450270824980294e+00 1.148285109692167794e+00 6.730491835766386544e+00 5.295700270824980294e+00 -9.001539161867384564e-01 7.721260268383574044e+00 4.331443984203886544e+00 -5.301399033374238456e+00 -1.458045761889863456e+00 -7.625602524585175956e+00 3.634079177074980294e+00 2.961351463132615436e-01 -1.482833664721894706e+00 -3.480575363940644706e+00 1.960891921215605294e+00 4.343193251782011544e+00 9.777851789529279358e-02 -1.910987656421113456e+00 -1.844650070971894706e+00 5.402847487621855294e+00 7.038131911449980294e+00 6.890770156078886544e+00 6.312210280590605294e+00 5.669792372875761544e+00
1.028437061994607404e+01 -2.622894089526582206e+00 6.708992201977324044e+00 2.022598464184355294e+00 6.445656020336699044e+00 -3.772331040210175956e+00 1.407625266843552936e-01 5.781662184887480294e+00 3.841240126782011544e+00 -3.789642136401582206e+00 -1.256545822925019706e+00 -9.703452866382050956e+00 -2.885841172046113456e+00 5.480987746410917794e+00 -3.794189255542207206e+00 -5.854947975343947064e-01 1.063916035383279279e+01 1.748123951643044904e+01 6.094032485180449044e+00 4.969040114574980294e+00 1.478836079328591779e+01 1.830441303937966779e+01 3.960613270490701154e+01 1.637006397932107404e+01 1.830730457990701154e+01 -1.976188462085175956e+00 5.761108596020292794e+00 3.842445571117949044e+00 1.364209767072732404e+01 1.057720204084451154e+01 -7.554166725343947064e-01 3.930633742504667794e+00 4.192390639477324044e+00 -7.626312058276582206e+00 -1.232955735034394706e+00 4.920761305981230294e+00 9.501045424633574044e+00 4.603004653149199044e+00 -2.162473610109572064e-01 1.589751454084451154e+01 1.965989704816873029e+01 1.848736592023904279e+01 7.888382155590605294e+00 1.644792195051248029e+01 1.167621632307107404e+01 7.582596022778105294e+00 1.755740376203591779e+01 1.278482075422341779e+01 5.639915663891386544e+00 1.775269337385232404e+01 5.807579238110136544e+00 1.795339985578591779e+01 1.942193623273904279e+01 8.887718398266386544e+00 4.638931471996855294e+00 1.520185108869607404e+01 2.229232807844216779e+01 2.062554951398904279e+01 2.842578144758279279e+01 2.964083882062966779e+01 2.913202686994607404e+01 2.366011830061013654e+01 2.862153645246560529e+01 2.783256550519998029e+01 3.889672871320779279e+01 3.493882008283669904e+01 3.750059529035623029e+01 3.064450093000466779e+01 5.797422810285623029e+01 4.339842243879373029e+01 4.865106220930154279e+01 8.258177204816873029e+01 1.089598695823484178e+02 9.080384846418435529e+01 5.014657612531716779e+01 3.603202839582498029e+01 4.406625385969216779e+01 3.978103657453591779e+01 3.150524922102029279e+01 3.631562824934060529e+01 2.151022358625466779e+01 1.225212116926248029e+01 3.384065266340310529e+01 3.445462055891091779e+01 1.518574543684060529e+01 1.680339070051248029e+01 1.680788441389138654e+01 1.482690449445779279e+01 3.140184470945115436e-01 8.948402602367949044e+00 1.167948170393044904e+01 1.533129139631326154e+01 1.516918202131326154e+01 1.342777271955544904e+01 2.769127089672636544e+00 6.561973769360136544e+00 7.495918471508574044e+00 1.409691054516386544e+00 1.298371906965310529e+01 3.583223411374802936e-01 6.243240554028105294e+00 1.677993971996855294e+00 1.349813099592263654e+01 7.200515944653105294e+00 5.595705100827927936e-01 3.483009535961699044e+00 1.387481887035917794e+00 7.697883803539824044e+00 1.016418654614042794e+00 2.010780532055449044e+00 5.880035597973417794e+00 3.327591139965605294e+00 3.782692153149199044e+00 3.824541160398240436e-01 -6.334989479250197064e-01 -6.306213181323457206e+00 4.010393211179490436e-01 2.992393691235136544e+00 4.110313613110136544e+00 -4.589774887866425956e+00 9.037019798093552936e-01 -4.602027695483613456e+00 -1.096435349292207206e+00 -3.906913559741425956e+00 2.989189345532011544e+00 6.495063979321074044e+00 3.235756117992949044e+00 1.825134474926542794e+00 1.703933913403105294e+00 2.150652000241990436e-01 8.907014915281052936e-01 3.652244765453886544e+00 -9.327697556323457206e+00 2.543220717602324044e+00 3.736803123288865436e-01 -4.520858567065644706e+00 4.468383986645292794e+00 6.576179701977324044e+00 -2.905364792651582206e+00 2.627098281078886544e+00
5.178131301098417794e+00 1.220724507062966779e+01 -2.129119675464082206e+00 4.081237990551542794e+00 -3.553420822925019706e+00 -2.720413010425019706e+00 7.923286635571074044e+00 -7.037208359546113456e+00 1.847953053205544904e+01 2.114581318586404279e+01 8.764946181469511544e+00 -5.528243820971894706e+00 2.187668044262480294e+00 -6.093848984546113456e+00 1.970268447094511544e+00 -1.186712626726095721e+01 5.923576552563261544e+00 -2.315254013842988456e+00 2.226951796703886544e+00 -3.246055405444550956e+00 3.793235976391386544e+00 7.322181899242949044e+00 2.276110096662576154e+01 1.309478016584451154e+01 1.494709034650857404e+01 -2.405944626635957206e+00 7.993538100414824044e+00 6.954353530102324044e+00 1.085770436018044904e+01 1.017099018781716779e+01 4.494407851391386544e+00 -1.604667465991425956e+00 -1.123328965014863456e+00 -5.639442246264863456e+00 6.547714430981230294e+00 6.889373976879667794e+00 -6.815154831714082206e+00 -3.614600937671113456e+00 -1.456085007495332206e+00 1.063538380353982404e+01 1.488658161848123029e+01 1.435708637922341779e+01 1.009635945051248029e+01 2.121153279035623029e+01 1.588658161848123029e+01 -1.820449631518769706e+00 1.579362937741990436e-01 8.270950514965605294e+00 1.065666218488748029e+01 1.624852772443826154e+01 2.510694905012185529e+01 3.549278456860136544e+00 7.307335097485136544e+00 8.643402297192167794e+00 3.992599684887480294e+00 1.268440444164824044e+00 1.840811176984841779e+01 1.496524067609841779e+01 6.573242385082792794e+00 3.556678028791482404e+01 2.442301960676248029e+01 2.678415699689919904e+01 1.735464497297341779e+01 1.878253193586404279e+01 2.692274494855935529e+01 4.012963886945779279e+01 4.604673786848123029e+01 4.190885182111794904e+01 4.536952992170388654e+01 4.435853596418435529e+01 4.318789692609841779e+01 5.488635273664529279e+01 5.541753407209451154e+01 4.734513111799294904e+01 4.725059529035623029e+01 3.928498097150857404e+01 3.967877979963357404e+01 4.259721394269998029e+01 3.541185017316873029e+01 3.533766957014138654e+01 3.800480671613748029e+01 3.094880696027810529e+01 3.044586201398904279e+01 2.516340656965310529e+01 2.267070027082498029e+01 1.412807484357888654e+01 1.211296864240701154e+01 1.137525959699685529e+01 1.002221699445779279e+01 1.214445515363748029e+01 1.616367359846169904e+01 5.599672385984177936e-01 1.207666035383279279e+01 9.835258681469511544e+00 4.918037612133574044e+00 1.604255873852324044e+00 4.393493849926542794e+00 1.030308552473123029e+01 9.652729719216779358e-02 2.718162734203886544e+00 8.371049949460740436e-01 -6.933744362062697064e-01 -3.379209449953322064e-01 9.965461928539824044e+00 4.006363112621855294e+00 -4.040754249758009564e-01 -1.354430954760957206e+00 3.532203871899199044e+00 5.096077162914824044e+00 -1.231612961596894706e+00 4.644882399731230294e+00 4.270523268871855294e+00 4.005829055004667794e+00 3.621910292797636544e+00 5.388649184399199044e+00 6.118852683835740436e-01 -5.028404038257050956e+00 4.000419814282011544e+00 1.138603408032011544e+00 3.585754592114042794e+00 3.438179213696074044e+00 5.721634108715605294e+00 1.474807936840605294e+00 2.359901625805449044e+00 3.282814223461699044e+00 6.386490065746855294e+00 7.277900893383574044e+00 -1.198921006030488456e+00 2.741378981762480294e+00 6.548713881664824044e+00 6.475517470532011544e+00 -2.109885971850800956e+00 1.112062522702927936e-01 4.195297438793730294e+00 -1.665504257983613456e+00 -2.847221176928925956e+00 4.918831069164824044e+00 4.297973830395292794e+00 2.204071242504667794e+00 -6.096113136476759564e-01
-9.770881455249238456e+00 1.155366535871560529e+01 -8.671199601001191581e+00 5.964012343578886544e+00 -1.842765025407736346e+01 -1.643589000017111346e+01 -1.195609645158712908e+01 6.412689406567167794e+00 5.395477492504667794e+00 -1.349694041521017596e+01 1.453526325910623029e+01 -7.846296241945509564e-01 -4.631942551440644706e+00 -1.319007675952363456e+00 7.008064467602324044e+00 -5.856468003100800956e+00 1.694099623852324044e+00 -4.770004074878144706e+00 -1.242162684709494158e+01 1.188822193830544904e+01 5.540153701000761544e+00 1.408944721906716779e+01 1.030645771711404279e+01 -2.086654465503144706e+00 6.019951064282011544e+00 -9.271838944262910331e+00 1.096321303539824044e+00 5.359192092114042794e+00 6.321815688305449044e+00 3.167770583324980294e+00 8.692260939770292794e+00 -7.028228562182832206e+00 5.078628737621855294e+00 2.762512404614042794e+00 9.493545729809355294e+00 1.478755970686013654e+01 5.451805312328886544e+00 2.906753737621855294e+00 6.254089553051542794e+00 1.272154255598123029e+01 4.501938063793730294e+00 1.567683430402810529e+01 5.324737746410917794e+00 1.898201186352324044e+00 -3.777847092456269706e+00 -7.919162552661347831e+00 1.526252944164824044e+00 9.469055373364042794e+00 6.019500930004667794e+00 7.475280959301542794e+00 8.823394972973417794e+00 1.981633778303201154e+01 1.377635975568826154e+01 1.853439350812966779e+01 2.707252522199685529e+01 2.057820912092263654e+01 2.725428791730935529e+01 9.569427687817167794e+00 2.818690510480935529e+01 2.657273884504373029e+01 2.979027577131326154e+01 4.005358906477029279e+01 2.418531819074685529e+01 3.266837330549294904e+01 3.394364948957498029e+01 3.097637196271951154e+01 4.488163014143044904e+01 3.651415272443826154e+01 4.297253437727029279e+01 4.420275135725076154e+01 3.656336994855935529e+01 3.932094593732888654e+01 4.924388142316873029e+01 5.563932820051248029e+01 4.340201588361794904e+01 3.999279804914529279e+01 4.018610401838357404e+01 3.932128163068826154e+01 3.964884205549294904e+01 3.366252155988748029e+01 1.565981312482888654e+01 2.658413716047341779e+01 1.718865223615701154e+01 1.664498921125466779e+01 1.604956074445779279e+01 1.376960774152810529e+01 1.373461170881326154e+01 1.068322010725076154e+01 1.516750355451638654e+01 7.998474318676542794e+00 6.149917800121855294e+00 2.031173903637480294e+00 1.258068867414529279e+01 6.681961257153105294e+00 8.346092421703886544e+00 2.432205397778105294e+00 1.554958363264138654e+01 1.031735249250466779e+01 -9.694745948976759564e-01 1.057706471174294904e+01 3.013862807446074044e+00 -2.266883652514863456e+00 -1.076400559253144706e+00 4.268493849926542794e+00 4.508926589184355294e+00 1.487213332348417794e+00 7.161651808910917794e+00 -3.702880661792207206e+00 3.292343337231230294e+00 7.697450706296677936e-01 7.062759596996855294e+00 8.111770827465605294e+00 4.718582350903105294e+00 2.465355117016386544e+00 -1.718749802417207206e+00 -1.550720017260957206e+00 -2.107528488940644706e+00 4.165069777660917794e+00 2.266586501293730294e+00 8.148254592114042794e+00 9.327713210278105294e+00 1.219986159496855294e+00 4.231445510082792794e+00 1.811210829907011544e+00 9.575960227781052936e-01 3.635719496899199044e+00 4.322395522289824044e+00 1.322174269848417794e+00 4.730369765453886544e+00 1.565445143871855294e+00 -5.278739731616425956e+00 -5.799766342944550956e+00 6.903366286449980294e+00 3.965789992504667794e+00 1.323791701489042794e+00 -2.257591049975800956e+00 -7.525920670337129081e+00 6.618705947094511544e+00 8.487587172680449044e+00 2.426071364574980294e+00
-1.587760727710175956e+00 2.789818007641386544e+00 8.350876052074980294e+00 -1.440465144426291033e+01 -7.582778733081269706e+00 -1.359947007007050956e+00 6.567848403149199044e+00 1.723960896223123029e+01 1.139396687238748029e+01 -1.082418803483908221e+01 6.656395156078886544e+00 -6.876891892260957206e+00 -6.343498032397675956e+00 8.979828078442167794e+00 1.277449055402810529e+01 -1.998210124284689471e+01 -2.457580368823457206e+00 -1.706154612810080096e+01 -6.216674607104707206e+00 1.868223591535623029e+01 1.164576740949685529e+01 1.073584004133279279e+01 1.708595473461699044e+00 -3.976798813647675956e+00 3.165786940746855294e+00 -7.705467026538300956e+00 -1.740478318042207206e+00 1.873520095043730294e+00 3.017845351391386544e+00 -2.867690842456269706e+00 7.692894179516386544e+00 -6.298385422534394706e+00 4.966476638012480294e+00 -2.110412400073457206e+00 7.128906447582792794e+00 8.661300856762480294e+00 5.010437209301542794e+00 -8.896100929445509564e-01 -6.587751320070509564e-01 9.032913405590605294e+00 3.327198713357404358e-02 6.855392653637480294e+00 8.801582534008574044e+00 9.984085280590605294e+00 -1.667449753589082206e+00 -3.487968247241425956e+00 -3.960342209643769706e+00 8.769409377270292794e+00 2.639381606274199044e+00 1.304908772199685529e+01 1.279034443586404279e+01 8.857643325024199044e+00 5.312378127270292794e+00 1.315478535383279279e+01 1.874540730207498029e+01 7.618835646801542794e+00 2.956498738019998029e+01 3.444375630109841779e+01 3.344040699689919904e+01 2.938301106184060529e+01 2.706741352766091779e+01 2.241258259504373029e+01 1.839872761457498029e+01 4.220638294904763654e+01 4.216268940656716779e+01 2.689334889143044904e+01 4.517240162580544904e+01 3.886488362043435529e+01 4.261289997785623029e+01 4.601559468000466779e+01 4.180718250959451154e+01 3.485296650617654279e+01 4.340606709211404279e+01 4.250988026350076154e+01 3.598800678937966779e+01 3.689756794660623029e+01 3.156765766828591779e+01 2.305279560773904279e+01 3.408825703352029279e+01 3.433186360090310529e+01 8.907318312817167794e+00 1.681125660627419904e+01 1.837864704816873029e+01 2.334751911848123029e+01 2.907870503156716779e+01 1.956394215314919904e+01 1.119854756086404279e+01 2.335575886457498029e+01 1.467475910871560529e+01 -8.602521827883009564e-01 2.067585676248029358e-02 3.936264235668730294e+00 9.893684584789824044e+00 1.209968586652810529e+01 8.356888014965605294e+00 4.156746108227324044e+00 5.065406996899199044e+00 3.900352675610136544e+00 7.375413963132615436e-01 1.223496266096169904e+01 8.652382094555449044e+00 -3.459510605639863456e+00 5.313293654614042794e+00 5.487596580320115436e-01 -2.192992966479707206e+00 4.424835402660917794e+00 9.587249953442167794e+00 1.106247145824980294e+00 5.069734641843552936e-01 6.171043593578886544e+00 4.187507826977324044e+00 2.648620803051542794e+00 2.873689719968552936e-01 -6.855727951831269706e+00 -2.100341599292207206e+00 8.200093000466779358e-02 5.664337355785917794e+00 3.040771681957792794e+00 7.550010878735136544e+00 1.078553028791482404e+01 9.304832656078886544e+00 2.983093459301542794e+00 -2.220725815600800956e+00 -2.271087448901582206e+00 -1.181602280444550956e+00 2.629760939770292794e+00 3.337715346508574044e+00 1.999115187817167794e+00 -3.611655991382050956e+00 -6.563979904956269706e+00 1.393722731762480294e+00 -3.100135605639863456e+00 -7.025297096437697064e-01 -1.541641037768769706e+00 -3.483093064135957206e+00 4.206100661449980294e+00 8.738464553051542794e+00 2.717125136547636544e+00 2.085647780590605294e+00 3.506248671703886544e+00
1.424783344953591779e+01 -8.363963883227754081e+00 1.735381336896951154e+01 2.166977126293730294e+00 8.997879225903105294e+00 -6.480787208742384564e-01 -7.334602158374238456e+00 -1.655586045092988456e+00 1.582199879377419904e+01 nan 5.727006980710740436e-01 -1.232504634172384783e+01 -1.417712764055197283e+01 -5.623472145265822064e-01 nan nan nan nan 2.931869704418730294e+00 1.720363636701638654e+01 6.660081931882615436e-01 5.240997512035917794e+00 1.211109944074685529e+01 9.594848830395292794e+00 5.086303908520292794e+00 -6.232490341967988456e+00 6.690010268383574044e+00 -2.641311447925019706e+00 -1.848991196460175956e+00 -1.042864207536642596e+01 -8.227918556398634564e-01 -7.416122238940644706e+00 -1.327094834155488456e+00 -2.708280494875197064e-01 -1.494743149585175956e+00 2.115022727781052936e-01 -9.892728737062697064e-01 3.612350661449980294e+00 1.000218220441873029e+01 9.788133689695115436e-01 5.167953688793730294e+00 5.788849074535917794e+00 1.541416950910623029e+01 5.507179457836699044e+00 -3.749816696948457206e+00 -6.140106003589082206e+00 -5.720519821948457206e+00 7.480880934887480294e+00 6.842819411449980294e+00 2.743667800121855294e+00 3.459556777172636544e+00 2.718237324445779279e+01 2.035867329328591779e+01 1.339600392072732404e+01 3.403557021313261544e+00 2.111573811262185529e+01 2.783471699445779279e+01 2.505449696271951154e+01 2.071600361555154279e+01 4.478524800031716779e+01 3.746266194074685529e+01 2.252670307844216779e+01 2.075572224348123029e+01 4.413015766828591779e+01 4.849620075910623029e+01 2.226344319074685529e+01 2.670925923078591779e+01 3.439251728742654279e+01 3.352703114240701154e+01 3.630564900129373029e+01 4.031029530256326154e+01 3.810331745832498029e+01 3.359300251691873029e+01 3.438448353498513654e+01 3.055194111555154279e+01 2.767082997053201154e+01 3.411495991437966779e+01 2.975720234602029279e+01 2.725988789289529279e+01 1.736122151105935529e+01 9.829719741039824044e+00 2.562889118879373029e+01 1.353956623762185529e+01 4.899276930981230294e+00 1.478058644025857404e+01 1.419700642316873029e+01 1.949946613996560529e+01 2.310057850568826154e+01 9.002952773266386544e+00 1.401069838696074044e+00 1.254837818830544904e+01 9.324836928539824044e+00 7.065521437817167794e+00 1.314057179182107404e+01 9.913757521801542794e+00 7.921219069653105294e+00 5.974334914379667794e+00 1.055719013898904279e+01 9.017753798657011544e+00 9.097885329418730294e+00 -1.634040634936738456e+00 -7.304637711352754081e+00 -8.272703102297072064e-01 -4.389182846850800956e+00 -7.295530250734572064e-01 1.060867329328591779e+01 1.152446003644998029e+01 3.398666579418730294e+00 3.088295180492949044e+00 8.959694106274199044e+00 5.161903578930449044e+00 -5.742032936281447064e-01 1.990471083813261544e+00 2.427894789867949044e+00 4.309936721020292794e+00 -2.135618141359572064e-01 2.112663466625761544e+00 2.709953505688261544e+00 3.916382033520292794e+00 4.974945265942167794e+00 6.260399062328886544e+00 -5.448020737475800956e+00 -2.016792099780488456e+00 1.327263076000761544e+00 -2.758857529467988456e+00 3.264009544187302936e-01 -7.223490983908220642e-02 4.764114577465605294e+00 -1.220153611010957206e+00 6.091781813793730294e+00 6.048698622875761544e+00 3.941940505199980294e+00 1.885643202953886544e+00 3.454849440746855294e+00 9.078828880124802936e-01 -9.022254746264863456e+00 -5.739768784350800956e+00 -3.223014633960175956e+00 -5.420188706225800956e+00 2.662803847485136544e+00
4.331733901196074044e+00 -8.049575608081269706e+00 1.504911061018044904e+01 1.078155537336404279e+01 2.490587635725076154e+01 3.480522353344511544e+00 6.694832045727324044e+00 -5.158431809253144706e+00 -1.322158615893769706e+00 -1.519228343278830096e+01 1.529882832258279279e+01 1.577723713605935529e+01 1.383026905744607404e+01 -5.097785752124238456e+00 1.667613239973123029e+01 -4.991103928393769706e+00 4.397415358715605294e+00 -7.909374039477754081e+00 -2.794906418628144706e+00 7.632454116039824044e+00 2.687195021801542794e+00 2.585098464184355294e+00 1.707190724103982404e+01 4.432998854809355294e+00 1.491502400129373029e+01 -1.223640244311738456e+00 3.179489333324980294e+00 5.457512099438261544e+00 1.655266005688261544e+00 8.459703513913865436e-01 -1.243064682788300956e+00 2.026169020824980294e+00 5.591629225903105294e+00 7.931793410473417794e+00 1.087492390363748029e+01 -8.724860947436738456e+00 -3.031919410890822064e-01 8.175811965160917794e+00 9.343643386059355294e+00 1.311949177473123029e+01 -9.417941849536347831e+00 1.045651264875466779e+01 -3.267539780444550956e+00 -3.570783546633009564e-01 3.400421340160917794e+00 3.303024489574980294e+00 7.560501296215605294e+00 5.024727065258574044e+00 1.685701771467263654e+01 1.141352863996560529e+01 6.353080947094511544e+00 1.044653340070779279e+01 5.502227980785917794e+00 7.624351699047636544e+00 1.995050068586404279e+01 2.051330586164529279e+01 3.071823139875466779e+01 7.724960524731230294e+00 2.307389851301248029e+01 1.530809803693826154e+01 3.011596699445779279e+01 1.942002125471169904e+01 3.242712422102029279e+01 4.179821797102029279e+01 3.711703510969216779e+01 2.850550099103982404e+01 2.492985554426248029e+01 2.471090718000466779e+01 2.170085163801248029e+01 2.794510670393044904e+01 3.922700520246560529e+01 3.634187336652810529e+01 3.351202412336404279e+01 3.103221150129373029e+01 2.948577137678201154e+01 2.816463490217263654e+01 3.750685139387185529e+01 3.838758869855935529e+01 2.776337452619607404e+01 2.747988148420388654e+01 2.192675801008279279e+01 2.037066670148904279e+01 7.223152358227324044e+00 -1.063077858156447064e-01 6.385894972973417794e+00 1.614456196516091779e+01 1.864004536359841779e+01 8.862350661449980294e+00 -9.924695900148634564e-01 3.376457411938261544e+00 1.500548573225076154e+01 7.210624892407011544e+00 6.964630324535917794e+00 5.460357863598417794e+00 2.787477561765427936e-01 1.030989857404763654e+01 1.211167927473123029e+01 -6.836240699953322064e-01 1.075386244946074044e+00 9.516832420163865436e-01 -2.391403000659394706e+00 2.474975783520292794e+00 6.605827529125761544e+00 -3.502097885913300956e+00 6.838264662914824044e+00 4.166282851391386544e+00 9.403091628246855294e+00 8.707420546703886544e+00 2.289978224926542794e+00 -6.965024879640822064e-01 7.855217177563261544e+00 5.298927504711699044e+00 -8.183362892336134564e-01 -2.259595802492384564e-01 5.280861098461699044e+00 -3.097761085695509564e-01 -3.806302955812697064e-01 4.998428542309355294e+00 -3.813949387378144706e+00 3.821441847973417794e+00 3.887512404614042794e+00 -5.128875534839082206e+00 6.712303359203886544e+00 7.969209739499802936e-01 -1.714805405444550956e+00 -1.732551377124238456e+00 -3.410102646655488456e+00 -3.041030686206269706e+00 5.459335524731230294e+00 1.191902358227324044e+00 -2.663877418703322064e-01 -7.332179825610566581e+00 -1.428314011401582206e+00 8.288810927563261544e+00 -1.388549607104707206e+00 1.743911940746855294e+00 8.914720603757615436e-01 -2.154952805346894706e+00 2.247856337719511544e+00 2.309257704907011544e+00
-5.817565720385957206e+00 -1.346717636889863456e+00 9.425499159985136544e+00 6.319954116039824044e+00 5.557434279614042794e+00 7.000160414867949044e+00 2.107269306867654279e+01 8.096550185375761544e+00 1.609813709943826154e+01 -1.652250651628439471e+01 -4.297935288257050956e+00 -7.236717026538300956e+00 6.862724501782011544e+00 -6.129852097339082206e+00 -8.232494156665254081e+00 5.704498488598417794e+00 3.713699538403105294e+00 -1.771011714250509783e+01 -8.758132736987519706e+00 7.254806716137480294e+00 1.544496937482888654e+01 -4.599212448901582206e+00 1.237437458723123029e+01 5.950531203442167794e+00 8.624885756664824044e+00 -3.339797776050019706e+00 7.156067092114042794e+00 5.164177138500761544e+00 6.883621413403105294e+00 -6.509757798022675956e+00 1.088607807844216779e+01 1.089792652814919904e+01 6.272506911449980294e+00 8.189026076489042794e+00 8.827118117504667794e+00 -8.343272965259004081e+00 1.258580036848123029e+01 1.159155293195779279e+01 4.404144484692167794e+00 6.449905593090605294e+00 5.435119826489042794e+00 -5.855010788745332206e+00 1.092189045637185529e+01 1.177902419262480294e+00 2.044075209789824044e+00 1.118045063703591779e+01 -9.522510330981660331e+00 1.519192524641091779e+01 2.663383681469511544e+00 4.504699904614042794e+00 6.121353346996855294e+00 1.069558735578591779e+01 2.145821400373513654e+01 1.996286030500466779e+01 5.097587783032011544e+00 1.221963520734841779e+01 1.628546162336404279e+01 1.996910877912576154e+01 2.916185017316873029e+01 1.872419758527810529e+01 1.833187885969216779e+01 1.503551502912576154e+01 2.590380116193826154e+01 4.009127827375466779e+01 3.332814045637185529e+01 1.259441395490701154e+01 1.303553028791482404e+01 1.460759754865701154e+01 2.667243977277810529e+01 3.415330525129373029e+01 2.884254475324685529e+01 1.944940968244607404e+01 3.150387593000466779e+01 2.728616352766091779e+01 2.790895100324685529e+01 2.033319111555154279e+01 2.441831989973123029e+01 3.030984516828591779e+01 3.417257710187966779e+01 1.983451863019998029e+01 2.373471852033669904e+01 1.824381275861794904e+01 1.368867512434060529e+01 7.711670119457792794e+00 4.008239943676542794e+00 1.499722309797341779e+01 1.664315815656716779e+01 1.459898396223123029e+01 7.532165724926542794e+00 2.053962727277810529e+01 4.560775954418730294e+00 1.100270100324685529e+01 5.642837721996855294e+00 8.841415602856230294e+00 4.185333449535917794e+00 1.187622090070779279e+01 1.989074904614042794e+00 6.626121718578886544e+00 8.445297438793730294e+00 1.073005873852324044e+00 2.864906508617949044e+00 2.793937880688261544e+00 9.647865492992949044e+00 6.620346266918730294e+00 6.404388625317167794e+00 1.200723286359841779e+01 6.500068862133574044e+00 -7.663368027514863456e+00 -5.801261704272675956e+00 1.886369773679490436e-01 5.637657363110136544e+00 4.917686659985136544e+00 -1.682098191089082206e+00 -5.467086594409394706e+00 5.715019423657011544e+00 -2.260322373217988456e+00 3.370834548168730294e+00 5.008789260082792794e+00 5.173799583249802936e-01 5.060096938305449044e+00 1.123831959455544904e+01 4.420456130199980294e+00 4.772049147778105294e+00 3.501922805004667794e+00 -4.839370529956269706e+00 4.664156028562302936e-01 5.460769850903105294e+00 -1.192214768237519706e+00 4.547960349851365436e-01 7.077041823559355294e+00 3.629944045239042794e+00 2.156448561840605294e+00 -1.606170456714082206e+00 -8.708171159689470642e-02 -5.695323259298845642e-02 -3.629758766359572064e-01 -3.243575852221894706e+00 2.834869582348417794e+00 -6.489103248781447064e-01 5.532203871899199044e+00
2.848442275219511544e+00 5.051834304028105294e+00 1.294922657697732404e+01 4.415840346508574044e+00 1.157612629621560529e+01 -3.676450660890822064e-01 6.789314467602324044e+00 -3.068847458667207206e+00 2.368318196027810529e+01 1.142254658430154279e+01 1.283596821516091779e+01 -2.641807358569550956e+00 2.489571400373513654e+01 5.190376479321074044e+00 6.562179763012480294e+00 9.046135146313261544e+00 3.255464622312302936e-01 6.262209007077927936e-01 5.796142775707792794e+00 1.163871784894998029e+01 1.420711537092263654e+01 7.940218040281052936e-01 1.435408039777810529e+01 8.894989211254667794e+00 5.817978102856230294e+00 -6.076736252612519706e+00 7.312423903637480294e+00 -1.028401545793478533e+01 9.991821486645292794e+00 -1.175516871721212908e+01 2.120285053937966779e+01 9.956566054516386544e+00 1.799148757153105294e+00 9.134292800121855294e+00 -7.732160499758009564e-01 2.052086074047636544e+00 4.655739028149199044e+00 9.682625014477324044e+00 -4.615501206225800956e+00 4.461860854321074044e+00 6.680053908520292794e+00 2.188034255199980294e+00 8.692566115551542794e+00 -6.268766334718947064e-01 -6.101150315112519706e+00 7.681846816235136544e+00 1.019120045393044904e+01 -1.158216407961134564e-01 1.500422688215310529e+01 5.345550734692167794e+00 6.593536574535917794e+00 5.247162062817167794e+00 1.159501667707498029e+01 1.328771992414529279e+01 2.031709739499802936e-01 1.364720173566873029e+01 1.650629444807107404e+01 1.510430165021951154e+01 1.405603047102029279e+01 1.746244068830544904e+01 3.293573780744607404e+01 2.209638996809060529e+01 1.941432209699685529e+01 3.603214283674294904e+01 2.964320393293435529e+01 2.116900654523904279e+01 1.264986439436013654e+01 1.948648091047341779e+01 2.602008076398904279e+01 2.760575123518044904e+01 1.873121662824685529e+01 2.635247822492654279e+01 2.848980732648904279e+01 2.445105000227029279e+01 2.265880604475076154e+01 2.535098286359841779e+01 1.724073811262185529e+01 1.677127857893044904e+01 3.001191731184060529e+01 1.615158100812966779e+01 1.587257405012185529e+01 1.075413532941873029e+01 1.261596699445779279e+01 1.104339619367654279e+01 1.600076313703591779e+01 1.602699299543435529e+01 6.669525344067167794e+00 5.545067031078886544e+00 1.687741108625466779e+01 -3.950040748781447064e-01 -8.523669998950410331e+00 2.407669264965605294e+00 6.489593703442167794e+00 3.624923903637480294e+00 2.916795799070115436e-01 6.117820937328886544e+00 -1.621848862475800956e+00 -3.217262070483613456e+00 3.293205458813261544e+00 2.374778945141386544e+00 2.300728041821074044e+00 8.448532302074980294e+00 6.949318129711699044e+00 9.620819289379667794e+00 8.449539382153105294e+00 1.162761707990701154e+01 -4.806498796408220642e-02 6.457390029125761544e+00 -4.716794899172072064e-01 5.400566298657011544e+00 8.205034324460740436e-01 1.942466933422636544e+00 4.048134047680449044e+00 1.011306019514138654e+01 7.270767409496855294e+00 5.495651442699980294e+00 6.238670546703886544e+00 4.597427565746855294e+00 2.779533583813261544e+00 4.495201308422636544e+00 3.621612746410917794e+00 4.324829299145292794e+00 5.499534804516386544e+00 2.281677443676542794e+00 -3.748672287768769706e+00 7.925493308835740436e-01 4.411491591625761544e+00 -3.919280808276582206e+00 5.714912612133574044e+00 1.913046284406716779e+01 8.281440932446074044e+00 1.075195510082792794e+00 1.963371474438261544e+00 3.887298781567167794e+00 3.524978835278105294e+00 9.053499290281052936e-01 2.068893630199980294e+00 -7.488630226320509564e-01 3.555694777660917794e+00 1.527336318188261544e+00
4.539901930981230294e+00 7.427032668285917794e+00 1.893829543285917794e+00 -6.991422584718947064e-01 3.251762587719511544e+00 -1.309882920092988456e+00 6.094978530102324044e+00 1.988273640363748029e+01 8.761947829418730294e+00 2.010727711408669904e+01 1.634865004711699044e+00 1.266517836742949044e+00 1.276191731184060529e+01 -5.714568894214082206e+00 2.767955036848123029e+01 1.948539753644998029e+01 2.402667256086404279e+01 1.266188832014138654e+01 6.845520217114042794e+00 6.156318862133574044e+00 8.358337599926542794e+00 6.803962905102324044e+00 5.928947646313261544e+00 -1.053922584718947064e-01 7.921983787351365436e-01 3.830186912351365436e-01 3.393058974438261544e+00 -2.368812363452363456e+00 1.001992817609841779e+01 4.781724998288865436e-01 1.642810078352029279e+01 7.374878127270292794e+00 3.741615492992949044e+00 8.404876906567167794e+00 5.758094985180449044e+00 4.559311110668730294e+00 2.875139304929490436e-01 9.491806227856230294e+00 5.439712721996855294e+00 3.184358665281052936e-01 6.829323012524199044e+00 1.119401570051248029e+01 -6.741653244800019706e+00 7.151535231762480294e+00 1.833206374340605294e+00 6.974136550121855294e+00 8.629371840649199044e+00 2.254110737531716779e+01 1.378160114973123029e+01 1.094567890852029279e+01 1.122651692121560529e+01 7.311035353832792794e+00 9.818298537426542794e+00 2.202909870832498029e+01 1.114830036848123029e+01 8.744804579907011544e+00 1.834587116926248029e+01 2.778788777082498029e+01 2.409192677228982404e+01 2.116138478010232404e+01 2.513400288312966779e+01 2.458873005598123029e+01 1.436141224592263654e+01 1.995366688459451154e+01 1.884706898420388654e+01 2.651358814924294904e+01 2.818605061262185529e+01 2.514173145978982404e+01 3.052978535383279279e+01 2.984000416486794904e+01 2.743048878400857404e+01 3.224149342268044904e+01 2.673987599103982404e+01 1.938450642316873029e+01 2.408245869367654279e+01 2.291535969465310529e+01 2.246558399885232404e+01 2.571411152570779279e+01 1.964404316633279279e+01 5.011032302074980294e+00 1.692739124982888654e+01 2.018107624738748029e+01 1.856729145734841779e+01 -3.528592994875197064e-01 1.005694599836404279e+01 1.011354847639138654e+01 1.576962300031716779e+01 2.492569167309355294e+00 -1.593742173022675956e+00 3.798370558910917794e+00 9.193374831371855294e+00 9.570068556957792794e+00 6.878891188793730294e+00 4.754493910961699044e+00 2.259065696531052936e-01 2.036743361645292794e+00 -6.376418869800019706e+00 -1.885352890796113456e+00 3.886444289379667794e+00 1.938003737621855294e+00 1.221267897778105294e+00 -2.055969040698457206e+00 1.495788771801542794e+00 3.996238906078886544e+00 8.522224623852324044e+00 6.561538893871855294e+00 3.856895644360136544e+00 9.254610130124802936e-01 -1.689908912843947064e-01 6.658249098949980294e+00 6.676056105785917794e+00 5.888664443188261544e+00 2.145271498852324044e+00 8.927223403149199044e+00 6.397590834789824044e+00 4.504348952465605294e+00 3.094474990063261544e+00 6.490852553539824044e+00 7.341095168285917794e+00 6.415825087719511544e+00 4.998909194164824044e+00 -1.977384498781447064e-01 -1.645683090991425956e+00 4.281707961254667794e+00 -5.223310402101759564e-01 -1.050452988452363456e+00 4.599106032543730294e+00 4.624695021801542794e+00 3.320343215160917794e+00 4.739013869457792794e+00 1.354568679028105294e+00 4.793548781567167794e+00 2.488800246410917794e+00 4.088524062328886544e+00 -4.677427223390822064e-01 5.069648940258574044e+00 2.901169020824980294e+00 3.170082289867949044e+00 -6.627242844409394706e+00 -5.988372605151582206e+00
1.023710652082498029e+01 8.101761061840605294e+00 -5.609748642749238456e+00 -4.979903977221894706e+00 1.321019764631326154e+01 5.767807204418730294e+00 6.480125624828886544e+00 1.182659931867654279e+01 9.144096572094511544e+00 -1.014098923510957206e+00 -2.038009445971894706e+00 9.811653334789824044e+00 1.263667317121560529e+01 4.185104567699980294e+00 4.946528645246560529e+01 8.715272541730935529e+01 5.209388752668435529e+01 3.049232502668435529e+01 9.788345534496855294e+00 -4.592460434741425956e+00 3.920051772289824044e+00 -3.818252365893769706e+00 5.298896987133574044e+00 -7.946927955812697064e-01 -5.521659653491425956e+00 7.352989394360136544e+00 5.311691481762480294e+00 1.208351332836699044e+00 9.281707961254667794e+00 3.656196791821074044e+00 7.758064467602324044e+00 6.252243239574980294e+00 4.006416518383574044e+00 2.202896315746855294e+00 3.621826369457792794e+00 2.091667372875761544e+00 7.176986891918730294e+00 1.611320693188261544e+00 5.874511916332792794e+00 -1.084228318042207206e+00 1.061140461652810529e+01 1.385903950422341779e+01 -5.341773789233613456e+00 8.129532057934355294e+00 1.012268263989042794e+00 1.574156208723123029e+01 -5.628631394214082206e+00 6.344253737621855294e+00 9.424362380199980294e+00 1.149040241926248029e+01 8.506347853832792794e+00 2.900367934399199044e+00 1.544914443188261544e+00 1.510206623762185529e+01 2.081464405744607404e+01 5.997085768871855294e+00 2.322329731672341779e+01 2.182858296125466779e+01 1.842341633527810529e+01 3.535721022778105294e+00 9.033203322582792794e+00 1.413398762434060529e+01 1.203851338117654279e+01 1.924246998518044904e+01 1.581598683088357404e+01 2.183210774152810529e+01 2.983680744855935529e+01 1.737792225568826154e+01 3.187113209455544904e+01 3.697962971418435529e+01 2.026571675031716779e+01 1.900874348371560529e+01 1.232999439924294904e+01 9.913841445141386544e+00 1.623282643049294904e+01 1.550310536115701154e+01 2.114285298078591779e+01 2.524372120588357404e+01 2.187442036359841779e+01 6.222078391843552936e-01 1.205174275129373029e+01 1.235362263410623029e+01 1.103391285627419904e+01 -3.123924057788300956e+00 1.018524367504667794e+00 1.016456801586699044e+00 3.421844680004667794e+00 -6.650695603198457206e+00 1.843795973949980294e+00 -1.616508286303925956e+00 1.146383686750466779e+01 -2.008758347339082206e+00 6.778999526196074044e+00 -6.725532334155488456e+00 2.290363996560529358e-02 1.390243727856230294e+00 5.224884230785917794e+00 4.070244033032011544e+00 -4.249557297534394706e+00 -2.004333298510957206e+00 8.139192649656052936e-01 1.126510817699980294e+00 -6.442161362475800956e+00 -2.736602585620332206e+00 7.839738914304490436e-01 -2.781707566089082206e+00 -3.838880470461134564e-01 -1.009925644702363456e+00 -2.337203781909394706e+00 6.617187697582792794e+00 4.130829055004667794e+00 9.537719924145292794e+00 7.592231948071074044e+00 1.290506764143044904e+01 1.094891377180154279e+01 7.089325148754667794e+00 6.986976821117949044e+00 1.006900807111794904e+01 8.572014052563261544e+00 2.550804335766386544e+00 -1.910568039721894706e+00 3.021324355297636544e+00 -1.550285141772675956e+00 1.558601576977324044e+00 3.394714553051542794e+00 2.554664809399199044e+00 -3.158424179858613456e+00 4.426765639477324044e+00 4.265388686352324044e+00 -5.612180641359572064e-01 3.170555312328886544e+00 -5.180450241870332206e+00 -7.003782203859572064e-01 -1.288863938159394706e+00 -2.882964890307832206e+00 -2.348716538257050956e+00 4.396076887185529358e-02 7.912193495922636544e+00 8.567558486157011544e+00 -8.312375953859572064e-01
-1.465972702807832206e+00 1.264595051496560529e+01 -2.469550888842988456e+00 1.044712849348123029e+01 1.073131581037576154e+01 5.313263137035917794e+00 6.907821852856230294e+00 3.179611403637480294e+00 -2.730788986987519706e+00 -2.211097519702363456e+00 1.988311787336404279e+01 1.508863850324685529e+01 1.342371388166482404e+01 2.564512654035623029e+01 8.197023030012185529e+01 1.265061800071531053e+02 6.952937336652810529e+01 2.702649708478982404e+01 1.228614826887185529e+01 -2.487180641359572064e-01 1.175304432600076154e+01 -5.609634201831269706e+00 -2.163589279956269706e+00 2.274261672192167794e+00 8.349312026196074044e+00 1.491489430158669904e+01 4.413925368481230294e+00 1.387542922192167794e+00 2.741760451489042794e+00 3.051262099438261544e+00 3.143600661449980294e+00 1.260668965070779279e+01 8.043342787914824044e+00 5.380479881101365436e-01 6.461769301586699044e+00 6.390320021801542794e+00 8.773346144848417794e+00 -8.677531998462129081e+00 5.273544509106230294e+00 3.649299819164824044e+00 -3.923080246753144706e+00 -1.200505809099142596e+01 3.292877394848417794e+00 7.305320937328886544e+00 7.480491835766386544e+00 1.010042591779763654e+01 4.008484084301542794e+00 -3.429626267260957206e+00 -4.504920761889863456e+00 1.352116413801248029e+01 9.001075942211699044e+00 2.192866535871560529e+01 2.147615833967263654e+01 2.474007435529763654e+01 2.944440479963357404e+01 1.590712757795388654e+01 2.359457417219216779e+01 1.909065444164824044e+00 1.616346760480935529e+01 1.808415241926248029e+01 2.416689320295388654e+01 1.427085133283669904e+01 1.621850605695779279e+01 2.143049641340310529e+01 1.407630177228982404e+01 2.059910603254373029e+01 2.131656666486794904e+01 1.396861286848123029e+01 3.035829945295388654e+01 1.903387470930154279e+01 8.025650221996855294e+00 2.032949848859841779e+01 2.630856343000466779e+01 1.123775501936013654e+01 1.617700978010232404e+01 2.207102986066873029e+01 1.785913105695779279e+01 1.675686665266091779e+01 1.976544972150857404e+01 5.193559715085740436e-01 1.319488545148904279e+01 9.960785109692167794e+00 9.309402663403105294e+00 5.780929763012480294e+00 8.328643996410917794e+00 -3.619865219897675956e+00 -3.594466965503144706e+00 -4.723411362475800956e+00 5.105209548168730294e+00 7.142975051098417794e+00 4.471161086254667794e+00 -1.129707138842988456e+00 4.892059523754667794e+00 3.291847426586699044e+00 2.698166091137480294e+00 1.793281752758574044e+00 -1.378646653003144706e+00 3.220382888012480294e+00 -7.320216934985566581e+00 -6.440871994800019706e+00 2.287307936840605294e+00 2.657806594067167794e+00 -2.450515549487519706e+00 3.063873488598417794e+00 6.790840346508574044e+00 1.948244163327927936e-01 -6.303764145678925956e+00 5.991302687817167794e+00 4.153999526196074044e+00 5.934745986157011544e+00 1.871490676098417794e+00 6.355858046703886544e+00 9.832765647702927936e-01 5.428024489574980294e+00 8.316208083324980294e+00 3.584037978344511544e+00 2.700241286449980294e+00 5.371711928539824044e+00 -1.378463547534394706e+00 -1.026870529956269706e+00 5.980423171215605294e+00 4.363578993969511544e+00 7.023613173657011544e+00 2.542518813305449044e+00 -5.441856186694550956e+00 7.660057265453886544e+00 -2.606567185229707206e+00 -4.161163132495332206e+00 -5.110725205249238456e+00 3.694252211742949044e+00 3.453155715160917794e+00 1.921447951489042794e+00 -2.366309922046113456e+00 -1.437263291186738456e+00 -8.970945289797072064e-01 5.603248793774199044e+00 -8.025129249758009564e-01 -2.264434616870332206e+00 -1.015563767260957206e+00 1.818222243481230294e+00
9.182960707836699044e+00 -7.117689064211134564e-01 -6.008308213061738456e+00 6.427766868406052936e-01 1.251544972150857404e+01 6.213768202953886544e+00 6.596229750805449044e+00 4.169700820141386544e+00 -5.344947617358613456e+00 2.548622328930449044e+00 6.775215346508574044e+00 1.873410053937966779e+01 2.115972920148904279e+01 3.678734608381326154e+01 5.194565602033669904e+01 4.307244892805154279e+01 2.710321064680154279e+01 1.195122547834451154e+01 1.303788014143044904e+01 1.764183242016386544e+00 1.369888325422341779e+01 -7.741626541919160331e+00 -9.627225807375197064e-01 7.073379714184355294e+00 1.124081440656716779e+01 1.369461842268044904e+01 2.758644301586699044e+00 1.763717848949980294e+00 -6.098783424562697064e-01 4.401359755688261544e+00 6.368095595532011544e+00 9.158065993481230294e+00 1.157598896711404279e+01 2.995407302074980294e+00 9.637680251293730294e+00 1.608566481762480294e+00 1.174452992170388654e+01 3.824661452465605294e+00 7.207870680981230294e+00 7.164459426098417794e+00 -5.196960251635957206e+00 -5.973991196460175956e+00 -3.072812965578322064e-01 -1.097485713273947283e+01 1.512623615949685529e+01 2.075237293928201154e+01 6.549682814770292794e+00 4.634712416821074044e+00 1.890892048566873029e+01 6.483995506101365436e-01 2.126187153547341779e+01 1.829821797102029279e+01 1.858020802228982404e+01 2.023448963850076154e+01 1.777049275129373029e+01 1.125136585920388654e+01 1.752980824201638654e+01 7.317657668285917794e+00 1.805420119457792794e+00 2.236877461164529279e+01 1.852938862531716779e+01 1.270999165266091779e+01 1.196383686750466779e+01 1.388595600812966779e+01 2.637458821027810529e+01 1.987489338605935529e+01 1.806337757795388654e+01 2.232992573469216779e+01 2.383187885969216779e+01 6.845741469555449044e+00 1.260630055158669904e+01 2.592224903791482404e+01 2.419393177717263654e+01 1.581150074689919904e+01 1.987511463850076154e+01 1.327109547346169904e+01 1.943622608869607404e+01 9.247627455883574044e+00 2.329763813703591779e+01 1.239392109602029279e+01 9.257705886059355294e+00 7.381347853832792794e+00 7.282982070141386544e+00 6.209289748364042794e+00 4.308487136059355294e+00 -1.767881324953322064e-01 8.533798415356230294e+00 -4.429565232104707206e+00 -6.377013962573457206e+00 -8.101346901125197064e-01 8.882469374828886544e+00 3.096237380199980294e+00 8.510299880199980294e+00 -1.462226670092988456e+00 2.058296401196074044e+00 -3.209815781421113456e+00 -2.199798386401582206e+00 6.743471214109177936e-01 -1.635749619311738456e+00 -5.933807175464082206e+00 -1.485030930346894706e+00 -2.888076584643769706e+00 -1.313449458391134783e+01 5.913322646313261544e+00 1.566149159162576154e+01 7.627639968090605294e+00 8.789827415281052936e-01 3.322906691723417794e+00 -2.825256150073457206e+00 1.061065871410917794e+00 3.686546523266386544e+00 8.969818312817167794e+00 9.642791945629667794e+00 -1.248054306811738456e+00 -5.311950486010957206e+00 -3.941489975757050956e+00 -3.063964646167207206e+00 5.319343764477324044e+00 4.553253371410917794e+00 -1.611022751635957206e+00 2.533661086254667794e+00 -1.184028427905488456e+00 1.162365742414529279e+01 3.045433242016386544e+00 5.768816062741990436e-01 -6.638648789233613456e+00 2.411476332836699044e+00 -3.379798691577363456e+00 -1.562797348803925956e+00 6.890938002758574044e+00 2.868721205883574044e+00 6.879028517895292794e+00 7.298172194653105294e+00 6.532295424633574044e+00 -1.303779404467988456e+00 -2.265884201831269706e+00 -4.169059555835175956e+00 -2.619186203784394706e+00 -4.258445542163300956e+00 3.204323012524199044e+00
1.163800831525857404e+01 -8.289745133227754081e+00 -5.867612770265822064e-01 5.437706191235136544e+00 9.029785353832792794e+00 -3.339454453296113456e+00 -2.676605027026582206e+00 -1.101114634782736346e+01 9.350479323559355294e+00 1.948654194562966779e+01 2.997773762434060529e+01 6.401138503246855294e+00 3.311705036848123029e+01 5.774292189770292794e+00 1.146316548078591779e+01 1.246772785871560529e+01 1.827372761457498029e+01 2.401390273266386544e+00 6.859489638500761544e+00 2.744583327465605294e+00 1.480631275861794904e+01 3.212280471020292794e+00 4.394233901196074044e+00 7.073753554516386544e+00 6.323860366039824044e+00 5.021919448071074044e+00 3.248369285398240436e-01 3.343361098461699044e+00 3.656830031567167794e+00 2.194984633617949044e+00 1.085531635969216779e+01 3.572212416821074044e+00 6.615013320141386544e+00 2.996689040356230294e+00 4.766372878246855294e+00 -3.597587387866425956e+00 -2.575431626147675956e+00 5.053177077465605294e+00 3.686767775707792794e+00 -8.230537216967988456e+00 2.127197463207792794e+00 -9.938339035815644706e+00 5.652954299145292794e+00 8.456085402660917794e+00 -1.061950486010957206e+00 8.554786879711699044e+00 1.791309376447732404e+01 1.140924854963357404e+01 7.062088210278105294e+00 -5.849212448901582206e+00 1.820153828352029279e+01 7.530929763012480294e+00 1.119712849348123029e+01 1.525932331769998029e+01 9.405800063305449044e+00 3.707473952465605294e+00 4.430580336742949044e+00 -8.122785499758009564e-01 -1.969997767717306658e+01 1.538414021223123029e+01 2.286569996564919904e+01 5.923301894360136544e+00 3.097793776684355294e+00 2.031695576398904279e+01 2.737577839582498029e+01 1.947370930402810529e+01 2.038639851301248029e+01 1.352861805646951154e+01 8.438629347973417794e+00 9.666320998364042794e+00 1.606338698559355294e+00 1.193205280988748029e+01 1.723513813703591779e+01 9.235992629223417794e+00 1.296144886701638654e+01 1.243673725812966779e+01 1.554173298566873029e+01 1.646226521223123029e+01 1.871224995344216779e+01 1.435928364484841779e+01 -3.137510231203322064e-01 5.004655906491990436e-01 7.940658766918730294e+00 6.829986769848417794e+00 2.152305800610136544e+00 4.924911696606230294e+00 2.426376540356230294e+00 1.070449848859841779e+01 -1.023176124758009564e-01 -6.312606613940644706e+00 2.209671218090605294e+00 5.326530654125761544e+00 3.381622512035917794e+00 -1.475730698413300956e+00 1.613678176098417794e+00 4.252144057446074044e+00 9.573898513012480294e+00 -9.544217994875197064e-01 -7.439402849142595642e-02 -5.599609177417207206e+00 8.338625022702927936e-01 -1.406661789721894706e+00 5.997459609203886544e+00 -2.322257798022675956e+00 4.074501235180449044e+00 2.372925002270292794e+00 8.386696059399199044e+00 -2.228782456225800956e+00 -4.982831886476759564e-01 -1.636176865405488456e+00 -1.630933693117384564e-01 3.241028029614042794e+00 6.690735060864042794e+00 -9.236518662280488456e+00 3.903457839184355294e+00 2.404739577465605294e+00 -1.850211899585175956e+00 -1.744750778979707206e+00 3.995872695141386544e+00 5.004333693676542794e+00 3.612205702953886544e+00 1.229179579907011544e+00 5.605171401196074044e+00 9.281509596996855294e+00 -5.813232224292207206e+00 -7.625730446047072064e-01 2.524124343090605294e+00 3.364564964109177936e-01 3.168121535473417794e+00 1.936355788403105294e+00 6.400955397778105294e+00 8.115532118969511544e+00 1.976234633617949044e+00 5.169868666821074044e+00 8.111803123288865436e-01 4.165435988598417794e+00 -1.625098984546113456e+00 8.677064964109177936e-01 -2.212386887378144706e+00 5.926651198559355294e+00
5.111620017820115436e-01 2.174202162914824044e+00 1.348895283430154279e+01 1.191123982160623029e+01 1.524755116193826154e+01 3.168083388500761544e+00 1.242587300031716779e+01 6.037796218090605294e+00 4.012108046703886544e+00 -6.394880226320509564e-01 1.486580677717263654e+01 1.204225178449685529e+01 1.362383290021951154e+01 -2.445510666675019706e+00 -9.685111801928925956e+00 -3.699165146655488456e+00 2.807220656567167794e+00 -5.429137986010957206e+00 -1.365791123217988456e+00 8.637926170163865436e-01 1.121644612043435529e+01 1.720657546215605294e+00 -5.877225807375197064e-01 3.889267165356230294e+00 3.376396376782011544e+00 -2.912406723803925956e+00 -2.568076889819550956e+00 3.697014052563261544e+00 5.430320937328886544e+00 9.430772849851365436e-01 3.576896865063261544e+00 -9.295863907641816581e+00 -5.055692604250197064e-01 3.555748183422636544e+00 6.595995017820115436e-01 1.332229811840605294e+00 2.524315077953886544e+00 -9.805106919116425956e+00 5.001375266843552936e-01 -1.656797340578322064e-01 2.535095412426542794e+00 1.245346266918730294e+00 6.783683974438261544e+00 -5.273567002124238456e+00 9.248199660473417794e+00 -3.646812241382050956e+00 1.579001637189919904e+01 5.380584914379667794e+00 1.825953694074685529e+01 5.086853224926542794e+00 2.545410353832792794e+00 7.894119460278105294e+00 1.701538105695779279e+01 1.345842762678201154e+01 5.518360822732404358e-02 2.723968703442167794e+00 4.824508864574980294e+00 8.251342971020292794e+00 2.052311726301248029e+01 1.066263600080544904e+01 2.108929463117654279e+01 1.337512226789529279e+01 4.374626357250761544e+00 9.022590834789824044e+00 5.506485182934355294e+00 1.465486164777810529e+01 1.450666065900857404e+01 1.571871968000466779e+01 1.461882038801248029e+01 1.111346455305154279e+01 1.561341877668435529e+01 1.294856281965310529e+01 1.380923481672341779e+01 1.170111866682107404e+01 1.313084431379373029e+01 2.834350783520292794e+00 1.623990650861794904e+01 1.452605457990701154e+01 7.109298903637480294e+00 6.701967307859177936e-01 7.064094741039824044e+00 5.019203383617949044e+00 3.898132521801542794e+00 4.702758986645292794e+00 2.661155898266386544e+00 2.282791335278105294e+00 7.511863906078886544e+00 3.901519972973417794e+00 3.806175429516386544e+00 -1.415107529467988456e+00 1.352112599103982404e+01 8.277466017895292794e+00 6.166710097485136544e+00 8.033386428051542794e+00 -8.452222755617384564e-01 6.695938307934355294e+00 8.859871108227324044e+00 2.547073561840605294e+00 -7.786727707690644706e+00 3.594909865551542794e+00 7.371065208249802936e-01 -3.872220924562697064e-01 3.612068373852324044e+00 5.332719871335740436e-01 2.438904006176542794e+00 2.414840895824980294e+00 6.986801345043730294e+00 1.234863478832792794e+00 8.215957839184355294e+00 1.676239211254667794e+00 7.752077171140427936e-01 2.925529677563261544e+00 5.709526259594511544e+00 -1.528274338550019706e+00 3.605278212719511544e+00 4.534942824535917794e+00 3.109550673657011544e+00 3.216583449535917794e+00 2.969101149731230294e+00 4.300186354809355294e+00 2.305984694653105294e+00 4.118469435864042794e+00 5.782020766430449044e+00 7.312301833324980294e+00 3.328087050610136544e+00 -3.799690048999238456e+00 1.734482009106230294e+00 5.629409987621855294e+00 3.134445388012480294e+00 4.452408034496855294e+00 2.103119094067167794e+00 -6.542327683276582206e+00 -2.198081772632050956e+00 5.442985732250761544e+00 6.899063307934355294e+00 5.322265822582792794e+00 -1.098335068530488456e+00 1.151756484203886544e+00 5.679573256664824044e+00 7.868271071606230294e+00
1.676608296125466779e+01 8.181656081371855294e+00 1.117439289777810529e+01 -2.972503464526582206e+00 -5.965156357592988456e+00 1.029394551008279279e+01 1.041176039867949044e+00 -1.360664729387228533e+01 -3.508048813647675956e+00 -7.877181809253144706e+00 -3.456037452883009564e-01 -9.933299820727754081e+00 2.965080458813261544e+00 3.403663832836699044e+00 -1.303207199878144706e+00 2.868026930981230294e+00 1.321373183422636544e+00 -9.434049537843947064e-01 -1.474220078296113456e+00 6.504791457348417794e+00 -1.717124741382050956e+00 -9.298530381030488456e+00 -2.919494431323457206e+00 6.960655409985136544e+00 9.489418227367949044e+00 2.319185325437302936e-01 -5.983482163257050956e+00 -9.719651050019706418e-03 -1.036544602221894706e+00 8.227638442211699044e+00 -4.551383774585175956e+00 8.818443495922636544e+00 -4.580177109546113456e+00 -5.278699806398634564e-01 8.718681533032011544e+00 3.423744399242949044e+00 5.753441054516386544e+00 1.611946303539824044e+00 8.571525771313261544e+00 -1.470487526125197064e-01 7.423416335278105294e+00 1.054155418210740436e-01 9.822136122875761544e+00 6.357017714672636544e+00 1.239172383039529279e+01 3.261055190258574044e+00 -2.357589524096894706e+00 8.226089675121855294e+00 4.907455641918730294e+00 -4.209296982592988456e+00 -5.483146469897675956e+00 1.742794819562966779e+01 7.817871291332792794e+00 -4.258247177905488456e+00 9.659515578442167794e+00 1.467788716047341779e+01 1.975876052074980294e+00 1.551429768293435529e+01 5.091133315258574044e+00 2.098248310773904279e+01 1.648066731184060529e+01 1.411065693586404279e+01 1.310684223859841779e+01 2.941093642407011544e+00 5.507843215160917794e+00 1.210542317121560529e+01 5.336570937328886544e+00 2.258868427961404279e+01 1.839323445051248029e+01 1.122440357893044904e+01 1.016432209699685529e+01 5.974464614086699044e+00 1.179601307600076154e+01 1.151268788068826154e+01 6.882927138500761544e+00 -6.766050270265822064e-01 5.164238173657011544e+00 7.253662306957792794e+00 -1.827689926928925956e+00 6.817535597973417794e+00 -1.136334590227072283e+01 1.131805617504667794e+00 -1.344123057634298846e+01 1.409342213361794904e+01 7.224029738598417794e+00 -2.774612229175019706e+00 -5.762504380053925956e+00 8.222976882153105294e+00 1.003137226789529279e+01 -1.166730860979025408e+01 -5.348380844897675956e+00 -1.212547104663300956e+00 9.210588523679490436e-01 4.440406996899199044e+00 2.150840956860136544e+00 6.578392226391386544e+00 9.501930434399199044e+00 7.215065200024199044e+00 2.343925673657011544e+00 -1.519775193042207206e+00 3.723175246410917794e+00 -1.650314133471894706e+00 -3.528388779467988456e+00 1.299211570554490436e-01 -2.450178077883009564e-01 4.552177626782011544e+00 3.337341506176542794e+00 -3.430061142749238456e+00 -1.324012558764863456e+00 4.522720534496855294e+00 2.375702101879667794e+00 9.159166404538865436e-01 8.665283400707792794e+00 7.648971755199980294e+00 -5.538938453859572064e-01 2.471634108715605294e+00 1.296005446606230294e+00 3.122612197094511544e+00 3.606392104321074044e+00 -2.240966599292207206e+00 -4.948241989917207206e+00 3.965957839184355294e+00 5.364349562817167794e+00 3.771972853832792794e+00 6.412773329907011544e+00 1.692787367992949044e+00 3.897026259594511544e+00 5.179275710278105294e+00 5.240982253246855294e+00 5.976379592114042794e+00 7.126543113523240436e-01 -1.179366867846894706e+00 -3.056831162280488456e+00 4.817573744946074044e+00 1.917602736645292794e+00 6.289512831860136544e+00 7.967819411449980294e+00 -3.536498825854707206e+00 3.445991713696074044e+00 3.270189353757615436e-01
6.103920180492949044e+00 -1.107185166186738456e+00 6.786461074047636544e+00 7.173752028637480294e+00 6.611786086254667794e+00 -5.148803513354707206e+00 -4.939224045581269706e+00 2.215789992504667794e+00 1.433799000471169904e+01 -1.523093013078634783e+01 -6.751846115893769706e+00 -4.721679489917207206e+00 2.101700026684355294e+00 6.796722609692167794e+00 8.008882591062302936e-01 8.837211806469511544e+00 9.656799513989042794e+00 5.746338088207792794e+00 5.977729994946074044e+00 -1.184211533374238456e+00 -3.169456284350800956e+00 -1.117756251604025408e+01 3.991539199047636544e+00 9.393150527172636544e+00 9.867874343090605294e+00 9.455276686840605294e+00 5.508835036449980294e+00 4.253135878735136544e+00 4.381241042309355294e+00 9.530601699047636544e+00 -2.910728257007050956e+00 3.306442458324980294e+00 -2.342574875659394706e+00 9.705612380199980294e+00 7.987068373852324044e+00 2.734123427563261544e+00 3.767318923168730294e+00 -1.725995948976759564e-01 2.693229872875761544e+00 -5.877532761401582206e+00 6.915588576489042794e+00 2.049553115063261544e+00 9.254867751293730294e+00 -9.641797950929884564e-01 4.507789809399199044e+00 -8.650943558520722831e+00 -2.283485215014863456e+00 -6.474929611987519706e+00 2.697815138989042794e+00 -1.794796733171408221e+01 1.327423115461404279e+01 1.104809590070779279e+01 6.246048171215605294e+00 -6.936625749533220642e-02 6.867660720043730294e+00 7.336441237621855294e+00 1.320593281477029279e+01 1.331769581525857404e+01 7.523231703930449044e+00 1.596138783186013654e+01 1.682839985578591779e+01 7.509208876782011544e+00 1.345843525617654279e+01 7.901016432934355294e+00 1.903699513166482404e+01 1.197979756086404279e+01 2.147819716625761544e+00 2.254753132551248029e+01 1.382215138166482404e+01 1.454046650617654279e+01 7.122238356762480294e+00 -1.928108017749238456e+00 7.551986891918730294e+00 1.108764846020292794e+00 4.210602004223417794e+00 9.190765578442167794e+00 1.103062458723123029e+01 -1.049621384448457206e+00 6.847404677563261544e+00 7.440048415356230294e+00 8.582031447582792794e+00 8.417207786374802936e-01 5.835960585766386544e+00 4.765930373364042794e+00 2.664505202465605294e+00 4.395067283445115436e-01 -1.839308909685080096e+01 2.426696974926542794e+00 6.015289504223417794e+00 -1.030607585222189471e+01 -1.059551600725119158e+01 1.905113417797636544e+00 3.025985915356230294e+00 3.652054030590605294e+00 -1.250846665210175956e+00 6.605186659985136544e+00 -2.375503342456269706e+00 8.361717421703886544e+00 2.247169692211699044e+00 2.925621230297636544e+00 -2.509078781909394706e+00 1.421025105207498029e+01 6.399940688305449044e+00 3.162620742016386544e+00 2.180343825512480294e+00 -1.370391648120332206e+00 1.404068190746855294e+00 1.418840476804490436e-01 5.808021742992949044e+00 4.603523451977324044e+00 2.665222365551542794e+00 -1.392692368335175956e+00 5.852371413403105294e+00 -4.395660202807832206e+00 -2.460548203296113456e+00 6.736053664379667794e+00 8.203508445554490436e-01 -2.516019752687697064e-01 -2.358337204760957206e+00 3.606300551586699044e+00 5.748901564770292794e+00 4.142952162914824044e+00 3.376228530102324044e+00 -1.817001145190644706e+00 4.881822654538865436e-01 3.079912254148240436e-01 6.012047011547636544e+00 -2.694434922046113456e+00 3.020363051586699044e+00 1.172081191235136544e+00 -7.705390732592988456e+00 -8.301160743898634564e-01 -5.497100632495332206e+00 -9.185331276125197064e-01 4.358116347485136544e+00 6.848449904614042794e+00 1.104154988019998029e+01 8.450699050121855294e+00 -4.181251328296113456e+00 1.388183791332792794e+00
1.774345595532011544e+00 -3.026283066577363456e+00 -3.750837257570509564e-01 6.760772902660917794e+00 1.180675526350076154e+01 9.844932753735136544e+00 2.739174086742949044e+00 -6.909927170581269706e+00 5.954376418285917794e+00 1.496025283032011544e+00 -3.753036301440644706e+00 -8.660105974142595642e-02 4.614448744946074044e+00 1.931610305004667794e+00 6.431839186840605294e+00 1.000139637678201154e+01 1.575225086896951154e+01 1.222638722150857404e+01 1.251150532453591779e+01 1.577484328442167794e+00 5.493713576489042794e+00 -4.381553452319550956e+00 2.633484084301542794e+00 5.411468703442167794e+00 9.927751609616990436e-01 4.025909621410917794e+00 1.560007496564919904e+01 7.920234877758574044e+00 5.112434584789824044e+00 4.877296645336699044e+00 8.342897483640427936e-01 -1.073010234147970721e+01 3.601219374828886544e+00 4.493576247387480294e+00 1.514930922680449044e+00 1.313774306469511544e+00 3.345932204418730294e+00 5.800995070629667794e+00 4.232086379223417794e+00 9.807220656567167794e+00 3.566101271801542794e+00 -1.136854103273634564e-01 6.822632033520292794e+00 -7.359769752687697064e-01 1.310736103742654279e+01 1.064965840070779279e+01 6.266571242504667794e+00 -7.326438706225800956e+00 -3.216560166186738456e+00 3.153343398266386544e+00 1.106164570539529279e+01 1.810935993879373029e+01 9.854263503246855294e+00 6.274551589184355294e+00 1.000172444074685529e+01 9.116798598461699044e+00 5.880638320141386544e+00 1.929896565168435529e+01 1.066728993146951154e+01 3.715240498273904279e+01 2.482493611066873029e+01 1.741282673566873029e+01 1.399562092512185529e+01 -4.294889381593947064e-01 1.493312855451638654e+01 9.784424025707792794e+00 1.374122639387185529e+01 1.586496754377419904e+01 1.451557942121560529e+01 5.114486891918730294e+00 9.315406996899199044e+00 2.782814223461699044e+00 1.654869277172636544e+00 4.185440261059355294e+00 2.564979750805449044e+00 6.115646559887480294e+00 1.128585072248513654e+01 -9.379871170825410331e+00 9.285644728832792794e+00 -3.259483139819550956e+00 9.765442092114042794e+00 -1.221528605730001971e+01 -1.523345749682832206e+00 -6.116119187182832206e+00 -1.241866867846894706e+00 -1.297674159318869158e+01 -9.484843522970720642e-02 -3.129707138842988456e+00 -6.446836403078322064e-01 -4.182014267749238456e+00 3.431762892895292794e+00 4.882538039379667794e+00 -3.955215256518769706e+00 -1.262695114917207206e+00 2.257492263012480294e+00 -6.260459702319550956e+00 3.740677077465605294e+00 -9.259879868335175956e+00 -8.700858872241425956e+00 4.708025047116990436e-01 6.086750715310529358e-02 5.254532057934355294e+00 -1.343993943042207206e+00 5.787124831371855294e+00 -1.302810471362519706e+00 -4.445358078784394706e+00 9.910280296140427936e-01 -5.509918015307832206e+00 3.479149062328886544e+00 -2.973630836672072064e-01 2.953773696117949044e+00 -1.546829026050019706e+00 1.146736342602324044e+00 5.402069289379667794e+00 -3.139465134448457206e+00 -1.044821147233908221e+01 -3.056022446460175956e+00 1.663437087231230294e+00 -4.360755722827363456e+00 -4.468992164797072064e-01 -5.127103737062697064e-01 1.871895034008574044e+00 7.318651267820115436e-01 4.685211379223417794e+00 4.512397963696074044e+00 -4.585571091479707206e+00 -2.814658921069550956e+00 -5.588958542651582206e+00 1.426010151594216779e+01 -1.494270127124238456e+00 3.797210890942167794e+00 2.711792189770292794e+00 -1.329620163745332206e+00 -1.277442912370626971e+01 4.496689040356230294e+00 8.177658278637480294e+00 5.598617751293730294e+00 5.697906691723417794e+00 -1.090308945483613456e+00 8.573677260571074044e+00
-1.326240341967988456e+00 5.547847444602781479e+02 3.681649019309812161e+02 9.320518691235136544e+00 -6.377586167163300956e+00 1.305214125805449044e+00 5.715690810375761544e+00 -1.497280864030783221e+01 -1.013869838029806658e+01 6.655903547341779358e-02 -4.118713181323457206e+00 -1.031268290788595721e+01 5.137916762524199044e+00 -4.189145973390822064e-01 -2.568204811281447064e-01 7.038940627270292794e+00 1.969192702465605294e+00 -6.797101906008009564e-01 7.991295058422636544e+00 9.469055373364042794e+00 1.023081227033669904e+01 -8.772123268312697064e-01 -5.864585678882050956e+00 -6.459098618335175956e+00 2.546821791821074044e+00 2.584854323559355294e+00 1.136742420881326154e+01 5.652359206371855294e+00 -5.806228440112519706e+00 -6.628051560229707206e+00 6.074005324535917794e+00 7.609794814282011544e+00 4.007188865476365436e-01 -8.724821022218947064e-01 5.634582717114042794e+00 5.494850356274199044e+00 2.672439772778105294e+00 -8.713279526538300956e+00 2.253303725414824044e+00 4.643783766918730294e+00 -9.963529518312697064e-01 -5.885993759936738456e+00 1.149391194074685529e+01 5.048752028637480294e+00 -7.356078903979707206e+00 -1.453628342456269706e+00 8.756103713207792794e+00 7.380516249828886544e+00 -1.815565040773634564e-01 4.938018996410917794e+00 7.484438010984177936e-01 -9.025520127124238456e+00 7.400421340160917794e+00 1.588142592602324044e+00 1.576345082014138654e+01 1.998962599926542794e+00 2.085106093578886544e+00 1.477380390852029279e+01 1.684416218488748029e+01 5.044927998273904279e+01 3.495095844953591779e+01 1.409758015363748029e+01 1.511896534650857404e+01 -5.178855698413300956e+00 1.044365711896951154e+01 8.986465651684355294e+00 1.341659565656716779e+01 8.345872947507615436e-01 1.278068562238748029e+01 4.668831069164824044e+00 1.998316975324685529e+01 1.260417195051248029e+01 -6.935745041675019706e+00 -4.840858261889863456e+00 3.126152236157011544e+00 3.600174147778105294e+00 1.914718825512480294e+00 2.314865309887480294e+00 2.670082289867949044e+00 9.308548171215605294e+00 4.298301894360136544e+00 -1.312382487565939471e+01 6.092971999340605294e+00 -1.071595362932150408e+01 9.260482985668730294e+00 1.078118916242654279e+01 1.662988301008279279e+01 -9.709602158374238456e+00 -7.812427323169160331e+00 -1.780448512346212908e+01 4.021515090160917794e+00 7.182197768383574044e+00 3.226936537914824044e+00 4.151002952390427936e-01 2.113052565746855294e+00 1.792793471508574044e+00 -3.570930283374238456e+00 -2.463409226245332206e+00 2.228531081371855294e+00 6.314317771726365436e-01 9.083253928952927936e-01 1.040428359203886544e+00 -5.753394882983613456e+00 5.998359877758574044e+00 -1.420814316577363456e+00 -7.951505592531447064e-01 -1.536605637378144706e+00 4.211656638913865436e-01 6.340866286449980294e+00 6.057754714184355294e+00 1.614975173168730294e+00 3.433716017895292794e+00 -4.881589821047072064e-01 4.636383254223417794e+00 2.217104026609177936e-01 1.439033705883574044e+00 1.033966262035917794e+00 2.159836013012480294e+00 1.448982436352324044e+00 3.865310866528105294e+00 9.060976096921677936e-01 5.870208937817167794e+00 -2.630973618335175956e+00 -7.561927597827363456e+00 4.505981642895292794e+00 2.763023574047636544e+00 2.797683913403105294e+00 1.772697646313261544e+00 -4.442428391284394706e+00 -1.324195664233613456e+00 3.073806960278105294e+00 -2.506683152026582206e+00 -3.429176132983613456e+00 1.221482105939919904e+01 -1.131164353198457206e+00 6.320511061840605294e+00 5.061844069653105294e+00 3.482223708324980294e+00 4.381477553539824044e+00 2.931945998364042794e+00
1.444268055646951154e+01 1.548221084792309284e+03 1.122039322096996784e+03 6.759689528637480294e+00 -1.020332698137228533e+01 4.214784690671677936e-01 4.290878493481230294e+00 2.512209007077927936e-01 -1.427581589526582206e+00 -9.437156479663300956e+00 -6.603706162280488456e+00 -5.447219651050019706e+00 2.359588820629667794e+00 -6.136100571460175956e+00 -4.266860764331269706e+00 1.195969410627419904e+01 1.440353591137480294e+00 -4.455047409839082206e+00 5.464256484203886544e+00 2.610176284008574044e+00 4.585540969067167794e+00 -1.400131028003144706e+00 -8.664962570971894706e+00 -5.154739182300019706e+00 8.868896681957792794e+00 5.523513991528105294e+00 -4.032218735522675956e+00 5.954439231687302936e-01 2.737747389965605294e+00 -2.868632585470720642e-02 1.062796040266091779e+01 1.599084492414529279e+01 1.725525685041482404e+01 -2.440200608081269706e+00 2.591942031078886544e+00 9.862556655102324044e+00 5.069641310864042794e+00 -1.011819819719259783e+01 1.807405540281052936e-01 -4.413526466554884564e-01 3.262199599438261544e+00 5.027435500317167794e+00 3.161560256176542794e+00 5.733154494457792794e+00 7.486725051098417794e+00 -5.966929704611345642e-02 3.777603346996855294e+00 4.240646559887480294e+00 7.701875755124802936e-01 -5.763282578296113456e+00 -2.486121933764863456e+00 -1.081704310686056658e+01 1.055361958234841779e+01 8.053756911449980294e+00 4.693336684399199044e+00 3.140136916332792794e+00 8.383171279125761544e+00 1.442678852766091779e+01 2.070230122297341779e+01 5.183538838117654279e+01 4.592205067365701154e+01 1.164783497541482404e+01 1.226024647443826154e+01 5.272293288403105294e+00 1.440221424787576154e+01 1.352405567853982404e+01 1.216053028791482404e+01 -1.748931687182832206e+00 1.273560353010232404e+01 7.643806655102324044e+00 1.530205555646951154e+01 6.057007033520292794e+00 -1.308191279680197283e+01 2.801422316723417794e+00 3.029342848949980294e+00 -1.494760493547384783e+01 6.835205275707792794e+00 1.798599262922341779e+01 1.161366291730935529e+01 5.400558669262480294e+00 4.035782057934355294e+00 1.291243000715310529e+01 5.605735976391386544e+00 -1.007522385425019706e+00 3.397926528149199044e+00 4.161819655590605294e+00 -1.520596293718283221e+01 2.082458693676542794e+00 -1.242118637866425956e+00 -2.891418259448457206e+00 2.670356948071074044e+00 -1.793769638842988456e+00 2.512642104321074044e+00 5.966255385571074044e+00 2.719673354321074044e+00 1.189270217114042794e+00 -4.347053330249238456e+00 1.241058547192167794e+00 4.142936904125761544e+00 -2.556319992846894706e+00 4.771255690746855294e+00 -4.355788986987519706e+00 -1.012519816667501971e+01 -7.527648728198457206e+00 3.040809828930449044e+00 1.941513259106230294e+00 1.660774428539824044e+00 5.676704604321074044e+00 2.653429099851365436e-01 1.028274733715605294e+00 7.819368430906052936e-01 4.135896751218552936e-01 4.040130812817167794e+00 -5.674064438647675956e+00 7.361709792309355294e+00 7.819786269360136544e+00 3.973831374340605294e+00 -5.494842331714082206e+00 4.909797866039824044e+00 7.739914138012480294e+00 2.682754714184355294e+00 -1.962583473390822064e-01 7.160072524242949044e+00 -4.890502732104707206e+00 -5.813400070971894706e+00 4.886245925121855294e+00 8.411682326489042794e+00 4.687202651196074044e+00 -2.366546433276582206e+00 3.885452468090605294e+00 3.689590651684355294e+00 1.864464003735136544e+00 2.777969557934355294e+00 2.796074111157011544e+00 -1.815879624194550956e+00 -1.350791733569550956e+00 -4.406631272143769706e+00 -1.086623947925019706e+00 8.266540724926542794e+00 4.599159438305449044e+00
2.248382112571530911e+02 4.415481704909497239e+03 3.415943618971996784e+03 4.040982838361794904e+01 2.141028614728982404e+01 1.934914417951638654e+01 2.262520034008574044e+00 -5.726997177905488456e+00 -4.174650123781447064e-01 4.944854933910917794e+00 2.901344496899199044e+00 5.899536330395292794e+00 5.769172866039824044e+00 -1.571250717944550956e+00 -4.617851059741425956e+00 1.184005934887480294e+00 4.511078078442167794e+00 4.515640456371855294e+00 3.522621352367949044e+00 -6.203956406421113456e+00 -8.477744858569550956e+00 9.687824934060529358e-02 -2.024032395190644706e+00 8.806535789304490436e-01 9.548675734692167794e+00 6.034881789379667794e+00 3.160400588207792794e+00 3.321899611645292794e+00 2.241172988110136544e+00 8.030052382641386544e+00 8.786560256176542794e+00 5.090065200024199044e+00 1.312197895734841779e+01 1.692840773754667794e+00 3.593559462719511544e+00 3.112976271801542794e+00 4.670036513500761544e+00 -2.776000778979707206e+00 1.508598525219511544e+00 -8.543552201098847831e+00 2.581787306957792794e+00 3.394027907543730294e+00 4.478576857739042794e+00 8.987352439695115436e-01 -4.552512924975800956e+00 -9.365318100757050956e+00 1.067199904614042794e+00 5.221878249340605294e+00 1.028864308088357404e+01 5.607454368406052936e-01 3.151451308422636544e+00 8.181839186840605294e+00 5.804336745434355294e+00 4.138366896801542794e+00 2.350876052074980294e+00 -7.522971909350800956e+00 2.538246352367949044e+00 6.601394850903105294e+00 1.328581257551248029e+01 2.288357563703591779e+01 2.086066456525857404e+01 1.969038410871560529e+01 1.737071247785623029e+01 1.104737873762185529e+01 2.967659194164824044e+00 -2.051215927905488456e+00 2.998703200512480294e+00 -2.613047868673845642e-02 1.254270954816873029e+01 1.262578602521951154e+01 1.208357258527810529e+01 -1.377564982683126971e+01 -5.147735398120332206e+00 5.563369948559355294e+00 9.488144118481230294e+00 6.441963393383574044e+00 -4.720634262866425956e+00 1.213871784894998029e+01 -1.044387797624533221e+01 6.329078871899199044e+00 -3.968046119875197064e-01 2.460481712156052936e-01 -1.026480464250509783e+01 -4.887672226733613456e+00 6.479515273266386544e+00 5.863746840649199044e+00 3.919464308910917794e+00 1.779213149242949044e+00 -1.977384498781447064e-01 3.271850783520292794e+00 -4.440215866870332206e+00 -2.702529709643769706e+00 3.763824660473417794e+00 -8.722667009298845642e-02 6.486511428051542794e+00 6.870292861157011544e+00 7.757570335202927936e-01 -1.185775559253144706e+00 2.553390700512480294e+00 1.669899184399199044e+00 -1.817176621264863456e+00 -1.096040705949728533e+01 -4.232116501635957206e+00 8.126693923168730294e+00 4.283134658032011544e+00 -5.212018898195509564e-01 1.463257033520292794e+00 3.263694960766386544e+00 4.879097182446074044e+00 -3.144866745776582206e+00 -3.942062180346894706e+00 2.211830336742949044e+00 4.304451186352324044e+00 -1.147552292651582206e+00 3.578895766430449044e+00 6.498186179929490436e-01 3.191299636059355294e+00 -5.216422837085175956e+00 -5.095657151050019706e+00 9.210556227856230294e+00 1.081649037092263654e+01 2.668602187328886544e+00 -2.169780046408220642e-02 -4.110015671557832206e+00 2.370964247875761544e+00 -4.080428879565644706e+00 2.869293410473417794e+00 8.765030104809355294e+00 1.275558669262480294e+00 -5.237426560229707206e+00 -2.477872780031447064e-01 4.257705886059355294e+00 5.787399489574980294e+00 2.145111281567167794e+00 -3.864326279467988456e+00 -1.148704331225800956e+00 1.846374709301542794e+00 9.029792983227324044e+00 3.820366103344511544e+00 2.490394789867949044e+00
6.346987459251218979e+02 3.955498550612621784e+03 2.929480972487621784e+03 1.563114186018044904e+01 -3.581619065112519706e+00 9.521446425610136544e+00 1.353857441633279279e+01 8.090211936765427936e-01 -3.455045631593947064e-01 -2.566810410327363456e+00 -1.074746302873556658e+01 -8.791221421069550956e+00 1.186984272687966779e+01 4.231979567699980294e+00 -5.115615647143769706e+00 3.456901747875761544e+00 2.921104628735136544e+00 3.389131614499802936e-01 2.245598036938261544e+00 -6.035594255392595642e-02 -3.562827866382050956e+00 -1.776893418139863456e+00 7.586137840085740436e-01 3.673309523754667794e+00 7.089576918774199044e+00 -2.211723130053925956e+00 2.821815688305449044e+00 4.131447035961699044e+00 6.356765944653105294e+00 6.305206496410917794e+00 3.626724440746855294e+00 3.311096388989042794e+00 9.790498801999802936e-01 -2.144180100268769706e+00 1.228805739574980294e+00 4.179611403637480294e+00 3.076187331371855294e+00 2.252678115063261544e+00 5.340583998852324044e+00 -6.447166245288300956e+00 6.564392287426542794e+00 -9.270614426440644706e+00 -5.273345749682832206e+00 9.322883803539824044e+00 1.548759658032011544e+00 7.166931349926542794e+00 9.308822829418730294e+00 3.179016310864042794e+00 4.072273451977324044e+00 6.438568312817167794e+00 4.197815138989042794e+00 -1.201553147143769706e+00 1.157798964672636544e+00 1.168482990949685529e+01 6.289827415281052936e-01 3.705475051098417794e+00 6.597015578442167794e+00 -4.636672776050019706e+00 5.464660842114042794e+00 1.649160023420388654e+01 8.961166579418730294e+00 5.906204421215605294e+00 7.195923049145292794e+00 1.486102314680154279e+01 5.209213454418730294e+00 1.060814101391386544e+00 9.403015334301542794e+00 6.467651564770292794e+00 -3.886512558764863456e+00 8.505310256176542794e+00 8.296631056957792794e+00 -9.555717270678925956e+00 6.534927565746855294e+00 3.866356093578886544e+00 6.553283888989042794e+00 -3.513458054370332206e+00 -2.297981064624238456e+00 4.159881789379667794e+00 7.632888991528105294e+00 -5.698783676928925956e+00 -4.512077133960175956e+00 2.600792128735136544e+00 4.289184767895292794e+00 1.431549269848417794e+00 -1.224695948869650408e+01 3.322982985668730294e+00 6.648079116039824044e+00 7.794166762524199044e+00 9.332124778562302936e-01 -5.442344467944550956e+00 1.586305686765427936e-01 1.906189162426542794e+00 2.803059309060529358e-02 1.633484084301542794e+00 -3.242744248217988456e+00 3.802910048657011544e+00 2.739761550121855294e+00 -4.248252671069550956e+00 -2.825423996753144706e+00 -2.940147202319550956e+00 -3.375289719409394706e+00 -1.088123301774923846e+01 3.365219313793730294e+00 2.358596999340605294e+00 -6.114499977297072064e-01 4.718231398754667794e+00 3.099067885571074044e+00 5.732711989574980294e+00 8.014122206860136544e+00 -9.002988746828322064e-01 -1.928725998706269706e+00 5.740761000805449044e+00 8.416801650219511544e+00 -1.236953537768769706e+00 -2.271171372241425956e+00 -1.050025742358613456e+00 5.458168227367949044e+00 3.731598097973417794e+00 -3.962600510425019706e+00 -2.923606674975800956e+00 -1.164503459245626971e+01 -2.270377915210175956e+00 -1.278747361010957206e+00 -3.057876389331269706e+00 5.731765944653105294e+00 4.432960707836699044e+00 9.927064964109177936e-01 4.667953688793730294e+00 4.096939284496855294e+00 -5.380737107104707206e+00 2.223755080395292794e+00 7.850227553539824044e+00 5.574020583324980294e+00 1.172889907055449044e+00 -2.941406052417207206e+00 -3.001342575854707206e+00 -1.662498276538300956e+00 3.220718581371855294e+00 -3.064826767749238456e+00 5.784990379148240436e-01
7.143934651105935529e+01 1.938213045188718411e+02 1.183763582298093553e+02 -5.520126145190644706e+00 -1.151625041276876971e+01 2.649597950666482404e+01 2.853660603254373029e+01 9.680559226804490436e-01 7.767303664379667794e+00 -1.132609538347189471e+01 -2.055306987077658221e+01 -1.260518626481955096e+01 2.279121596508574044e+00 3.682251174145292794e+00 -6.318168442553925956e+00 7.566032607250761544e+00 5.969139296703886544e+00 5.613481590085740436e-01 5.409881789379667794e+00 4.681053359203886544e+00 6.982032973461699044e+00 2.695450026684355294e+00 2.574859816723417794e+00 1.407859999828886544e+00 4.773529250317167794e+00 -1.084777634448457206e+00 1.945755202465605294e+00 1.073323078840310529e+01 9.215530593090605294e+00 2.884552199535917794e+00 5.461593825512480294e+00 -2.590759079760957206e+00 -1.963470261401582206e+00 1.561416823559355294e+00 -3.778297226733613456e+00 -3.365615647143769706e+00 4.102493483715605294e+00 9.853637892895292794e+00 3.693557936840605294e+00 8.620472639138654358e-02 1.183323689191873029e+01 -2.170331886476759564e-01 4.614853102856230294e+00 -1.008607463151876971e+01 -3.152869980639863456e+00 7.952041823559355294e+00 7.304382521801542794e+00 2.284637648754667794e+00 -4.901763718432832206e+00 2.370056349926542794e+00 -3.210845749682832206e+00 8.111267287426542794e+00 1.529571730785917794e+00 2.701248366528105294e+00 2.425005027585740436e-01 1.286781508617949044e+00 8.614656516843552936e-01 7.561958510571074044e+00 9.836532790356230294e+00 1.219588490217263654e+01 8.195533950024199044e+00 -3.374511521167207206e+00 8.270393569164824044e+00 4.391685683422636544e+00 1.004815693586404279e+01 4.631683547192167794e+00 5.467132765942167794e+00 4.280555922680449044e+00 -7.833637039966035331e+00 3.809517104321074044e+00 5.084228713207792794e+00 -5.611778061694550956e+00 1.093276997297341779e+01 2.020462233715605294e+00 3.516128737621855294e+00 -1.288784007341330096e+01 -1.022792796403830096e+01 5.501220900707792794e+00 7.016891677074980294e+00 6.340805251293730294e+00 -1.163155345231955096e+01 -1.126894740373556658e+01 6.419800002270292794e+00 1.221240254133279279e+01 2.774139601879667794e+00 1.028373915844511544e+00 7.310409743481230294e+00 -1.099846629411642596e+01 4.081062514477324044e+00 1.424006672590310529e+01 8.046501357250761544e+00 7.451843459301542794e+00 4.907333571606230294e+00 2.764473159008574044e+00 -1.400405686206269706e+00 2.292671401196074044e+00 -7.502363136476759564e-01 1.245758254223417794e+00 3.689094741039824044e+00 5.449678489499802936e-01 -3.333251755542207206e+00 8.575365135007615436e-01 6.003479201489042794e+00 -1.019706528491425956e+00 -4.509879868335175956e+00 7.367408950024199044e+00 3.606811721020292794e+00 -2.574584763354707206e+00 1.402847487621855294e+00 4.667167861157011544e+00 -1.142410080737519706e+00 1.513786513500761544e+00 6.227874953442167794e+00 -8.247068336672072064e-01 -2.638549607104707206e+00 -1.940650742358613456e+00 6.292968947582792794e+00 2.452766616039824044e+00 -1.492225449389863456e+00 -4.600753586596894706e+00 -9.868675034350800956e+00 -2.390426438159394706e+00 -3.105979721850800956e+00 -4.080579689211134564e-01 -1.933250229663300956e+00 -2.064193528003144706e+00 5.814132888012480294e+00 4.504852492504667794e+00 9.767242629223417794e+00 6.925110060864042794e+00 2.754318434887480294e+00 -8.186719825929884564e-01 1.519088942699980294e+00 4.320545881326154358e-02 2.244873244457792794e+00 3.784530837231230294e+00 4.526550490551542794e+00 1.035506458967263654e+01 -2.666381638354707206e+00 3.738578993969511544e+00
-2.582459239274923846e+01 nan 4.221847731762480294e+00 1.649627883129667794e+00 1.535133559399199044e+00 -1.268256943530488456e+00 -1.970359604663300956e+00 -2.877731125659394706e+00 -3.443763535327363456e+00 -3.975097458667207206e+00 -2.230438034839082206e+00 -8.297138016528535331e+00 1.938728530102324044e+00 3.808014113598417794e+00 nan -3.572791855639863456e+00 -9.291074684328322064e-01 -7.448558122580095642e-02 5.317527968578886544e+00 1.390152175121855294e+00 5.341842848949980294e+00 5.085548598461699044e+00 3.434471327953886544e+00 4.209076125317167794e+00 -2.529218605226759564e-01 -1.470115464038300956e+00 -8.277313034839082206e+00 -3.803352158374238456e+00 -1.844985764331269706e+00 -4.645469467944550956e+00 2.658922263913865436e-01 2.240913588696074044e+00 2.520347792797636544e+00 1.031585890942167794e+00 -3.740417282885957206e+00 -4.492522995776582206e+00 7.108185012035917794e+00 1.746826369457792794e+00 -2.174300949878144706e+00 -5.550910752124238456e+00 -2.427932541675019706e+00 -1.517432968921113456e+00 2.158205100827927936e-01 -8.037780564135957206e+00 -7.069511215991425956e+00 9.759758193188261544e+00 6.778915602856230294e+00 2.385513503246855294e+00 9.467317649656052936e-01 7.187805373364042794e+00 -8.532409470385957206e+00 -2.327878883547072064e-01 -6.485763352221894706e+00 3.587318617992949044e+00 -2.092490952319550956e+00 3.136154372387480294e+00 5.901031691723417794e+00 9.422226149731230294e+00 5.598983962231230294e+00 8.536979872875761544e+00 3.861847121410917794e+00 9.656814772778105294e+00 6.314392287426542794e+00 8.965835768871855294e+00 6.324249465160917794e+00 -1.142961482316916033e+01 -1.261550883562033221e+01 -4.293174546069550956e+00 -3.719573777026582206e+00 8.313736159496855294e+00 -1.653381150073457206e+00 5.101501662426542794e+00 5.622070510082792794e+00 2.183174330883574044e+00 -5.282905381030488456e+00 -7.432189743823457206e+00 4.170593459301542794e+00 -2.283363144702363456e+00 1.138089009016091779e+01 -1.736108378679220721e+01 -9.537437241382050956e+00 -4.031112473315644706e+00 2.464859206371855294e+00 -7.072387497729707206e+00 8.289718825512480294e+00 3.649828025632615436e-01 1.083023091047341779e+01 -1.616954783708517596e+01 5.997062880688261544e+00 -2.304420273608613456e+00 -5.949569504565644706e+00 -7.510297706789259564e-01 -1.924217026538300956e+00 8.863685805492949044e+00 -1.312864235109572064e-01 5.759956557446074044e+00 3.611778456860136544e+00 7.373962599926542794e+00 2.064821311765427936e-01 -9.367063453859572064e-01 5.887623518044904358e-02 -4.119413307375197064e-01 3.701179701977324044e+00 -2.678733628100800956e+00 6.604005882077927936e-01 5.748909194164824044e+00 -1.309402268237519706e+00 5.328155715160917794e+00 -9.439163010425019706e+00 5.248810012035917794e+00 -9.482696335620332206e+00 -4.699485581225800956e+00 4.787277419262480294e+00 8.824998924070115436e-01 -1.827789109057832206e+00 1.841858107739042794e+00 3.156044203930449044e+00 7.498933860593552936e-01 7.385254103832792794e+00 1.074676711254667794e+00 2.991401869946074044e+00 4.786636550121855294e+00 3.859626967602324044e+00 -4.284818580812697064e-01 -7.567153733081269706e+00 8.173004347973417794e+00 1.232730885236794904e+01 -5.685363571948457206e+00 2.135307509594511544e+00 2.309875685864042794e+00 -1.835952561206269706e+00 8.825075218015427936e-01 5.024475295239042794e+00 1.415504653149199044e+00 -2.148483078784394706e+00 2.738334853344511544e+00 9.335710593991990436e-01 7.728813368969511544e+00 -2.838361671633009564e-01 -5.539474289721894706e+00
-4.619062355226759564e-01 6.213020522289824044e+00 1.552574355297636544e+00 1.706878859692167794e+00 -4.586532395190644706e+00 -4.318961899585175956e+00 4.166595656567167794e+00 2.707527358227324044e+00 -5.660400193042207206e+00 -4.069517067140822064e-01 7.353538710766386544e+00 6.550079543285917794e+00 -2.334525864428925956e+00 2.661880690746855294e+00 2.599510390453886544e+00 -7.469802658862519706e+00 -3.136977951831269706e+00 -4.374160569018769706e+00 -5.791236679858613456e+00 -4.874892990893769706e+00 -8.601301124758009564e-01 -5.246368210620332206e+00 -4.933280747241425956e+00 4.588012892895292794e+00 2.104969709451154358e-02 7.233125755124802936e-01 -7.298263352221894706e+00 -1.083754710466330096e+01 -6.858939926928925956e+00 -3.562743943042207206e+00 -2.212751320070509564e-01 3.692589003735136544e+00 8.952141005688261544e+00 1.891189772778105294e+00 5.298158714109177936e-01 -1.972501686281447064e-01 3.842165061765427936e-01 -7.004257004565644706e+00 4.807792861157011544e+00 5.574829299145292794e+00 -1.505401413745332206e+00 -4.001128952807832206e+00 -8.740054886645722831e+00 1.933731276684355294e+00 9.252411086254667794e+00 7.050262648754667794e+00 -6.974403183764863456e+00 -8.211826126880097831e+00 -1.806495468921113456e+00 2.241493422680449044e+00 -1.174530772478048846e+01 -1.227737025529806658e+01 -9.591270249194550956e+00 -4.577176979250197064e-01 6.630022117429490436e-01 6.066848952465605294e+00 1.065721913068826154e+01 -5.672454636401582206e+00 -4.586356919116425956e+00 2.710725852781052936e-01 7.648317405515427936e-01 1.089842243879373029e+01 8.467331130199980294e+00 6.466552931957792794e+00 1.373520095043730294e+00 -3.510871689624238456e+00 -1.038436692065644706e+00 1.727928359203886544e+00 9.501999098949980294e+00 9.252762038403105294e+00 -2.652244370288300956e+00 2.740631301098417794e+00 5.914461204343552936e-01 -4.223617356128144706e+00 -7.517623703784394706e+00 -5.501579087085175956e+00 5.057985374265427936e-01 7.844566542797636544e+00 1.444320876293730294e+00 -8.909393112964082206e+00 -2.721839707202363456e+00 2.778610427074980294e+00 -2.052457740968947064e-01 -2.465583018571798846e+01 5.962272841625761544e+00 -2.066345017260957206e+00 -3.970817368335175956e+00 6.218010146313261544e+00 7.453720290356230294e+00 -2.328300278491425956e+00 8.366050917797636544e+00 4.452835280590605294e+00 -2.270736496753144706e+00 7.513992507153105294e+00 6.860038954907011544e+00 6.219314772778105294e+00 4.759819228344511544e+00 8.999016005688261544e+00 3.349739272289824044e+00 1.894027907543730294e+00 -1.144767563647675956e+00 -5.971282761401582206e+00 -3.993758957690644706e+00 6.225883681469511544e+00 2.970337111645292794e+00 6.013862807446074044e+00 -5.207145493335175956e+00 -2.545570175952363456e+00 -3.595809738940644706e+00 -1.550750534839082206e+00 -2.180099289721894706e+00 9.114763328366990436e-01 -4.300491135425019706e+00 -4.402656357592988456e+00 2.272293288403105294e+00 1.978058058910917794e+00 7.036590773754667794e+00 5.715042311840605294e+00 7.383362013989042794e+00 3.786636550121855294e+00 3.834846694164824044e+00 1.074384327619607404e+01 3.081665236645292794e+00 -4.778442185229707206e+00 1.632141310864042794e+00 3.477997023754667794e+00 2.557392805154279358e-02 -7.284293930835175956e+00 -1.914985459155488456e+00 -3.325492661303925956e+00 -9.994962623781447064e-01 -8.599342148608613456e+00 5.964706618481230294e+00 -1.350799362964082206e+00 -5.126113694018769706e+00 -1.519607346362519706e+00 3.560478408032011544e+00 -4.975433152026582206e+00 1.077102858715605294e+00 2.684723097973417794e+00
5.197174269848417794e+00 7.221855361157011544e+00 6.134590346508574044e+00 2.714998313718552936e-01 -8.195037644214082206e+00 7.805101463132615436e-01 1.038526173322732404e+01 4.949348647289824044e+00 4.777511794262480294e+00 5.528412062817167794e+00 2.304626662426542794e+00 -4.743650367922072064e-01 -9.032590797609572064e-01 -2.195579331225800956e+00 3.386162001782011544e+00 3.106758315258574044e+00 -1.943893235034394706e+00 -2.279861252612519706e+00 -5.307372849292207206e+00 -5.256225388354707206e+00 -3.774345200366425956e+00 -6.166648667163300956e+00 -5.588363449878144706e+00 1.856598097973417794e+00 -1.232963364428925956e+00 5.962984153562302936e-01 -3.571853440112519706e+00 -8.104186814135957206e+00 -6.253295700854707206e+00 -9.497325699634004081e+00 4.215852805906052936e-01 4.122894484692167794e+00 3.938850600414824044e+00 -3.684798996753144706e+00 4.247116286449980294e+00 7.532715041332792794e+00 -1.220074824602072283e+01 -5.170837204760957206e+00 6.317598411374802936e-01 -2.024413864917207206e+00 5.049972731762480294e+00 1.081474323957498029e+01 6.586532790356230294e+00 -4.146972458667207206e+00 -1.173538010425019706e+00 4.774276930981230294e+00 6.692627150707792794e+00 5.875564772778105294e+00 2.689888198071074044e+00 2.959579665356230294e+00 2.973957746560529358e-02 -6.190772812671113456e+00 -7.347526352710175956e+00 6.800099103982404358e-02 6.025329787426542794e+00 1.018554707258279279e+01 8.080856520824980294e+00 -8.678031723803925956e+00 3.498079368406052936e-01 -5.604533464376970642e-02 1.711044509106230294e+00 3.253723342114042794e+00 3.155517775707792794e+00 1.312639637678201154e+01 -4.801557472414259564e-01 4.360779006176542794e+00 1.222548695295388654e+01 6.443718154125761544e+00 3.110008437328886544e+00 5.045746047192167794e+00 -6.403831284350800956e+00 1.275062758617949044e+00 -4.885955612964082206e+00 -1.024403743059103533e+01 -8.521621506518769706e+00 2.595520217114042794e+00 -5.665008347339082206e+00 -8.841296952075410331e+00 7.926544387035917794e+00 1.230560322492654279e+01 -6.672523300952363456e+00 5.694885451489042794e+00 8.642791945629667794e+00 -1.332153300554220721e+01 -2.026054184741425956e+00 5.336685378246855294e+00 -1.293811778337423846e+01 -8.712116043872285331e+00 -1.548057358569550956e+00 5.676269728832792794e+00 8.281143386059355294e+00 2.693588454418730294e+00 -7.018554489917207206e+00 3.524688918285917794e+00 5.988723952465605294e+00 1.498626906567167794e+00 7.163147170239042794e+00 3.109108168774199044e+00 1.651031691723417794e+00 7.777687270336699044e+00 -1.411117356128144706e+00 -4.403907578296113456e+00 6.323044020824980294e+00 -1.573592942065644706e+00 4.618934828930449044e+00 3.740822035961699044e+00 -7.358520310229707206e+00 -6.102004807300019706e+00 -6.371017258471894706e+00 -7.636283676928925956e+00 -3.738120835132050956e+00 9.331360060864042794e+00 -2.402831833667207206e+00 -3.299476425952363456e+00 -3.356536667651582206e+00 9.178087302976365436e-01 5.416855055981230294e+00 3.119415480785917794e+00 -1.079978745288300956e+00 -6.462066452807832206e+00 2.985580641918730294e+00 -3.327483933276582206e+00 -4.990585129565644706e+00 2.753906447582792794e+00 6.534584242992949044e+00 -1.848524025148634564e-01 -1.722854416675019706e+00 5.821029860668730294e+00 -4.511924546069550956e+00 -7.001350205249238456e+00 4.189583022289824044e+00 -7.475581925219941581e+00 -3.803939621753144706e+00 -2.606094162768769706e+00 2.779754836254667794e+00 6.613008567624802936e-01 3.751678664379667794e+00 1.130851943188261544e+00 -1.534057419604707206e+00 3.094833571606230294e+00
-3.608711045092988456e+00 -1.197807114428925956e+00 -3.224441330737519706e+00 -2.290687363452363456e+00 -6.596694748706269706e+00 -7.895999710864472831e+00 -1.160301010913300956e+00 -8.589551857179884564e-01 -1.928403785890822064e-01 -2.855499069995332206e+00 -3.060645859546113456e+00 -1.517623703784394706e+00 -1.892455857104707206e+00 -1.770965378589082206e+00 -4.802701881593947064e-01 -9.593122413820509564e-01 2.633011061840605294e+00 7.232216078930449044e+00 -2.120788376635957206e+00 -4.001289170092988456e+00 -1.736129563159394706e+00 -5.095023911303925956e+00 -5.433593552417207206e+00 -1.437331955737519706e+00 1.994980055981230294e+00 3.411834914379667794e+00 -5.529594223803925956e+00 -6.782836716479707206e+00 3.138429710202927936e-01 -7.533134262866425956e+00 2.569599836404279358e-02 8.257026869946074044e+00 1.100895710676248029e+01 8.885711867504667794e+00 7.565445143871855294e+00 4.222175795727324044e+00 -3.349921982592988456e+00 -1.194402293474142596e+01 -4.339546006030488456e+00 6.392250258617949044e+00 8.318847853832792794e+00 -9.753898423022675956e+00 1.302600880353982404e+01 -8.160533707446504081e+00 -3.151000778979707206e+00 5.893058974438261544e+00 -8.602885515158220642e-02 -6.844611923999238456e+00 -4.830947678393769706e+00 7.218429763012480294e+00 1.340972920148904279e+01 8.571182448559355294e+00 1.299530226879667794e+00 -3.474906723803925956e+00 -4.129707138842988456e+00 3.297531325512480294e+00 6.959968764477324044e+00 2.215904433422636544e+00 -1.937635353273634564e-01 9.644684035473417794e+00 4.809433180981230294e+00 -5.533140114015822064e-01 -2.532996933764863456e+00 1.023615284650857404e+01 -6.612464707202363456e+00 -5.526222031421113456e+00 -4.296874802417207206e+00 5.388414451413865436e-01 3.805130202465605294e+00 -2.716361801928925956e+00 -3.907356064624238456e+00 -1.028060715503144706e+00 1.802269179516386544e+00 -7.499297898120332206e+00 -5.216689865893769706e+00 5.813110549145292794e+00 8.143051345043730294e+00 5.313112327390427936e-01 4.914400169187302936e-01 6.131515700512480294e+00 6.184524733715605294e+00 4.351440627270292794e+00 3.007682997875761544e+00 -5.531173508471894706e+00 -8.465938370532441581e+00 -4.441619675464082206e+00 6.629158217602324044e+00 -1.093297938615744158e+01 -4.977538864917207206e+00 -1.749824326342988456e+00 -1.698010997087423846e+01 4.866462905102324044e+00 3.127014357739042794e+00 -1.544326584643769706e+00 2.072303969555449044e+00 2.806093284421677936e-01 2.055771071606230294e+00 7.911003310375761544e+00 3.784485060864042794e+00 6.955414015942167794e+00 5.263521262937302936e-01 -1.848129074878144706e+00 2.617355544262480294e+00 5.759203025632615436e-01 -3.204070847339082206e+00 2.419708449535917794e+00 -4.411445420092988456e+00 1.861320693188261544e+00 4.487739760571074044e+00 3.012901503735136544e+00 9.274311750466779358e-02 5.201072890453886544e+00 1.277519423657011544e+00 2.635734755688261544e+00 -2.420181076831269706e+00 1.203227253644998029e+01 1.103851515942167794e+00 -1.296973984546113456e+00 3.349144179516386544e+00 5.049987990551542794e+00 3.615875441723417794e+00 2.246238906078886544e+00 3.807655532055449044e+00 3.612014968090605294e+00 6.707046706371855294e+00 -3.117118637866425956e+00 1.190559584789824044e+00 3.986030776196074044e+00 -1.700431626147675956e+00 -1.788451950854707206e+00 3.249641616039824044e+00 -2.130447190112519706e+00 1.177931996076638654e+01 1.294586379223417794e+00 5.988327223949980294e+00 2.107994277172636544e+00 1.773302146726365436e-01 1.770561415844511544e+00 2.094864089184355294e+00 1.364769179516386544e+00
-1.883285324878144706e+00 3.493156630688261544e+00 -3.558822434253144706e+00 -3.081435959643769706e+00 -7.266233375734572064e-01 -2.220145981616425956e+00 6.450309951000761544e+00 6.453438002758574044e+00 2.042991835766386544e+00 -1.260764878100800956e+00 -1.844451706714082206e+00 -3.954295427267595642e-02 -1.690009873217988456e+00 3.997703749828886544e+00 2.657745558910917794e+00 -8.942411354250197064e-01 5.588653762035917794e+00 9.513099867992949044e+00 3.574997145824980294e+00 1.498756606274199044e+00 1.355316359692167794e+00 -5.571632187671113456e+00 -2.724212448901582206e+00 -2.434638779467988456e+00 -3.553764145678925956e+00 7.582628318601365436e-01 -3.682630470461134564e-01 -9.362333229250197064e-01 -3.585960190600800956e+00 -2.694381516284394706e+00 -1.348686020678925956e+00 3.733391005688261544e+00 2.807747084789824044e+00 7.557686049633574044e+00 6.586937148266386544e+00 -3.290479591554884564e-01 -2.972877304858613456e+00 8.852661330395292794e+00 5.690437514477324044e+00 8.263519484692167794e+00 8.747407981687302936e-01 4.653017112546677936e-01 7.135658461742949044e+00 4.547316723417793582e-03 2.507110793285917794e+00 -3.744262497729707206e+00 -5.370864670581269706e+00 -5.350797584718947064e-01 3.277145583324980294e+00 4.119720656567167794e+00 5.135162551098417794e+00 6.324341017895292794e+00 4.208236891918730294e+00 2.951111037426542794e+00 -3.245620529956269706e+00 -4.830167701906447064e-01 3.774444777660917794e+00 -5.421096604175019706e+00 3.924125868969511544e+00 1.143482990949685529e+01 7.927231032543730294e+00 -7.827299049562697064e-01 2.268203932934355294e+00 8.967516013913865436e-01 -3.129173081225800956e+00 -1.232208054370332206e+00 -3.388229172534394706e+00 4.309189040356230294e+00 2.142769057446074044e+00 3.074190208249802936e-01 4.363846022778105294e+00 -3.694923203296113456e+00 4.996353346996855294e+00 3.193895408445115436e-01 1.276704856687302936e-01 4.034187514477324044e+00 2.409271437817167794e+00 -1.538703720874238456e+00 -4.595496933764863456e+00 -1.379706935197775408e+01 4.151092726879667794e+00 6.023468215160917794e+00 1.130900593488748029e+01 5.983474929028105294e+00 -1.273920802385275408e+01 -1.062712077409689471e+01 -2.772214821047072064e-01 4.599611350827927936e-01 9.210435935788865436e-01 -3.117011826342988456e+00 5.374717909985136544e+00 -4.429038803882050956e+00 -1.938796799487519706e+00 1.227218825512480294e+00 -5.297068864767595642e-02 7.976533958249802936e-01 1.003660603254373029e+01 1.454994399242949044e+00 8.724609572582792794e+00 6.436882216625761544e+00 8.192344863110136544e+00 3.935493666821074044e+00 -7.689664772218947064e-01 1.261528212719511544e+00 6.526489455395292794e+00 3.241426536374802936e-01 6.574632713132615436e-01 5.852707106762480294e+00 5.052856642895292794e+00 1.787605483227324044e+00 2.942909438305449044e+00 3.497612197094511544e+00 3.334984023266386544e+00 3.006622512035917794e+00 6.869279929929490436e-01 6.070739943676542794e+00 9.225647170239042794e+00 6.594917494946074044e+00 -1.092819016284394706e+00 7.257202346020292794e+00 5.497345168285917794e+00 8.094352919750761544e+00 -1.022971909350800956e+00 9.131530959301542794e+00 1.092269154279763654e+01 -4.633086960620332206e+00 4.655916282468552936e-01 2.317711074047636544e+00 2.768776137524199044e+00 2.062889296703886544e+00 6.742164809399199044e+00 4.874290663891386544e+00 4.359596450024199044e+00 9.478227683835740436e-01 -1.595344345874238456e+00 6.829988548093552936e-01 9.526100356274199044e+00 -6.912211687033220642e-02 6.552017409496855294e+00 8.424072463207792794e+00
1.035510273664529279e+01 3.891258437328886544e+00 -7.242225449389863456e+00 1.409637648754667794e+00 1.423332997053201154e+01 1.211546345441873029e+01 6.359497267895292794e+00 1.285123463361794904e+01 1.568320484846169904e+01 8.181518752270292794e+00 2.044639784985136544e+00 1.378662306957792794e+00 4.162002761059355294e+00 4.418075759106230294e+00 -5.065444748706269706e+00 -1.102119426042501971e+01 -1.634811203784394706e+00 4.414489943676542794e+00 5.008941847973417794e+00 1.165153701000761544e+00 -1.043327133960175956e+00 -1.944328110522675956e+00 -3.108863632983613456e+00 -5.132736008471894706e+00 -4.024406235522675956e+00 -1.920005600757050956e+00 -7.976054947680879081e+00 -5.845092575854707206e+00 2.507057387524199044e+00 8.296205589109177936e-01 2.501320082836699044e+00 5.156921584301542794e+00 -6.256177833742384564e-01 -8.956859391040254081e+00 -1.305509166032736346e+01 3.599731642895292794e+00 4.602005202465605294e+00 3.131767470532011544e+00 7.322662551098417794e+00 4.317848403149199044e+00 1.366340656965310529e+01 1.856376845532011544e+00 3.384262282543730294e+00 2.018615920239042794e+00 -6.981185715503144706e+00 -4.991376808351759564e-01 2.477653701000761544e+00 7.651062209301542794e+00 4.063720900707792794e+00 -4.476468971437697064e-01 3.266136367016386544e+00 1.148666579418730294e+00 4.277511794262480294e+00 2.804596144848417794e+00 7.360618788891386544e+00 4.588226515942167794e+00 9.326173850827927936e-01 -6.418395798510957206e+00 1.224800307446074044e+00 9.328697402172636544e+00 1.175645466535623029e+01 -9.923932960695509564e-01 2.282716819577927936e-01 7.253196913891386544e+00 -2.219001572436738456e+00 -2.058082382983613456e+00 -2.686645310229707206e+00 6.364090163403105294e+00 4.548202712231230294e+00 -1.314376633471894706e+00 3.140732009106230294e+00 -1.019992045671408221e+01 -8.579704087085175956e+00 5.315172263913865436e-01 5.020553786449980294e+00 4.008041579418730294e+00 6.253816673093552936e-01 -7.863593857592988456e+00 -5.172546189135957206e+00 2.461473533445115436e-01 -7.076103012866425956e+00 -9.495746414966035331e+00 3.871048171215605294e+00 -9.724090378589082206e+00 -2.640907090014863456e+00 4.336044509106230294e+00 -6.623801987475800956e+00 -1.147043589860861346e+01 -3.254760544604707206e+00 -1.113901881486837908e+01 -5.835264137453322064e-01 -1.251525859147970721e+01 5.312515456371855294e+00 -9.860851090259004081e+00 2.595314223461699044e+00 1.752701003246855294e+00 -7.545698097414259564e-01 4.367607314282011544e+00 3.312576491528105294e+00 2.440887648754667794e+00 6.795501906567167794e+00 4.232650954418730294e+00 5.565376479321074044e+00 2.210647780590605294e+00 3.957878310375761544e+00 4.255373069577927936e-01 2.753128249340605294e+00 4.549049575024199044e+00 2.808586318188261544e+00 7.019775588207792794e+00 1.121334858625466779e+01 -8.321912697023634564e-01 5.483055312328886544e+00 1.334831435375761544e+00 6.009872634106230294e+00 4.778368064695115436e-01 -4.267042091554884564e-01 2.111152846508574044e+00 6.121284682446074044e+00 4.260330397778105294e+00 -5.112913063234572064e-01 5.567177016430449044e+00 2.477737624340605294e+00 -4.520337989992384564e-01 1.061369343488748029e+01 7.140297133617949044e+00 3.532165724926542794e+00 6.271331984692167794e+00 7.909547874265427936e-01 6.965202529125761544e+00 -4.956680100268769706e+00 4.813844749265427936e-01 2.914125510984177936e-01 -1.421249192065644706e+00 -4.457252304858613456e+00 5.260622093015427936e-01 1.344759055906052936e-01 -9.312148850268769706e+00 -3.765945236987519706e+00 6.867325026684355294e+00
-5.463744919604707206e+00 -7.130201271242384564e-01 5.370468337231230294e+00 3.818153578930449044e+00 -1.264037888354707206e+00 -4.719970505542207206e+00 -1.337508957690644706e+00 6.348289687328886544e+00 -2.567168991870332206e+00 -3.725745957202363456e+00 -4.053222458667207206e+00 4.058610984616990436e-01 1.195191212385232404e+01 1.097969837873513654e+01 -1.191139582902853533e+01 -2.189636210710470721e+01 nan -6.026382248706269706e+00 -2.528999131030488456e+00 -5.241317551440644706e+00 -4.184577744311738456e+00 8.419191428952927936e-01 -7.269164841479707206e+00 -6.266418259448457206e+00 3.521812636547636544e+00 -2.566398423022675956e+00 -1.454217509538595721e+01 -1.003261164934103533e+01 -7.994605820483613456e+00 -8.933318894214082206e+00 5.988792617016386544e+00 5.693512160473417794e+00 -8.659442704028535331e+00 -3.978141587085175956e+00 -6.217727463550019706e+00 -6.919631760425019706e+00 2.501648146801542794e+00 6.967773635082792794e+00 4.434417922192167794e+00 1.898941237621855294e+00 5.712661940746855294e+00 1.921936232739042794e+00 4.940201003246855294e+00 2.630540916257615436e-01 1.763917991452927936e-01 -1.566360276050019706e+00 -1.969466965503144706e+00 5.631736952953886544e+00 3.115570265942167794e+00 -9.680312912768769706e+00 -1.438309840471212908e+01 -8.439288895434785331e+00 4.995773513012480294e+00 -6.193099778003144706e+00 -2.867194931811738456e+00 -1.890289109057832206e+00 -1.063354294604707206e+00 -4.394630234546113456e+00 -7.077613632983613456e+00 2.645363051586699044e+00 1.015687580793435529e+01 6.454406935864042794e+00 5.118393141918730294e+00 3.103729445629667794e+00 -2.198570053882050956e+00 -8.275352280444550956e+00 2.507286269360136544e+00 3.656997878246855294e+00 2.351028639965605294e+00 -5.359723976320509564e-01 5.163192946606230294e+00 -1.584731858081269706e+00 -9.848094742602754081e+00 -8.362422745532441581e+00 2.621811110668730294e+00 -2.309249680346894706e+00 -4.010465553468947064e-01 4.563270766430449044e+00 -2.209541123217988456e+00 -1.053683833391134783e+01 2.795837599926542794e+00 -7.545425217456269706e+00 -1.560699265307832206e+00 -3.382781784839082206e+00 -1.156905930346894706e+00 -8.306644242114472831e+00 8.644716331296677936e-01 -1.385384730607931658e+01 -9.063358109301972831e+00 -3.640739243335175956e+00 -5.068412583178925956e+00 -1.416563395769064471e+01 -6.458204200929884564e-01 -2.546432297534394706e+00 2.779976088696074044e+00 -5.577842514819550956e+00 6.012214858227324044e+00 2.270858962231230294e+00 3.539917189770292794e+00 2.884926039867949044e+00 -9.566478044455095642e-02 4.277000624828886544e+00 1.853523451977324044e+00 7.515022475414824044e+00 4.448654372387480294e+00 -2.443694870776582206e+00 -1.129203598803925956e+00 1.859733779125761544e+00 -3.455596726245332206e+00 -2.254178932375197064e-01 5.450737197094511544e+00 4.333999831371855294e+00 1.057762343578886544e+00 1.014564711742949044e+00 4.771425315671677936e-01 6.680452415281052936e-01 -5.466621201342988456e+00 8.562347609692167794e+00 1.713928420239042794e+00 5.661415297680449044e+00 4.372635085278105294e+00 -7.381667893237519706e+00 -7.928500931567597831e+00 1.281349379711699044e+00 -5.270652573413300956e+00 -7.456205299562697064e-01 5.779243666821074044e+00 3.181694228344511544e+00 1.804138381176542794e+00 -6.122688095874238456e+00 2.546074111157011544e+00 3.180954177074980294e+00 -8.664853981203322064e-01 -2.076263230151582206e+00 -9.529416969484572064e-01 6.470886428051542794e+00 -2.283462326831269706e+00 1.504455763989042794e+00 7.992073256664824044e+00 4.374466139965605294e+00
1.450500685864042794e+00 1.045921523266386544e+00 3.539528090649199044e+00 -2.496894638842988456e+00 1.423919875317167794e+00 -2.298637192553925956e+00 -7.864377906984572064e-01 -1.501472275561738456e+00 -5.590789597339082206e+00 -5.936874192065644706e+00 -3.089912216967988456e+00 -7.283782761401582206e+00 2.557518202953886544e+00 8.375686843090605294e+00 7.393419334226365436e-01 -8.648490708178925956e+00 nan -4.818328659839082206e+00 -1.389182846850800956e+00 -4.046645920581269706e+00 -7.025596421069550956e+00 4.651016432934355294e+00 5.474571425610136544e+00 1.714775283032011544e+00 7.407097060375761544e+00 1.201034743481230294e+00 -7.073623459643769706e+00 -1.478706162280488456e+00 -3.224105637378144706e+00 -9.379039566821504081e+00 -4.083015244311738456e+00 1.057335097485136544e+00 -1.435371201342988456e+00 -4.318092148608613456e+00 -3.027323991720720642e-02 5.858658034496855294e+00 -4.572067063159394706e+00 4.352234084301542794e+00 1.202754994123513654e+01 -1.810333054370332206e+00 -3.183067124194550956e+00 7.856155593090605294e+00 1.192210407941873029e+01 -7.196807663745332206e+00 4.606826979809355294e+00 8.604072768383574044e+00 1.559460468977029279e+01 1.282531935864042794e+00 6.624534804516386544e+00 -7.259322922534394706e+00 -1.396761302263205096e+01 2.779762465649199044e+00 2.184768874340605294e+00 9.348518569164824044e+00 9.183166701489042794e+00 -1.278503220385957206e+00 2.644066054516386544e+00 1.917602736645292794e+00 -4.164909165210175956e+00 9.166872093015427936e-01 5.889473159008574044e+00 3.787079055004667794e+00 -4.384406845874238456e+00 1.779129225903105294e+00 2.972107131176542794e+00 -5.290771286792207206e+00 6.100006301098417794e+00 5.217544753246855294e+00 2.634536940746855294e+00 2.118972975903105294e+00 -1.065963547534394706e+00 1.582885939770292794e+00 -5.115325730151582206e+00 -1.044479350358908221e+01 1.034643574445779279e+01 3.946153709226365436e-01 -2.327878883547072064e-01 -7.546897690600800956e+00 4.229187209301542794e+00 -2.319943599016134783e+01 -7.866817276782441581e+00 5.605705458813261544e+00 -1.373631266862814471e+01 -2.412292282885957206e+00 8.340761253171677936e-01 -1.001273911303925956e+00 -6.187461655444550956e+00 -1.043171672136251971e+01 1.671669203930449044e+00 2.603932111794904358e-02 -6.340598862475800956e+00 9.168474265866990436e-01 6.457826682859177936e-01 -1.673629563159394706e+00 1.551834304028105294e+00 2.030479628735136544e+00 6.964189597898240436e-01 -6.751449387378144706e+00 4.211364943676542794e+00 1.088040180891091779e+01 -4.170606544679884564e-01 8.926307875805449044e+00 4.080787856274199044e+00 -5.164230149096894706e+00 7.889663893871855294e+00 5.805818626218552936e-01 -1.028037827319550956e+00 3.432602126293730294e+00 -2.797355454272675956e+00 4.594270774656052936e-01 -7.394836228198457206e+00 5.913393089109177936e-01 -3.387313645190644706e+00 1.034928913801248029e+01 5.111664015942167794e+00 -1.936340134448457206e+00 -3.028503220385957206e+00 6.947159011059355294e+00 4.080749709301542794e+00 5.312370497875761544e+00 6.266693312817167794e+00 -2.428268235034394706e+00 -5.972778122729707206e+00 -3.786002915210175956e+00 -1.684188645190644706e+00 -1.062200145036642596e+01 -7.221648972339082206e+00 -1.735931198901582206e+00 1.846939284496855294e+00 5.780183860593552936e-01 2.869140822582792794e+00 2.668838698559355294e+00 -2.950576584643769706e+00 -6.202924659914259564e-01 2.418976027660917794e+00 9.999824721508574044e+00 1.905143935375761544e+00 3.111803123288865436e-01 6.105705458813261544e+00 2.794632155590605294e+00
1.550846882551248029e+01 -2.566907814211134564e-01 -1.067073039323751971e+01 4.047203261547636544e+00 -1.510703842944550956e+00 1.040866108625466779e+01 -8.488120835132050956e+00 -2.901756089038300956e+00 7.918762404614042794e+00 3.494282453591779358e-02 -4.873779099292207206e+00 1.357444960766386544e+00 -8.410566261476759564e-01 -3.475797584718947064e-01 -6.331481736010957206e+00 -8.392661850757050956e+00 -1.228900889665548846e+01 -3.768165390796113456e+00 4.465562888913865436e-01 -1.434112351245332206e+00 -1.048274211198751971e+01 -1.063461106128144706e+00 8.652427870922636544e+00 6.391769606762480294e+00 6.541313368969511544e+00 4.948730666332792794e+00 1.568313796215605294e+00 2.850143630199980294e+00 2.835411269360136544e+00 -6.973914902514863456e+00 -4.438850205249238456e+00 6.252533156567167794e+00 3.633384902172636544e+00 1.052745075910623029e+01 1.150338764875466779e+01 -1.119216721362519706e+00 -4.876014511889863456e+00 -2.402732651538300956e+00 6.306306907468552936e-01 -7.094648292726759564e-01 7.109970290356230294e+00 1.178145619123513654e+01 7.199295241528105294e+00 3.627952773266386544e+00 6.865465232663865436e-01 1.450749226301248029e+01 4.668047019773240436e-01 -2.806037705249238456e+00 1.261604328840310529e+01 1.246530171125466779e+01 2.235916335278105294e+00 5.017212111645292794e+00 4.852173049145292794e+00 4.881378371410917794e+00 1.570549208813261544e+00 7.144836623364042794e+00 8.730285842114042794e+00 6.100540358715605294e+00 6.319641310864042794e+00 -1.660751145190644706e+00 8.914796897702927936e-01 4.550783225827927936e-01 -7.607826035327363456e+00 -5.916374008960175956e+00 3.821174819164824044e+00 1.425773818188261544e+00 5.497436721020292794e+00 -2.528426926440644706e+00 3.142456252270292794e+00 -3.946683815187697064e-01 -2.324538986987519706e+00 1.226242263012480294e+00 4.438003737621855294e+00 7.473556716137480294e+00 -1.025985520190644706e+00 -6.026962082690644706e+00 -2.318740647143769706e+00 5.413681227856230294e+00 2.875168044262480294e+00 -3.068465988940644706e+00 8.585207053952927936e-01 1.149467665844511544e+00 -1.708328049487519706e+00 4.602783400707792794e+00 4.942657668285917794e+00 -2.052322190112519706e+00 -2.998779099292207206e+00 -7.476499489015822064e-01 7.271393019848417794e+00 7.920915672116990436e-01 -1.910110276050019706e+00 4.057335097485136544e+00 -8.947822373217988456e+00 5.930025169187302936e-01 7.258354384594511544e+00 1.700836379223417794e+00 -6.220367234057832206e+00 -5.647048752612519706e+00 -3.079040329760957206e+00 8.300399977856230294e+00 4.929672438793730294e+00 6.684257704907011544e+00 1.372074909894998029e+01 2.626083571606230294e+00 4.156234938793730294e+00 7.967216689282011544e+00 4.546997267895292794e+00 4.732300002270292794e+00 1.231247145824980294e+00 2.002372939282011544e+00 -7.513786118335175956e+00 2.131447035961699044e+00 -1.647147934741425956e+00 2.296928603344511544e+00 1.259233543210740436e-01 -1.424316208667207206e+00 -4.082816880053925956e+00 -7.098796646899629081e+00 1.728035170727324044e+00 4.449112136059355294e+00 4.222648818188261544e+00 6.962053367429490436e-01 1.163017470532011544e+00 -3.629562180346894706e+00 -7.406690529054884564e-01 5.686207502419904358e-02 -1.538947861499238456e+00 -7.926404884523634564e-01 -7.322898667163300956e+00 -8.105449478930879081e+00 -8.381345680422072064e-01 -4.018272202319550956e+00 3.894630629711699044e+00 2.142639357739042794e+00 1.302230091779763654e+01 5.504562575512480294e+00 -1.761192124194550956e+00 2.357872206860136544e+00 -2.757461350268769706e+00 3.854179579907011544e+00
-2.773315232104707206e+00 -6.352157395190644706e+00 -3.195709030932832206e+00 -4.018127243823457206e+00 4.703140456371855294e+00 1.132009144514138654e+01 -1.052863877124238456e+00 -1.218215744800019706e+00 4.809623915844511544e+00 -3.886779587573457206e+00 -4.732383530444550956e+00 -1.423108986086134564e-01 6.358644553952927936e-01 -9.340284279054884564e-01 -5.549781601733613456e+00 -1.985702317065644706e+00 -2.790916245288300956e+00 -5.734632423586134564e-01 4.873582908445115436e-01 2.630195815258574044e+00 -3.440124314135957206e+00 -1.726493637866425956e+00 2.460235793285917794e+00 4.655716139965605294e+00 1.288887806623513654e+01 1.710878010480935529e+01 8.243431288891386544e+00 2.861496169262480294e+00 6.314552504711699044e+00 7.822136122875761544e+00 9.619377333813261544e+00 9.389930922680449044e+00 1.005195815258574044e+00 1.115602131574685529e+01 2.137750263898904279e+01 8.749237258129667794e+00 -1.051548365861837908e+01 -5.182433884448457206e+00 2.244529921703886544e+00 -3.943267624682832206e+00 3.427902419262480294e+00 3.669899184399199044e+00 1.706321913891386544e+00 5.211883742504667794e+00 -1.968528549975800956e+00 1.494875355451638654e+01 2.866409499340605294e+00 2.376709181957792794e+00 6.316681105785917794e+00 2.752235610180449044e+00 5.069900710278105294e+00 3.218080589109177936e-01 nan 6.204559523754667794e+00 -8.363645485109572064e-01 2.524719435864042794e+00 7.902832228832792794e+00 7.198196608715605294e+00 -2.525390427417207206e+00 -1.043702296525900408e+01 -3.469100754565644706e+00 -7.931461136645722831e+00 -4.484847824878144706e+00 -1.743998698503439471e+01 -7.190015724367384564e-01 3.011642653637480294e+00 4.961578566723417794e+00 4.470520217114042794e+00 2.094467360668730294e+00 3.792823989086699044e+00 1.068145949535917794e+00 -5.613670151538300956e+00 -4.614417832202363456e+00 1.627205092602324044e+00 -3.313672950929884564e-01 -4.152389328784394706e+00 1.662971694164824044e+00 5.328003127270292794e+00 -2.326026718921113456e+00 4.742586204343552936e-01 7.066482741528105294e+00 7.729799339109177936e-01 -9.674354355639863456e+00 1.864502150707792794e+00 -3.632781784839082206e+00 9.370119163327927936e-01 -9.032590797609572064e-01 -2.841079514331269706e+00 2.789657790356230294e+00 -2.728309433764863456e+00 -1.403786830217306658e+01 -2.542472641772675956e+00 7.974456984692167794e+00 7.573837477856230294e+00 -1.173170021242384564e-01 3.700897414379667794e+00 -7.812803199953322064e-01 -6.672454636401582206e+00 -1.851043503589082206e+00 2.963813979321074044e+00 8.458671767407011544e+00 1.091692372053201154e+01 1.400643940656716779e+01 5.287407118969511544e+00 1.120994587629373029e+01 6.052307326489042794e+00 4.061592299633574044e+00 4.080352980785917794e+00 2.387773582273240436e-01 -1.059341233081269706e+00 -7.625654152101759564e-01 7.349762160473417794e+00 4.425445754223417794e+00 2.212967116528105294e+00 -4.199996750659394706e+00 -3.071533005542207206e+00 -1.066648844987814471e+01 -1.421508591479707206e+00 -1.096069138354707206e+00 4.822847434812302936e-01 7.634338576489042794e+00 7.752952773266386544e+00 1.152298171215605294e+00 -2.459697038595720642e-02 5.579378196531052936e-01 1.589204856687302936e-01 5.944008071117949044e+00 2.262458998852324044e+00 3.126465041332792794e+00 8.770906516843552936e-01 2.119842726879667794e+00 -2.406730454272675956e+00 -3.435027878589082206e+00 7.914406020336699044e+00 4.325065810375761544e+00 9.387077529125761544e+00 4.978759963207792794e+00 5.266205031567167794e+00 -1.451034348315644706e+00 4.251304824047636544e+00
6.748565871410917794e+00 5.469743797116990436e-01 -6.981788437671113456e+00 4.480247695141386544e+00 5.831077773266386544e+00 -9.425962379640822064e-01 -4.146362107104707206e+00 2.006080825024199044e+00 2.058273513012480294e+00 6.009742934399199044e+00 -6.317863266772675956e+00 -7.756397049731660331e+00 1.914474684887480294e+00 -7.516334336108613456e+00 -5.442611496753144706e+00 6.455250471169904358e-02 -1.651572983569550956e+00 1.887733657055449044e+00 8.482439109616990436e-01 -8.220060280031447064e-01 -5.133949082202363456e+00 -2.593513291186738456e+00 2.540176589184355294e+00 4.997047621899199044e+00 1.131993122785623029e+01 1.289027424543435529e+01 8.887062270336699044e+00 -3.860564987964082206e+00 2.587740012937302936e-01 9.021226951413865436e-01 2.271316725903105294e+00 -5.924070289797072064e-01 8.617250510984177936e-01 1.842736836164529279e+01 1.420430775373513654e+01 3.865379531078886544e+00 -2.147613327807832206e+00 -1.445937912768769706e+00 -6.097486427492384564e-01 2.575874526196074044e+00 1.015907307355935529e+01 1.332027455061013654e+01 4.333099562817167794e+00 1.358257313459451154e+01 9.767608840160917794e+00 7.328857619457792794e+00 -1.236908320695822283e+01 -1.103046397478048846e+01 4.116546828442167794e+00 -7.306087296313691581e+00 1.503059584789824044e+00 2.254425246410917794e+00 -2.079313209718947064e-01 3.741134841137480294e+00 -7.296216896242384564e-01 -7.271650245851759564e-01 4.191528517895292794e+00 -6.391446998781447064e-01 -5.680755417651582206e+00 -7.873801987475800956e+00 -9.068534653491425956e+00 -2.008895676440644706e+00 -4.974082749194550956e+00 -5.626449387378144706e+00 -1.515594284839082206e+00 2.313606459789824044e+00 -3.325645249194550956e+00 2.372085768871855294e+00 3.493806907468552936e-01 -5.183906357592988456e+00 1.417696067624802936e-01 -3.777595322436738456e+00 -2.967345993823457206e+00 -1.204274729997580096e+01 -9.845844071216035331e+00 2.467697341137480294e+00 -2.651672165698457206e+00 -4.480270188159394706e+00 -9.009368698901582206e+00 -6.593658249682832206e+00 -9.086608689135957206e+00 -2.394363205737519706e+00 -1.823610286027853533e+01 -7.997739723390822064e-01 4.518699843578886544e+00 1.530067641430449044e+00 -5.691940110034394706e+00 -3.584922592944550956e+00 -1.025680344409394706e+00 -2.365455429858613456e+00 2.068237502270292794e+00 9.424057204418730294e+00 6.355499465160917794e+00 9.260032851391386544e+00 -2.563857834643769706e+00 -3.596488755053925956e+00 3.772316176586699044e+00 -3.050430100268769706e+00 4.302235334451154358e-02 3.509689528637480294e+00 1.844467360668730294e+00 6.454300124340605294e+00 1.264350147932107404e+01 2.154689045637185529e+01 1.769060536115701154e+01 2.450195510082792794e+00 -1.693557541675019706e+00 5.010086257153105294e+00 3.093986708813261544e+00 -1.964156906909394706e+00 1.365577895336699044e+00 7.357513625317167794e+00 6.938325950437302936e-01 -2.513847153491425956e+00 -8.237548630542207206e+00 -3.455673020190644706e+00 -1.582673625261251971e+01 -9.962842872804884564e-01 -1.087760727710175956e+00 7.412529189282011544e+00 5.638658592038865436e-01 3.825271804028105294e+00 7.424179274731230294e+00 1.150685139387185529e+01 1.091896076887185529e+01 9.340698439770292794e+00 1.237152882307107404e+01 9.327415663891386544e+00 5.485344130688261544e+00 1.236049671857888654e+01 3.131286818676542794e+00 -2.561324875659394706e+00 -1.433687571794455096e+01 6.050132949047636544e+00 -2.822044174975800956e+00 -1.564880173510957206e+00 6.240112502270292794e+00 5.888687331371855294e+00 1.599977894514138654e+01 3.775192458324980294e+00
2.643531996899199044e+00 5.800552565746855294e+00 -2.336150925464082206e+00 -1.646514694995332206e+00 3.100128371410917794e+00 1.059448439770292794e+00 -2.845733444995332206e+00 -1.252235215014863456e+00 1.684692580395292794e+00 5.786430556469511544e+00 -5.192596237964082206e+00 -8.685912888354707206e+00 -2.236381333178925956e+00 -7.537017624682832206e+00 -9.089771073169160331e+00 1.552314955883574044e+00 -3.968246262378144706e+00 6.127060134106230294e+00 1.377609450512480294e+00 -3.441871445483613456e+00 -7.036720078296113456e+00 2.028657981687302936e-01 2.725832053952927936e-01 5.618927199535917794e+00 8.812217909985136544e+00 5.079271385007615436e-01 -3.143791001147675956e+00 2.354721266918730294e+00 8.762733657055449044e+00 1.467149372785623029e+01 1.302857990949685529e+01 2.189903456860136544e+00 2.492462355785917794e+00 4.614402968578886544e+00 6.224106032543730294e+00 6.730560500317167794e+00 1.151361866682107404e+01 6.799682814770292794e+00 -8.643707077807832206e+00 -1.054912928850119158e+01 1.154858418195779279e+01 4.650358601301248029e+01 4.856610127180154279e+01 3.408002491682107404e+01 1.004048176496560529e+01 1.592575270824980294e+00 2.596618849926542794e+00 1.973915297680449044e+00 -6.402433326906447064e-01 2.000526625805449044e+00 2.221725661449980294e+00 -8.249412339038300956e+00 -1.133661631853048846e+01 -5.116561692065644706e+00 -1.316528122729707206e+00 -5.704025070971894706e+00 4.200912673168730294e+00 4.107849318676542794e+00 2.401550490551542794e+00 -1.046245936662619158e+01 -1.094655970842306658e+01 -6.991256516284394706e+00 -4.532691757983613456e+00 4.227241713696074044e+00 5.965042311840605294e+00 3.114982802563261544e+00 -1.219726364917207206e+00 2.757599074535917794e+00 -5.141395371264863456e+00 -6.536239426440644706e+00 -4.435294907397675956e+00 6.023103782468552936e-01 -1.847262934953634783e+01 -1.164029292375509783e+01 -3.254890244311738456e+00 -5.057769577807832206e+00 -7.880649369067597831e+00 -6.759031227297072064e-01 -8.461912086672072064e-01 3.612640578442167794e+00 1.277447529523904279e+01 6.078979689770292794e+00 -2.648160865968947064e-01 -5.349090378589082206e+00 -7.027538101977754081e+00 -2.878494065112519706e+00 -5.140441696948457206e+00 -5.789411476320509564e-01 1.051284987621855294e+00 5.334398338132615436e-01 9.332260329418730294e+00 -2.290984909839082206e+00 1.802490431957792794e+00 1.769897658520292794e+00 -4.866561692065644706e+00 -4.450263779467988456e+00 -5.774169724292207206e+00 -8.943107407397675956e+00 -6.133140366382050956e+00 -2.496183326906447064e-01 -3.329986374682832206e+00 4.154266555004667794e+00 7.069969374828886544e+00 1.490147419660623029e+01 1.263136311262185529e+01 2.907951552563261544e+00 -4.239776413745332206e+00 -3.786926071948457206e+00 1.278686721020292794e+00 -1.812072556323457206e+00 1.044876296215605294e+00 4.194748122387480294e+00 -1.929427903003144706e+00 6.465362746410917794e+00 6.322433669262480294e+00 4.719833571606230294e+00 3.205955702953886544e+00 5.117876121335740436e-01 3.709261009031052936e-01 4.980636794262480294e+00 4.892961570554490436e-01 5.468065330320115436e-01 -8.485431473559785331e+00 -2.993696144289259564e-01 1.070816059797341779e+01 -5.349418442553925956e+00 2.358772475414824044e+00 8.198333937817167794e+00 -2.248130600757050956e+00 4.468269545727324044e+00 1.268135268383574044e+00 3.888008315258574044e+00 -1.819923203296113456e+00 7.198280532055449044e+00 -6.767318528003144706e+00 -1.469497483081269706e+00 -3.367301743335175956e+00 6.665024001293730294e+00 1.219003315656716779e+01 3.157104689770292794e+00
2.152282912426542794e+00 -3.447814743823457206e+00 -1.139129441089082206e+00 -5.403472702807832206e+00 -1.627830307788300956e+00 4.454712111645292794e+00 1.165313918285917794e+00 -5.624580185717988456e+00 3.162681777172636544e+00 9.277092177563261544e+00 3.846382338696074044e+00 -8.840835373706269706e+00 -5.179710190600800956e+00 4.067581374340605294e+00 2.762634474926542794e+00 7.028352805906052936e-01 -5.681989601320509564e-01 1.256915302961404279e+01 2.519317824535917794e+00 2.353593894773240436e-01 -4.346687119311738456e+00 2.962906081371855294e+00 1.056045729809355294e+00 2.399643141918730294e+00 -3.713910988039259564e-01 -2.285888474292207206e+00 -8.714445045656447064e-01 3.606300551586699044e+00 5.177475173168730294e+00 1.406673451154763654e+01 1.325354786603982404e+01 6.984985549145292794e+00 -5.228650978273634564e-01 -9.355143815939470642e-02 1.705383498364042794e+00 1.587678977781052936e-01 5.212862083249802936e-01 2.869888503246855294e+00 8.508377272778105294e+00 1.763778706281716779e+01 7.539559956281716779e+01 1.034798280784421678e+02 1.087907564231687303e+02 7.805152912824685529e+01 1.992630024641091779e+01 4.617752272778105294e+00 -5.634765427417207206e+00 4.010635573559355294e+00 -3.026550095385957206e+00 6.010133811765427936e-01 9.653627464109177936e-01 -3.877914231128144706e+00 -5.751319687671113456e+00 -4.521911423510957206e+00 -3.970138352221894706e+00 -3.188186447925019706e+00 6.490480491452927936e-01 1.714454848461699044e+00 6.184082228832792794e+00 -1.054403666765158221e+01 -1.002325801164572283e+01 -2.225570481128144706e+00 1.917022902660917794e+00 -2.286964218921113456e+00 -2.222411911792207206e+00 3.289032180004667794e+00 1.253692824535917794e+00 -1.215011399096894706e+00 -6.667915146655488456e+00 -8.849651139087129081e+00 -2.776344101733613456e+00 4.566881248288865436e-01 3.203094680004667794e+00 5.769813735180449044e+00 -4.849433701342988456e+00 -4.217239182300019706e+00 -3.161468308276582206e+00 3.578643996410917794e+00 2.140365798168730294e+00 -1.620178025073457206e+00 -2.636695664233613456e+00 -6.324294846362519706e+00 3.650514671140427936e-01 1.020764942853982404e+01 1.284178181379373029e+01 7.805221755199980294e+00 3.852752883129667794e+00 -2.438384812182832206e+00 9.517463881664824044e+00 1.973458119123513654e+01 8.498443801098417794e+00 -1.143882731706564471e+01 -3.424072068042207206e+00 -4.057716172046113456e+00 2.976349074535917794e+00 -3.729507248706269706e+00 4.117897231274199044e+00 -2.886207382983613456e+00 1.729377944164824044e+00 1.344894606762480294e+00 -3.126600197023634564e-01 3.202751357250761544e+00 1.907531935864042794e+00 -5.578765671557832206e+00 6.464920241528105294e+00 4.348037917309355294e+00 2.050041396313261544e+00 6.466118056469511544e+00 1.856844016843552936e-01 -7.238643448657441581e+00 1.207405287914824044e+00 4.922182151609177936e-01 2.267074782543730294e+00 6.571685988598417794e+00 -7.392100603048845642e-02 8.135683128171677936e-01 3.922348220043730294e+00 -2.294853012866425956e+00 3.492080886059355294e+00 1.158827229230935529e+01 -3.981948654956269706e+00 -5.201515000171113456e+00 4.248811790281052936e-01 9.516908714109177936e-01 -8.371885231203322064e-01 -4.838416855639863456e+00 -5.491386215991425956e+00 -6.319183152026582206e+00 -2.395110886401582206e+00 -2.214874069995332206e+00 5.143966872387480294e+00 7.208267409496855294e+00 6.932502944164824044e+00 5.351333815746855294e+00 7.721458632641386544e+00 5.266716201000761544e+00 6.235847670727324044e+00 1.005636616437966779e+01 6.801071364574980294e+00 6.229057509594511544e+00
4.021774489574980294e+00 -3.974044602221894706e+00 1.203003127270292794e+00 -3.498573105639863456e+00 -7.551666062182832206e+00 2.661125380688261544e+00 -5.413352768725800956e+00 2.777198989086699044e+00 5.324806410961699044e+00 9.115059096508574044e+00 1.043565388410623029e+01 -2.911742966479707206e+00 -3.972465317553925956e+00 3.340110976391386544e+00 1.417051716535623029e+01 1.880241591625761544e+00 1.781212050610136544e+00 1.165959187238748029e+01 3.160904128246855294e+00 -4.019315651125197064e-01 -3.388839524096894706e+00 4.888710219555449044e+00 -5.567930153078322064e-01 8.824464866452927936e-01 -6.961753647632050956e+00 -2.507461350268769706e+00 -9.144590309328322064e-01 -7.387634079760957206e+00 3.002626487546677936e-01 -4.757535865968947064e-01 -7.604804795092988456e+00 2.221039015942167794e+00 8.102989394360136544e+00 1.161807270734841779e+01 -1.110358994311738456e+00 4.704513747387480294e+00 -1.284042160815644706e+00 -2.442184250659394706e+00 1.575662251203591779e+01 4.057832356184060529e+01 9.770120259016091779e+01 1.393844148704343411e+02 1.352260286399655911e+02 7.901264973371560529e+01 2.137838764875466779e+01 -7.840549271411347831e+00 1.094697590559060529e+01 9.892578322582792794e+00 1.242411823957498029e+01 -1.575391700929884564e-01 4.672090598874802936e-01 -4.539237778491425956e+00 5.053878981762480294e+00 -4.947448532885957206e+00 -3.080550949878144706e+00 4.065796096020292794e+00 -3.086288254565644706e+00 -2.072509568042207206e+00 -3.169471543139863456e+00 -1.263330058366720721e+01 -9.750007431811738456e+00 -3.929778855151582206e+00 7.075960227781052936e-01 2.903915602856230294e+00 -3.857801368898634564e-01 1.133522231274199044e+00 1.466034133129667794e+00 1.237701613598417794e+00 -6.877592018312697064e-01 -5.670585434741425956e+00 -6.692382614917207206e+00 -2.736343186206269706e+00 -2.216319353048845642e-02 -2.677228859133009564e-01 3.361824233227324044e+00 -2.186065476245332206e+00 -1.818893235034394706e+00 -7.972797196216035331e+00 -6.012113502687697064e-01 3.473892409496855294e+00 1.064819355695779279e+01 1.955162245922636544e+00 -8.113544266528535331e+00 5.132156569653105294e+00 9.008590895824980294e+00 3.795700270824980294e+00 3.300567824535917794e+00 2.942825514965605294e+00 3.956726271801542794e+00 2.612632949047636544e+00 -5.176513474292207206e+00 -7.072173874682832206e+00 2.468582350903105294e+00 -5.167037766284394706e+00 -2.655731003589082206e+00 -6.850089829272675956e+00 -1.024702003664259564e-01 3.305153090649199044e+00 4.226280409985136544e+00 -2.325132301515822064e-01 -5.902374069995332206e+00 6.786729881101365436e-01 -4.703367164797072064e-01 -8.318919937915254081e+00 5.495979506664824044e+00 1.454239089184355294e+00 7.039474684887480294e+00 5.656440932446074044e+00 3.161470481687302936e-01 -7.963416855639863456e+00 -2.594352524585175956e+00 3.686363417797636544e+00 6.914344985180449044e+00 6.806991774731230294e+00 8.369377333813261544e+00 1.214791889875466779e+01 4.237236220532011544e+00 -3.031112473315644706e+00 3.839264113598417794e+00 5.026558119946074044e+00 3.173416335278105294e+00 7.104263503246855294e+00 -6.439941208667207206e+00 -5.608993332690644706e+00 -1.191404274172072064e-01 2.476989943676542794e+00 -3.429626267260957206e+00 -1.791303566164259564e-01 3.338180739574980294e+00 3.783188063793730294e+00 -2.821960251635957206e+00 2.262932021313261544e+00 -7.193372657961134564e-01 4.105644423657011544e+00 6.351349074535917794e+00 3.069610793285917794e+00 2.202700062482888654e+01 2.309571858137185529e+01 1.029502125471169904e+01 7.810356337719511544e+00
8.967445571117949044e+00 3.408355910473417794e+00 -2.979400437182832206e+00 1.570149152810529358e-02 6.199012953930449044e+00 1.138789387434060529e+01 -1.949310105151582206e+00 1.794817039304490436e-01 -7.428764145678925956e+00 6.074508864574980294e+00 8.528923232250761544e+00 -9.330993454760957206e+00 -3.767921250171113456e+00 -5.659545700854707206e+00 -4.656064918703322064e-01 1.652910301023240436e-01 7.257705886059355294e+00 7.790100295239042794e+00 4.490928847485136544e+00 -5.550163071460175956e+00 -3.562866013354707206e+00 7.724609572582792794e+00 -8.022628586596894706e+00 2.196922499828886544e+00 5.199211318188261544e+00 9.640810081296677936e-01 -1.634628098315644706e+00 -2.101669113940644706e+00 -4.583457749194550956e+00 2.729858596020292794e+00 2.816528517895292794e+00 -7.173307350343947064e-01 6.650367934399199044e+00 3.833831984692167794e+00 1.329895217114042794e+00 -9.124660294360566581e+00 -3.067748825854707206e+00 -4.045760910815644706e+00 -3.512595932788300956e+00 4.139547749250466779e+01 6.247834797590310529e+01 5.785942097394998029e+01 5.562411518781716779e+01 3.636398335187966779e+01 4.468094069653105294e+00 6.468278953366990436e-01 7.033821303539824044e+00 4.747101027660917794e+00 -1.162757675952363456e+00 -1.041389267749238456e+00 5.186378676586699044e+00 7.892471511059355294e+00 5.044693190746855294e+00 4.017303664379667794e+00 -5.527457993335175956e+00 -6.522155564135957206e+00 -1.143703440935080096e+01 -5.810844223803925956e+00 -6.154960434741425956e+00 -1.224505976945822283e+01 -1.523747233659689471e+01 -1.162543467790548846e+01 4.356689650707792794e+00 1.047473164289529279e+01 2.627090651684355294e+00 4.126526076489042794e+00 4.062065322094511544e+00 -4.366126816577363456e+00 3.437196800046677936e-01 -1.048108271867697283e+01 -1.210681895524923846e+01 1.486007888012480294e+00 1.309677321606230294e+00 -5.897086899585175956e+00 -3.318206589526582206e+00 4.939239699535917794e+00 -3.510673325366425956e+00 -1.025743846208517596e+01 -1.141433518237519706e+00 -3.246215622729707206e+00 -5.146156113452363456e+00 -2.080734055346894706e+00 1.609733779125761544e+00 -5.259971421069550956e+00 6.113319594555449044e+00 7.505630690746855294e+00 4.878891188793730294e+00 -6.438682358569550956e+00 1.029359885984177936e-01 8.532638747387480294e+00 1.410042006664824044e+00 -7.031158249682832206e+00 -5.204391281909394706e+00 -4.647949021167207206e+00 -2.256461899585175956e+00 9.611284324460740436e-01 1.700081069164824044e+00 4.768051345043730294e+00 8.520523268871855294e+00 5.065239150219511544e+00 -2.992933204836134564e-01 -8.702543190187697064e-01 -1.315467636889863456e+00 8.689577171140427936e-01 -2.152961533374238456e+00 -2.399970810717988456e+00 4.432876784496855294e+00 1.299232680492949044e+00 2.989364821606230294e+00 -5.920516770190644706e+00 -9.413373878664259564e-01 -1.069534104175019706e+00 -1.456413071460175956e+00 2.385223586254667794e+00 4.300018508129667794e+00 1.375930805891091779e+01 8.930099684887480294e+00 5.217209059887480294e+00 6.688972670727324044e+00 1.737121779614042794e+00 -1.152770798510957206e+00 2.876131126218552936e-01 3.748024184399199044e+00 2.428489882641386544e+00 -4.991758278078322064e-01 4.783775527172636544e+00 -2.779678147143769706e+00 -6.751342575854707206e+00 2.007477004223417794e+00 -4.246137550539259564e-01 -2.583144944018769706e+00 -2.548469345874238456e+00 -2.722167771167207206e+00 -5.199201515383009564e-01 8.742210585766386544e+00 1.584549732893044904e+01 2.302128620832498029e+01 3.697772999494607404e+01 1.304496021955544904e+01 1.263716145246560529e+01
1.092485829084451154e+01 1.396271534650857404e+01 8.990936476879667794e+00 1.412124831371855294e+00 5.898605544262480294e+00 3.520385939770292794e+00 -1.049004344255392596e+01 -1.067466538257050956e+00 1.387909133129667794e+00 6.219398696117949044e+00 8.256447035961699044e+00 -1.076527385026876971e+01 2.797035414867949044e+00 -6.417081764406447064e-01 -8.704185288257050956e+00 -7.498687546557832206e+00 4.447937209301542794e+00 9.824661452465605294e+00 5.448135573559355294e+00 -7.654712479419160331e+00 -8.803706925219941581e+00 -2.288798601095720642e-02 -4.639585426515822064e-01 -2.632568161792207206e+00 -5.643539231128144706e+00 -4.329374244875197064e-01 -2.016853134936738456e+00 -5.653457444018769706e+00 -1.372516612321798846e+01 -4.269660752124238456e+00 5.026222426586699044e+00 1.721794326000761544e+00 3.722307273679490436e-01 -3.321647446460175956e+00 -2.810439865893769706e+00 8.960006911449980294e+00 5.504867751293730294e+00 2.333511550121855294e+00 9.849563796215605294e+00 1.046679707258279279e+01 2.174492665021951154e+01 2.060523243635232404e+01 1.374115009992654279e+01 1.033491535871560529e+01 -3.911130836672072064e-01 -2.301176002687697064e-01 3.489212233715605294e+00 -9.705005448169160331e+00 -2.043006699389863456e+00 1.177780348949980294e+00 -3.530303757495332206e+00 7.551475722485136544e+00 8.289184767895292794e+00 6.362884719067167794e+00 -6.273193161792207206e+00 -9.014922898120332206e+00 -1.305656794816916033e+01 -1.258186142749238456e+00 6.147690016918730294e+00 2.680381972485136544e+00 -6.061378281421113456e+00 -4.844245713061738456e+00 8.801765639477324044e+00 1.413450642316873029e+01 4.417068679028105294e+00 1.033394057446074044e+00 7.376098830395292794e+00 -7.807157448000197064e-01 -5.514205735034394706e+00 -8.001693528003144706e+00 -2.818160813159394706e+00 6.222068984203886544e+00 3.249742576413865436e-01 -4.709823410815644706e+00 4.205032546215605294e+00 1.426641102521951154e+01 4.425415236645292794e+00 -5.802610328859572064e-01 1.627411086254667794e+00 4.324081618481230294e+00 2.001802512937302936e-01 5.896530348949980294e+00 5.769424636059355294e+00 -2.102988999194550956e+00 -2.074218552417207206e+00 -5.058318894214082206e+00 3.822481223874802936e-01 -1.289291184253144706e+00 2.389061171703886544e+00 1.016482563703591779e+01 8.290634352856230294e+00 -2.363311569995332206e+00 -6.598968308276582206e+00 -2.687757423586134564e-01 -4.734418800539259564e-01 -1.100608628100800956e+00 1.220960255353982404e+01 2.732383925610136544e+00 2.574234206371855294e+00 -9.762266090578322064e-01 -1.501891892260957206e+00 -6.084739487475800956e+00 -1.235832016772675956e+00 -3.088653366870332206e+00 1.123733718090605294e+00 -1.116416733569550956e+00 1.127403456860136544e+00 8.371307570629667794e+00 5.526901442699980294e+00 3.947776992016386544e+00 -2.091872971362519706e+00 -4.362769882983613456e+00 6.523439475827927936e-01 5.904808242016386544e+00 3.907997328930449044e+00 5.653572280102324044e+00 4.670479018383574044e+00 5.498100478344511544e+00 4.012039382153105294e+00 5.098472792797636544e+00 2.456932265453886544e+00 2.158592421703886544e+00 2.027687270336699044e+00 3.317680556469511544e+00 7.626808364086699044e+00 8.790558058910917794e+00 6.604294020824980294e+00 -5.961166184253144706e+00 2.445999343090605294e+00 -3.471984665698457206e+00 -2.958839218921113456e+00 -4.013610642260957206e+00 -2.247993271655488456e+00 3.691391188793730294e+00 1.117549153059060529e+01 2.123455830305154279e+01 2.152159901350076154e+01 3.021759815900857404e+01 1.555540486066873029e+01 9.351638991528105294e+00
1.350981159894998029e+01 1.097705097883279279e+01 4.816276747875761544e+00 7.979088027172636544e+00 4.693224021726365436e-01 1.476345082014138654e+01 1.801056105785917794e+00 2.218124587231230294e+00 -4.223800461596894706e+00 -7.519988816089082206e+00 -1.046362284929220721e+01 -9.017913620776582206e+00 4.763595778637480294e+00 -3.433906357592988456e+00 -6.679588120288300956e+00 -1.043418686694550956e+00 1.915489394360136544e+00 5.792564589672636544e+00 -1.887565415210175956e+00 1.980751235180449044e+00 -8.897662918872285331e+00 -1.283001689226095721e+01 8.381502219968552936e-01 7.733368117504667794e+00 -5.267158310717988456e+00 -7.969943802661347831e+00 -1.877395432300019706e+00 7.908035475903105294e+00 1.408439833813261544e+00 3.714500624828886544e+00 8.265312392407011544e+00 -1.264816086596894706e+00 -5.886642258471894706e+00 -6.394805710620332206e+00 -2.598113816089082206e+00 1.067871291332792794e+00 -7.042320053882050956e+00 3.125702101879667794e+00 1.170800801008279279e+01 1.433955403059060529e+01 8.429420668774199044e+00 -5.579566757983613456e+00 -3.901389878100800956e+00 1.115843220441873029e+01 9.028320510082792794e+00 7.197496482663865436e-01 8.714431960278105294e+00 2.363762099438261544e+00 4.451805312328886544e+00 6.752016135984177936e-01 -6.709287574953322064e-01 -5.081556251711134564e-01 2.307861525707792794e+00 -4.427421372241425956e+00 -5.741531174487519706e+00 1.008133132153105294e+00 -9.094312599367384564e-01 2.997802931957792794e+00 6.445648390942167794e+00 4.798324782543730294e+00 5.491668898754667794e+00 2.269874770336699044e+00 -3.582382004565644706e+00 -1.196159165210175956e+00 4.621544081860136544e+00 2.035911757641386544e+00 -2.446479599780488456e+00 -3.821121018237519706e+00 -1.391410630053925956e+00 2.359169203930449044e+00 -4.724517624682832206e+00 5.615852553539824044e+00 5.450622756176542794e+00 1.653122145824980294e+00 8.673744399242949044e+00 1.792079945295388654e+01 1.966207905500466779e+01 9.020248610668730294e+00 2.381500441723417794e+00 4.246109206371855294e+00 -8.748395851320509564e-01 -5.724256447023634564e-01 -5.831397812671113456e+00 -1.381133835620332206e+00 -4.993697922534394706e+00 -2.021240036792207206e+00 -6.808164528078322064e-01 5.317461082273240436e-01 1.700370986157011544e+00 -3.931892197436738456e+00 -5.564567368335175956e+00 -1.166709702319550956e+00 -3.513534348315644706e+00 7.787935325437302936e-01 6.556610305004667794e+00 4.938797194653105294e+00 9.182342726879667794e+00 4.386827537351365436e-01 8.764991957836699044e+00 1.510345656567167794e+00 4.095079490476365436e-01 -2.663039963550019706e+00 -3.375068466967988456e+00 -5.681525986499238456e+00 1.606125075512480294e+00 -5.965421608156447064e-01 2.217071730785917794e+00 9.840080458813261544e+00 4.450439650707792794e+00 3.211433608227324044e+00 1.991714675121855294e+00 -2.921140602297072064e-01 7.683412620359177936e-01 4.053497512035917794e+00 6.279487807446074044e+00 -1.633315842456269706e+00 6.298660475903105294e+00 -7.049405983156447064e-01 2.895050246410917794e+00 7.175523826413865436e-01 4.787239272289824044e+00 -2.982017319507050956e+00 1.726852614574980294e+00 -1.971128395265822064e-01 5.348884780102324044e+00 -4.228622238940644706e+00 8.943483421140427936e-01 4.806877333813261544e+00 5.448684889965605294e+00 1.028495986157011544e+00 -5.467605393237519706e+00 6.087608534985136544e+00 -1.046317856616425956e+00 -7.041248123950410331e+00 1.003918476789529279e+01 1.090339680402810529e+01 1.255175038068826154e+01 1.034713764875466779e+01 7.160812575512480294e+00 1.091024800031716779e+01
-8.201869767016816581e+00 3.897201735668730294e+00 -1.353095988542501971e+01 1.224777241437966779e+01 2.318193504148240436e-01 2.136536427228982404e+01 1.887483998029763654e+01 -1.137914637834494158e+01 -1.113172892839376971e+01 -4.330383103198457206e+00 -1.048595408708517596e+01 5.548530776196074044e+00 6.729026992016386544e+00 -2.780225685304884564e-01 5.455436904125761544e+00 7.512056419187302936e-01 2.739296157055449044e+00 6.677932936840605294e+00 -3.085265915698457206e+00 1.051623554914529279e+01 -6.613233497804884564e-01 1.601455886059355294e+00 3.907783705883574044e+00 -8.959193985766816581e+00 -7.008125107592988456e+00 4.592640705793435529e+01 1.905470430442624661e+02 1.347779865949685529e+01 2.486793715649199044e+00 1.630322285383279279e+01 2.814561912351365436e-01 -1.039516810686056658e+01 -9.266368668384004081e+00 -5.605354111499238456e+00 -3.100013535327363456e+00 3.330505568676542794e+00 -9.863101761645722831e+00 -2.977966111010957206e+00 -4.581138413257050956e+00 1.548774916821074044e+00 -8.675153663820509564e-01 -2.023923805422072064e-01 -8.031318466967988456e+00 5.892265517407011544e+00 -9.360980789966035331e+00 2.633346755199980294e+00 -3.019393723315644706e+00 -1.863021653003144706e+00 -1.810493271655488456e+00 -2.302854469484572064e-01 3.332634169750761544e+00 -7.395170143312697064e-01 -1.548126023120332206e+00 -2.562469284839082206e+00 -6.997123520678925956e+00 2.716240126782011544e+00 6.154731948071074044e+00 -5.178153794116425956e+00 2.346145827465605294e+00 2.734878737621855294e+00 -1.853530686206269706e+00 -4.801818650073457206e+00 -3.593871872729707206e+00 -7.632842819995332206e+00 -1.772208969897675956e+00 -4.196927955812697064e-01 8.282455641918730294e+00 1.461032887189919904e+01 -1.230361740893769706e+00 -9.845447342700410331e+00 1.787994582348417794e+00 4.600799758129667794e+00 3.532259055906052936e-01 -8.196628372973847831e+00 -3.370551865405488456e+00 6.685106345945115436e-01 3.985046584301542794e+00 -5.338920395678925956e+00 -7.531814377612519706e+00 -3.873016159839082206e+00 4.488907057934355294e+00 -9.595945289797072064e-01 -1.897123268312697064e-01 -2.725692551440644706e+00 -6.825301926440644706e+00 -6.349609177417207206e+00 -1.603660385913300956e+00 -1.422653000659394706e+00 2.875503737621855294e+00 -5.975974839038300956e+00 -4.837386887378144706e+00 -4.359840195483613456e+00 -1.262413768083517596e+01 -2.725021164721894706e+00 3.429901320629667794e+00 nan 1.100700576000761544e+00 4.784309584789824044e+00 3.282417494946074044e+00 -1.772895615405488456e+00 6.319313246899199044e+00 4.188331801586699044e+00 1.045686790281052936e-01 -1.354820053882050956e+00 -1.566428940600800956e+00 2.718872267895292794e+00 5.970689842038865436e-01 8.841415602856230294e+00 8.182075698071074044e+00 5.685051161938261544e+00 3.093506056957792794e+00 2.912922590310529358e-02 5.696190077953886544e+00 1.789444167309355294e+00 -3.490310471362519706e+00 2.128792006664824044e+00 1.142893238752419904e+01 -5.077209275073457206e+00 1.953239638500761544e+00 -1.566100876635957206e+00 2.597435195141386544e+00 6.151779372387480294e+00 5.286224562817167794e+00 5.793167311840605294e+00 1.363908836179490436e-01 4.488548476391386544e+00 -5.377471726245332206e+00 2.719041892820115436e-01 5.761337477856230294e+00 5.429527480297636544e+00 -2.862165382570509564e-01 1.009674269848417794e+00 6.432510573559355294e+00 8.852142531567167794e+00 -4.544486801928925956e+00 2.527786452465605294e+00 6.526085097485136544e+00 2.833145339184355294e+00 8.661224562817167794e+00 1.166728993146951154e+01
-1.114543132097189471e+01 3.349861342602324044e+00 6.535293776684355294e+00 -1.325939158708517596e+01 -5.391280930346894706e+00 1.268285389631326154e+01 3.120132643871855294e+00 -1.082763474292207206e+00 -1.183744410783712908e+01 -3.229301255053925956e+00 -1.025650386125509783e+01 4.806367942624802936e-01 -9.773328712648634564e-01 -1.971130173510957206e+00 4.614784438305449044e+00 7.858772475414824044e+00 1.389175612621855294e+00 3.329612929516386544e+00 4.123707502419904358e-02 3.109207350903105294e+00 -1.855544846362519706e+00 1.686180312328886544e+00 -8.644943039721894706e+00 1.946228224926542794e+00 2.241668898754667794e+00 1.309051533430154279e+01 6.499116535871560529e+01 -1.532180588550019706e+00 -5.580976417726759564e-01 3.932106215649199044e+00 -2.217933457202363456e+00 -9.223365586108613456e+00 6.317817885571074044e+00 -1.328193466967988456e+00 1.843055922680449044e+00 -9.967801979250197064e-01 -1.512612895280783221e+01 -1.024237422258322283e+01 -5.861739914721894706e+00 -9.307605545825410331e+00 3.242592055492949044e+00 -8.456397812671113456e+00 5.725357253246855294e+00 7.459198195629667794e+00 1.201998921125466779e+01 3.576858718090605294e+00 -1.476945094377462908e+01 -1.084535960466330096e+01 -3.083846848315644706e+00 1.081793232648904279e+01 4.273582656078886544e+00 4.351242263012480294e+00 -2.048820298022675956e+00 -3.902404587573457206e+00 -3.141219895190644706e+00 -5.522514145678925956e+00 -1.923139503664259564e-01 -9.172361305422072064e-01 9.617921897702927936e-01 -2.920249741382050956e+00 5.467514235668730294e+00 -5.605193894214082206e+00 -1.432578842944550956e+00 5.026298720532011544e+00 -5.783981125659394706e+00 -6.342010300464082206e+00 4.495681960278105294e+00 5.599746901684355294e+00 2.295457908445115436e-01 -6.536376755542207206e+00 -2.430969040698457206e+00 3.115265090160917794e+00 4.970459181957792794e+00 3.966217238598417794e+00 5.817199904614042794e+00 4.551727492504667794e+00 1.244705397778105294e+00 8.132835585766386544e+00 -7.461528093283220642e-02 5.151451308422636544e+00 -3.097022812671113456e+00 -1.878202369875197064e-01 3.039857932859177936e-01 -4.172208717531447064e-01 -1.257169655031447064e-01 1.076188679426248029e+01 2.489578444653105294e+00 -2.960494797534394706e+00 4.227310378246855294e+00 1.468887526684355294e+00 -2.717963974780488456e+00 -3.192962448901582206e+00 -1.400128154069845721e+01 -3.489433090991425956e+00 2.483055312328886544e+00 2.298935134106230294e+00 3.314363548093552936e-01 9.193847853832792794e+00 -5.278144638842988456e+00 -4.570844581789259564e-01 -1.253202369875197064e-01 1.462944228344511544e+00 -2.154449265307832206e+00 3.523788649731230294e+00 6.797935683422636544e+00 -1.296308448976759564e-01 3.527466017895292794e+00 6.871696669750761544e+00 3.515678603344511544e+00 7.562275617654279358e-02 -3.282239845461134564e-01 6.948608596020292794e+00 1.139070579343552936e-01 -2.094039719409394706e+00 4.298286635571074044e+00 2.655189711742949044e+00 -3.087867539233613456e+00 -1.531402390307832206e+00 -2.524717262453322064e-01 1.199485976391386544e+00 1.177124221020292794e+00 -2.804328720874238456e+00 -4.553965837423845642e-02 3.063629347973417794e+00 4.624275405102324044e+00 5.598770339184355294e+00 -1.473281662768769706e+00 1.530487258129667794e+00 1.859840590649199044e+00 1.293785292797636544e+00 2.750251967602324044e+00 -7.348636429614472831e+00 -6.182044785327363456e+00 -6.660993507570509564e-01 -3.482063095874238456e+00 3.743019301586699044e+00 1.980087477856230294e+00 -1.416442673510957206e+00 7.727783400707792794e+00 7.491363722973417794e+00
-1.040336207658712908e+01 -3.972686569995332206e+00 3.387054640942167794e+00 -5.415107529467988456e+00 -7.293433945483613456e+00 7.556534011059355294e+00 -4.231155197925019706e+00 6.888389784985136544e+00 -5.630096237964082206e+00 7.059265334301542794e+00 -1.681235484392111346e+01 -2.872001450366425956e+00 -5.541972429220720642e-02 -1.307563584155488456e+00 -5.488532822436738456e+00 1.262141438215310529e+01 1.462883193188261544e+00 -2.293670456714082206e+00 1.164138991528105294e+00 4.435493666821074044e+00 7.652343947582792794e+00 5.790260512524199044e+00 -8.685321610278535331e+00 1.354019184797341779e+01 -6.709861557788300956e+00 -9.889636795825410331e+00 -9.965724747485566581e+00 -3.946586411303925956e+00 1.047505970686013654e+01 6.832580763989042794e+00 4.888191420727324044e+00 2.599159438305449044e+00 -7.269607346362519706e+00 8.690803725414824044e+00 8.645065505199980294e+00 5.442627150707792794e+00 -1.337049083024923846e+01 -4.220405381030488456e+00 -7.617032936281447064e-01 4.305778701000761544e+00 -7.391279152101759564e-01 1.110516377180154279e+01 4.863922316723417794e+00 4.520660597973417794e+00 2.460479933910917794e+00 5.140007216625761544e+00 -5.484710495776582206e+00 4.576568801098417794e+00 3.952949721508574044e+00 7.544143874340605294e+00 -2.533523361987519706e+00 -6.465240280932832206e+00 -1.172958176440644706e+00 -5.820647995776582206e+00 -6.032516281909394706e+00 -1.965896408862519706e+00 -1.282804420656447064e-01 1.026443679028105294e+00 -5.469161789721894706e+00 -3.495544236010957206e+00 5.741798598461699044e+00 -7.439178269214082206e+00 -2.664352219409394706e+00 5.408348281078886544e+00 -3.976737778491425956e+00 -4.530944626635957206e+00 -4.588424485034394706e+00 -3.853278916186738456e+00 -5.579849045581269706e+00 -1.011479548723166033e+01 -5.258994858569550956e+00 1.425041396313261544e+00 -4.835716049975800956e+00 -3.986480515307832206e+00 6.690109450512480294e+00 -1.949882309741425956e+00 -9.392291825122285331e+00 -1.657785395891134783e+01 5.123733718090605294e+00 -3.166404526538300956e+00 -3.436927597827363456e+00 -4.944007675952363456e+00 1.594635207348417794e+00 1.301315505199980294e+00 -4.369048874682832206e+00 9.014131614499802936e-01 2.932182509594511544e+00 -3.214736740893769706e+00 5.100601393871855294e+00 1.191337605207498029e+01 1.205842610090310529e+01 1.621896382062966779e+01 2.795547682934355294e+00 2.893310744457792794e+00 -3.460883896655488456e+00 1.406028945141386544e+00 -1.381605079836134564e-01 -3.582504074878144706e+00 6.410263259106230294e+00 5.640609938793730294e+00 1.128448683910917794e+00 -1.823821823901582206e+00 -1.090690415210175956e+00 7.029152114086699044e+00 2.627021987133574044e+00 -2.902297776050019706e+00 -1.832847397632050956e+00 -4.895093849367384564e-01 5.356628615551542794e+00 4.479995925121855294e+00 1.371795851879667794e+00 5.208923537426542794e+00 6.451112815671677936e-01 3.759346205883574044e+00 9.074325759106230294e+00 1.154156513898904279e+01 6.885597426586699044e+00 7.966636855297636544e+00 6.024170119457792794e+00 -2.764838974780488456e+00 -3.978164475268769706e+00 7.583633620434355294e+00 9.492418357663865436e-01 -1.259742539233613456e+00 -1.813140671557832206e+00 1.096742268293435529e+01 9.872329909496855294e+00 4.782150466137480294e+00 1.078682143383574044e+00 2.944557387524199044e+00 1.476097304516386544e+00 5.222236830883574044e+00 1.093711109846169904e+01 4.081505019360136544e+00 4.129150588207792794e+00 -2.305190842456269706e+00 1.439300734692167794e+00 9.602050978832792794e+00 9.636123854809355294e+00 7.448883254223417794e+00
-9.321742813891816581e+00 1.526638813703591779e+01 -8.232143204516816581e+00 -3.345893662280488456e+00 -8.597617905444550956e+00 3.202102858715605294e+00 7.432357985668730294e+00 4.475311476879667794e+00 -3.972755234546113456e+00 1.491426869123513654e+01 -4.895103257007050956e+00 7.401657302074980294e+00 1.097110768049294904e+01 1.420351429670388654e+01 4.647829124265427936e-01 5.587082106762480294e+00 -1.076682846850800956e+00 4.094711501293730294e+00 -9.577634742922072064e-01 8.734535414867949044e+00 1.065471668928201154e+01 1.341652114086699044e+00 -8.496778419679884564e-01 -4.163589279956269706e+00 -3.148475449389863456e+00 -6.857755592531447064e-01 4.066124159985136544e+00 -2.685544899172072064e-01 -3.490188401050019706e+00 1.659378249340605294e+00 1.229660231762480294e+00 1.314768238752419904e+01 1.463314839094216779e+01 9.232910353832792794e+00 5.706848342114042794e+00 5.582885939770292794e+00 -9.501884262866425956e+00 7.364738661938261544e+00 -3.188514511889863456e+00 5.093521315746855294e+00 -1.551893165773634564e-01 1.213951130598123029e+01 -5.437843125171113456e+00 -9.482776444262910331e+00 -1.817031662768769706e+00 3.183716017895292794e+00 -3.250043800539259564e-01 4.836265761547636544e+00 1.150070388012480294e+00 -4.800506394214082206e+00 4.265960890942167794e+00 -2.517850807375197064e-01 6.608736106687302936e-01 -1.834075730151582206e+00 -4.322494309253144706e+00 9.785310813718552936e-01 3.069946486645292794e+00 4.561691481762480294e+00 1.446060378246855294e+00 -3.874280861086134564e-01 2.554580886059355294e+00 -6.352165024585175956e+00 -8.365966599292207206e+00 1.275161940746855294e+00 4.012504775219511544e+00 -2.521835129565644706e+00 -1.287916114992384564e-01 -1.954513352221894706e+00 -2.637016098803925956e+00 -6.600883286303925956e+00 -6.665672104663300956e+00 4.123842307859177936e-01 8.172943312817167794e+00 -8.853019516772675956e+00 -1.371107081682150408e+01 -1.857755592531447064e-01 6.179962355785917794e+00 -1.872283737964082206e+00 -2.442016403979707206e+00 7.060547072582792794e+00 -4.352493088550019706e+00 4.653169700437302936e-01 -1.855773728198457206e+00 -9.567411354250197064e-01 -7.741672318286347831e+00 6.098411757641386544e+00 5.523475844555449044e+00 -6.255447190112519706e+00 -5.601722519702363456e+00 1.048056812971169904e+01 9.236099440746855294e+00 1.959709365063261544e+00 8.984939772778105294e+00 3.394836623364042794e+00 -3.833190720385957206e+00 -3.485503952807832206e+00 -4.921752732104707206e+00 -2.150581162280488456e+00 -5.168540757007050956e+00 -3.809791367358613456e+00 -2.013377458517595642e-02 -1.030705241472189471e+01 -7.625293534106660331e+00 1.057075698071074044e+00 4.165390212231230294e+00 1.897720534496855294e+00 1.343025405102324044e+00 1.572471816235136544e+00 5.652176100903105294e+00 2.491256911449980294e+00 5.448318679028105294e+00 2.977600295239042794e+00 5.027092177563261544e+00 1.156791884594511544e+00 -2.327369492358613456e+00 5.743179518871855294e+00 -6.105039528078322064e-01 7.416801650219511544e+00 5.082199294262480294e+00 3.640739638500761544e+00 -2.891250412768769706e+00 -3.504173081225800956e+00 9.659401137524199044e+00 -5.506894996828322064e-01 -1.087211411303925956e+00 3.066408225827927936e-01 -2.473678391284394706e+00 7.792091567211699044e+00 6.020408827953886544e+00 3.127319533520292794e+00 5.113517958813261544e+00 3.349586684399199044e+00 6.340011794262480294e+00 1.026671620100076154e+01 9.397911269360136544e+00 2.332962233715605294e+00 5.771736342602324044e+00 1.071019001691873029e+01 6.050071913891386544e+00 2.426002700024199044e+00
-5.808769028491425956e+00 8.858864028149199044e+00 -4.795226853198457206e+00 -9.629176895923066581e+00 -2.443183701342988456e+00 6.704818923168730294e+00 -1.955291550464082206e+00 4.620422560864042794e+00 2.923004347973417794e+00 1.572723586254667794e+00 1.266915913312966779e+01 1.397470875471169904e+01 8.192970473461699044e+00 9.510902602367949044e+00 5.697807509594511544e+00 7.260177809887480294e+00 1.223236281567167794e+00 5.751854140453886544e+00 2.256691176586699044e+00 1.315956313305449044e+00 9.742645461254667794e+00 5.510818679028105294e+00 -1.007957260913300956e+00 -1.443140391618673846e+01 -2.463622849292207206e+00 -3.137580673999238456e+00 6.927177626782011544e+00 4.674019057446074044e+00 -5.117414406008009564e-01 3.612091262035917794e+00 -2.658248703784394706e+00 2.890705891340310529e+01 6.305298049145292794e+00 5.978080947094511544e+00 -3.770446579760957206e+00 8.051193434887480294e+00 -3.013282578296113456e+00 9.513931471996855294e+00 6.245758254223417794e+00 1.862722798078591779e+01 -1.891324928468947064e-01 1.215650959699685529e+01 3.723526198559355294e+00 7.795412132077927936e-01 2.134659011059355294e+00 1.796890456371855294e+00 -4.464065354175019706e+00 3.275695998364042794e+00 2.913437087231230294e+00 1.343734938793730294e+00 1.160576064282011544e+00 1.062042433910917794e+00 -9.544650833911347831e+00 -5.091934006518769706e+00 -3.488586228198457206e+00 -3.649119646017595642e-02 -8.866956642336134564e-01 4.149528701000761544e+00 4.676605422192167794e+00 1.312597676008279279e+01 -4.051452439135957206e+00 7.542345115476365436e-01 -9.064925949878144706e+00 1.489875991039824044e+00 5.193771559887480294e+00 3.217926222973417794e+00 5.444643089109177936e-01 1.152193137937302936e-01 -5.931739609546113456e+00 -1.107718257219259783e+01 -1.196189682788300956e+00 4.673240859203886544e+00 -1.717551987475800956e+00 1.778480727367949044e+00 4.436571189695115436e-01 -3.390043190187697064e-01 8.121658522778105294e+00 -1.834585551530783221e+01 2.675827223949980294e+00 2.458336074047636544e+00 1.959732253246855294e+00 9.795000144773240436e-01 1.351333815746855294e+00 -4.022071640796113456e+00 2.671699721508574044e+00 -5.517020981616425956e+00 4.353882033520292794e+00 3.675285536938261544e+00 -1.782165329760957206e+00 3.442232200437302936e-01 5.354858596020292794e+00 -4.677429001635957206e+00 3.137802321606230294e+00 -9.846647194093947064e-01 7.317354270749802936e-01 -1.643028061694550956e+00 3.178848464184355294e+00 -2.021634987062697064e-01 4.143058974438261544e+00 -8.510569841330095642e-02 -2.907897751635957206e+00 -5.280715744800019706e+00 -1.608154099292207206e+00 -2.312209885425019706e+00 -5.000655930346894706e+00 5.196930129223417794e+00 6.301635939770292794e+00 4.340211936765427936e-01 -5.381772926515822064e-01 4.007805068188261544e+00 7.140747267895292794e+00 3.537162978344511544e+00 1.512100417309355294e+00 1.996704299145292794e+00 2.897865492992949044e+00 -7.180003435080095642e-02 3.602525779538865436e-01 3.249016005688261544e+00 3.396545607739042794e+00 6.707783430154279358e-02 1.388389784985136544e+00 3.563034255199980294e+00 8.250404555492949044e+00 2.518287856274199044e+00 -5.298126023120332206e+00 -2.419967453784394706e+00 7.256935317211699044e+00 -6.631620338625197064e-01 5.210067946606230294e+00 8.427437026196074044e+00 2.331161696606230294e+00 4.505432326489042794e+00 9.249450881176542794e+00 7.064659316235136544e+00 2.884781081371855294e+00 3.661087233715605294e+00 1.265107746809060529e+01 4.501381117992949044e+00 2.811088759594511544e+00 3.631530959301542794e+00
-6.085273545092988456e+00 -4.491248886889863456e+00 -4.653089454836134564e-01 1.681520530515427936e-01 -4.198882859057832206e+00 -2.691230576342988456e+00 -5.632102768725800956e+00 1.139312763898904279e+01 3.202087599926542794e+00 1.976867873364042794e+00 1.713070698469216779e+01 6.587722975903105294e+00 -8.908462326831269706e+00 -8.104627540773634564e-01 -4.147323410815644706e+00 1.930999953442167794e+00 3.246948439770292794e+00 2.474243361645292794e+00 -9.746702125734572064e-01 6.114580222898240436e-01 1.465385634594511544e+00 7.838607985668730294e+00 -4.821067612475800956e+00 -2.374488632983613456e+00 -4.618583481616425956e+00 -4.777587693042207206e+00 -1.843414109057832206e+00 -8.721992295092988456e+00 1.807069416730935529e+01 1.039243336408669904e+01 1.355467243879373029e+01 8.558838088207792794e+00 -1.130840663225119158e+01 -1.115461329729025408e+01 -6.870963852710175956e+00 5.361274916821074044e+00 3.601257521801542794e+00 -5.329574387378144706e+00 6.022842604809355294e+00 1.563371296613748029e+01 3.254585463696074044e+00 4.248069960766386544e+00 2.238838393383574044e+00 5.306747634106230294e+00 8.065040785961699044e+00 -7.585395615405488456e+00 -6.400596421069550956e+00 6.190246779614042794e+00 4.365326125317167794e+00 -7.425468247241425956e+00 -7.870239060229707206e+00 -7.299007218188691581e+00 6.992113181882615436e-01 -7.907560280031447064e-01 -1.136123459643769706e+00 -7.216140549487519706e+00 -1.492751877612519706e+00 7.734314162426542794e+00 4.241470534496855294e+00 7.516296584301542794e+00 4.703781325512480294e+00 2.418571669750761544e+00 6.053001601391386544e+00 3.525787551098417794e+00 -1.432159226245332206e+00 -7.530471604175019706e+00 -3.715232651538300956e+00 4.326263625317167794e+00 -6.298637192553925956e+00 6.190187522702927936e-01 9.839187819653105294e+00 6.087219435864042794e+00 -1.414085190600800956e+00 -1.305419724292207206e+00 -5.237441819018769706e+00 -8.419769089526582206e+00 -8.959705155200410331e+00 -8.116084854907441581e+00 5.908798415356230294e+00 9.027406760984177936e-01 1.823608596020292794e+00 -6.177747657961134564e-01 -5.970762184328322064e-01 2.803100783520292794e+00 -2.633201401538300956e+00 -2.335090439624238456e+00 -1.200210373706269706e+00 -8.648069313234572064e-01 -2.468848984546113456e+00 4.759999006326154358e-02 7.854484755688261544e+00 -2.957931320971894706e+00 -4.251554420656447064e-01 5.127479750805449044e+00 -1.363685410327363456e+00 -2.158658198625509783e+01 -1.833277110368673846e+01 3.472625930004667794e+00 1.158247395246560529e+01 -1.885741989917207206e+00 1.558624465160917794e+00 1.442428786449980294e+00 -2.933547776050019706e+00 -1.898666184253144706e+00 4.638869457792793582e-03 5.442337233715605294e+00 8.608947951489042794e+00 -4.391433518237519706e+00 -6.150840561694550956e+00 1.335548598461699044e+00 2.174934584789824044e+00 7.712562758617949044e+00 3.439018447094511544e+00 8.386250227029279358e-02 1.969909865551542794e+00 1.463104445629667794e+00 9.594688613110136544e+00 7.995697219067167794e+00 -3.912351539797072064e-01 -2.639572925019706418e-03 2.404876906567167794e+00 -4.174880783862519706e+00 -3.520103257007050956e+00 -2.631452491945509564e-01 -4.889448097414259564e-01 6.682106215649199044e+00 -8.700025489992384564e-01 2.928177077465605294e+00 6.475679466062302936e-01 7.132805068188261544e+00 5.929710585766386544e+00 -8.181983750171113456e+00 -4.462653916186738456e+00 1.174255568676542794e+00 -4.453351906008009564e-01 7.145843703442167794e+00 7.767227370434355294e+00 1.348071308820779279e+01 6.121772963696074044e+00 1.963936049633574044e+00
6.994857985668730294e+00 -2.535590927905488456e+00 3.004272658520292794e+00 -2.145568650073457206e+00 -3.958877365893769706e+00 9.515001365476365436e-01 -3.181289475268769706e+00 5.906387526684355294e+00 5.335670668774199044e+00 -8.935798447436738456e+00 7.731437880688261544e+00 6.870430190258574044e+00 -2.405349533862519706e+00 3.853706557446074044e+00 -9.529228012866425956e+00 -8.882304947680879081e+00 -1.377714088625197064e-01 -1.910926621264863456e+00 -3.504974167651582206e+00 5.666374404125761544e+00 -9.609477799243379081e+00 -1.934165757007050956e+00 1.758117873364042794e+00 4.705093581371855294e+00 4.918289382153105294e+00 -4.534095566577363456e+00 3.084442336254667794e+00 1.841812331371855294e+00 1.410820027082498029e+01 8.392379958324980294e+00 -4.726081650561738456e+00 3.195602614574980294e+00 1.493416030102324044e+00 -7.072059433764863456e+00 1.369478294187302936e-01 1.444671828442167794e+00 -1.253435115129416033e+01 -4.494125168628144706e+00 9.472992140942167794e+00 6.668716628246855294e+00 8.532066542797636544e+00 -2.807304184741425956e+00 -5.844266823000197064e-01 2.238281447582792794e+00 6.420900413327927936e-01 2.549865920239042794e+00 4.340011794262480294e+00 5.714775283032011544e+00 -6.023387224142595642e-02 9.281295973949980294e+00 -3.214660446948457206e+00 -4.146497657961134564e-01 8.038665969067167794e+00 -7.283552101320509564e-01 -4.438400070971894706e+00 -4.172607224292207206e+00 -5.159324448413300956e+00 3.907318312817167794e+00 -2.562667649096894706e+00 -6.016700547046113456e+00 2.103866774731230294e+00 8.902895042234177936e-01 4.124572951489042794e+00 -4.900665085620332206e+00 -4.142059128589082206e+00 -2.847518723315644706e+00 -7.735610764331269706e+00 -7.153343003100800956e+00 9.635698386960740436e-01 -1.864181320971894706e+00 -2.598340919679884564e-01 -1.774856369800019706e+00 -7.535575669116425956e+00 -1.111624125749533221e+01 -1.536480693132345721e+01 -1.683737544328634783e+01 -4.227515976733613456e+00 -4.291236679858613456e+00 -5.099784653491425956e+00 -1.345188121110861346e+01 -6.461179664797072064e-01 1.713600356274199044e+00 5.382293898754667794e+00 -3.020797531909394706e+00 2.645233351879667794e+00 -3.953277390307832206e+00 -3.643661301440644706e+00 -3.421691696948457206e+00 4.678024489574980294e+00 7.278274733715605294e+00 -1.686988429338400408e+01 -1.219039134294455096e+01 -5.674512794679884564e-01 5.694200584226365436e-01 4.842836448484177936e-01 -2.368908290178244158e+01 -2.465203074724142596e+01 -1.369384568042207206e+00 -2.936981003589082206e+00 7.950561721020292794e+00 5.143570143871855294e+00 4.731102187328886544e+00 2.849189955883574044e+00 4.319725234203886544e+00 2.197815138989042794e+00 6.728912551098417794e+00 7.490333754711699044e+00 1.514741966062302936e-01 -4.262840073413300956e+00 -2.767478745288300956e+00 -3.253799240893769706e+00 6.412910659008574044e+00 5.501335341625761544e+00 -1.113601486987519706e+00 -1.188361923999238456e+00 -5.917266648120332206e+00 6.113968093090605294e+00 3.270607192211699044e+00 4.337799269848417794e+00 7.027282912426542794e+00 7.503036696606230294e+00 2.742401320629667794e+00 1.643562514477324044e+00 1.364669997387480294e+00 2.601051528149199044e+00 6.059288222485136544e+00 8.901527602367949044e+00 4.628441054516386544e+00 4.849624831371855294e+00 5.099739272289824044e+00 4.260078627758574044e+00 5.523483473949980294e+00 1.804710585766386544e+00 4.182664939695115436e-01 2.217750746899199044e+00 4.146064955883574044e+00 6.471382338696074044e+00 4.189689833813261544e+00 -1.679778855151582206e+00 -9.992139747804884564e-01
2.544657154768044904e+01 -1.003249924487519706e+00 -6.805656235522675956e+00 -4.278486183351759564e-01 -1.997993271655488456e+00 -1.754783432788300956e+00 1.914550978832792794e+00 2.696655471020292794e+00 2.445244033032011544e+00 -6.204391281909394706e+00 1.700729567699980294e+00 1.882959004133279279e+01 -1.065551560229707206e+00 -1.693000595874238456e+00 -1.907310288257050956e+00 -1.843965892106955096e+01 -6.033126633471894706e+00 -9.648250382251191581e+00 4.427917678051542794e+00 8.591766555004667794e+00 -6.090583603686738456e+00 2.419456679516386544e+00 4.609453269773240436e-01 4.290718276196074044e+00 2.774109084301542794e+00 -3.632316391772675956e+00 2.314010817699980294e+00 2.670677382641386544e+00 -6.073631089038300956e+00 1.038082905500466779e+01 4.001732070141386544e+00 5.424057204418730294e+00 -5.943946640796113456e+00 1.083481032543730294e+00 -3.449813645190644706e+00 -3.412483017749238456e+00 -1.726148536867384564e-01 2.775779921703886544e+00 1.157222004621560529e+01 4.107483107739042794e+00 6.216156203442167794e+00 1.161293049543435529e+01 6.408888989042793582e-03 -5.951002052492384564e-01 -2.984771530932832206e+00 1.395218093090605294e+00 -6.375730446047072064e-01 8.743440696531052936e-01 3.883058616452927936e-01 2.631530959301542794e+00 -6.254409592456269706e+00 -4.129882614917207206e+00 3.945648390942167794e+00 -6.149272233908220642e-02 -2.148872177905488456e+00 -4.154266159839082206e+00 2.069000441723417794e+00 9.385757643871855294e+00 -7.770450394458222831e+00 -5.441551010913300956e+00 -5.291297715014863456e+00 1.279480178051542794e+00 4.906303603344511544e+00 -2.663495948976759564e-01 -8.480274002856660331e+00 -4.662498276538300956e+00 -7.916503708667207206e+00 -2.336631577319550956e+00 -6.754897873706269706e+00 2.607483107739042794e+00 2.845215041332792794e+00 5.905868727856230294e+00 1.046290608137185529e+01 -2.905639450854707206e+00 -6.003326218432832206e+00 2.147491652660917794e+00 -1.188177851945822283e+01 -6.515479843921113456e+00 5.382934767895292794e+00 -2.891921799487519706e+00 4.168991286449980294e+00 2.771461684399199044e+00 -6.643935959643769706e+00 -3.298667710132050956e+00 3.620849806957792794e+00 -3.379667213625197064e-01 -6.690772812671113456e+00 -4.695724289721894706e+00 2.224067885571074044e+00 6.541877944164824044e+00 -1.706374924487519706e+00 -2.566268723315644706e+00 -2.949050705737519706e+00 -9.759357254809785331e+00 1.621400901609177936e-01 -1.869047096437697064e-01 -7.385785988039259564e-01 -2.591102402514863456e+00 1.622774192624802936e-01 -1.636108200854707206e+00 3.261673171215605294e+00 8.956146437817167794e+00 4.107734877758574044e+00 7.385948378735136544e+00 4.285125930004667794e+00 4.374977309399199044e+00 3.208191115551542794e+00 3.721351821117949044e+00 -2.208251755542207206e+00 3.562889296703886544e+00 3.758575637035917794e+00 5.458351332836699044e+00 5.277084548168730294e+00 -2.538512986010957206e+00 -4.254356186694550956e+00 2.167938430004667794e+00 5.236513206296677936e-01 8.097297866039824044e+00 1.059545155256326154e+01 4.373207289867949044e+00 2.302116591625761544e+00 7.372070510082792794e+00 5.680420119457792794e+00 8.944580275707792794e+00 4.997139174633574044e+00 -3.851545265383009564e-01 1.715828139477324044e+00 5.040819236570115436e-01 5.771125991039824044e+00 7.590454299145292794e+00 8.267061301999802936e-01 8.372804710202927936e-01 -8.259962013429884564e-01 6.275558669262480294e+00 1.230529804914529279e+01 1.387664992504667794e+00 -6.727149765796113456e+00 5.329896995359177936e-01 -1.509895127124238456e+00 -3.988645485109572064e-01
4.948961326413865436e-01 1.417099196606230294e+00 -6.743827622241425956e+00 -5.740348618335175956e+00 -4.863746445483613456e+00 -2.000968735522675956e+00 -1.965720932788300956e+00 2.602541038327927936e-01 -5.336494248217988456e+00 9.209564406567167794e+00 3.025634963207792794e+00 1.730685444562966779e+01 -9.849246781176972831e+00 1.174186904125761544e+00 9.081146437817167794e+00 -1.668107585222189471e+01 1.984710890942167794e+00 -5.909942429370332206e+00 9.304634291821074044e+00 -3.648406784839082206e+00 -1.318366806811738456e+00 1.009522267072732404e+01 -1.249266413957541033e+01 6.226257521801542794e+00 2.783358021467263654e+01 3.934312458723123029e+01 1.292373854809355294e+00 3.512863356762480294e+00 4.546463210278105294e+00 -9.633411209887910331e+00 -1.149382380754416033e+01 9.411699363523240436e-01 4.786621291332792794e+00 -8.018935959643769706e+00 -7.660964768237519706e+00 1.127549000471169904e+01 1.160357685773904279e+01 1.119216938703591779e+01 -1.685813121110861346e+01 7.411636550121855294e+00 7.812927443676542794e+00 -6.266898911303925956e+00 2.069290358715605294e+00 5.018638808422636544e+00 2.191391188793730294e+00 2.203142234616990436e-01 6.692688185864042794e+00 5.157539565258574044e+00 -2.452079575366425956e+00 -2.111526291675019706e+00 -1.051259211809103533e+01 -1.054787425310080096e+01 -9.743497780031447064e-01 3.422548362546677936e-01 5.330431052976365436e-01 -1.323953227312033221e+01 -1.255737107104707206e+00 3.869972426586699044e+00 -6.502792160815644706e+00 -1.052899150163595721e+01 -2.020644944018769706e+00 -1.009551804370332206e+00 5.828010756664824044e+00 8.555145461254667794e+00 -1.895614426440644706e+00 1.050798484616990436e-01 -3.477111618823457206e+00 -8.557201187915254081e+00 6.267715651684355294e+00 3.648216445141386544e+00 4.493065077953886544e+00 -2.001006882495332206e+00 -9.757407944507050956e+00 -3.334213059253144706e+00 -7.024192612475800956e+00 -1.201451854021017596e+01 -7.802264969653535331e+00 -6.002082627124238456e+00 6.892837721996855294e+00 2.240936476879667794e+00 3.573944289379667794e+00 -3.814513962573457206e+00 -3.397903244800019706e+00 -4.281690529054884564e-01 -9.014228623217988456e+00 -5.715156357592988456e+00 -2.512054245776582206e+00 -7.352432053393769706e+00 -9.202373307055879081e+00 -3.436462204760957206e+00 1.933372695141386544e+00 1.800377089672636544e+00 4.392700392895292794e+00 8.471834251218552936e-01 -1.250648300952363456e+00 -8.467212479419160331e+00 -7.576827805346894706e+00 1.426849562817167794e+00 -9.228666237062697064e-01 -2.370040695971894706e+00 4.374641616039824044e+00 3.841659743481230294e+00 2.227157790356230294e+00 2.963203627758574044e+00 4.530105788403105294e+00 -4.792815964526582206e+00 -5.090995590991425956e+00 5.846801955395292794e+00 1.921638686352324044e+00 2.803041526609177936e-01 5.390709120922636544e+00 4.670456130199980294e+00 7.565292555981230294e+00 5.528824050121855294e+00 2.275543410473417794e+00 3.959739882641386544e+00 3.301696974926542794e+00 4.990007468991990436e-01 -3.804061692065644706e+00 5.498718459301542794e+00 1.455162245922636544e+00 3.332216331296677936e-01 3.479034621410917794e+00 4.139305312328886544e+00 -6.417463234133009564e-01 7.318214614086699044e+00 7.208030898266386544e+00 1.028160292797636544e+00 1.099617201977324044e+00 7.946449477367949044e+00 6.321609694653105294e+00 4.988540846996855294e+00 7.866325576000761544e+00 5.155815322094511544e+00 8.839546401196074044e+00 4.792831618481230294e+00 -4.765441696948457206e+00 4.647087294750761544e+00 7.556755263500761544e+00 5.304977614574980294e+00
9.830019065671677936e-01 1.905349929028105294e+00 -1.612945359057832206e+00 -3.864600937671113456e+00 -7.193702500171113456e+00 -4.936340134448457206e+00 -5.605880539721894706e+00 1.245063979321074044e+00 -2.439742844409394706e+00 6.116234023266386544e+00 2.244140822582792794e+00 3.072273451977324044e+00 -3.586021225757050956e+00 7.658424575024199044e+00 5.540420729809355294e+00 -4.136207382983613456e+00 9.117386061840605294e+00 -7.828214576906447064e-01 -5.949476173586134564e-01 -3.497604172534394706e+00 1.520103652172636544e+00 -7.808707993335175956e+00 -1.887922267229025408e+01 1.220961781232888654e+01 8.662615511009031479e+02 1.571357681471996784e+03 3.757447071760232404e+01 -2.013488571948457206e+00 1.351417739086699044e+00 6.773361403637480294e+00 -4.734267990893769706e+00 8.037338454418730294e+00 5.096306044750761544e+00 -1.032340602189962908e+01 -6.502967636889863456e+00 -3.962562363452363456e+00 1.347891255109841779e+01 9.368789870434355294e+00 9.864761550121855294e+00 -1.365096848315644706e+00 -2.752876084155488456e+00 1.069792195051248029e+01 7.942764479809355294e+00 8.797838279538865436e-01 8.831337172680449044e+00 1.057428761213357404e+01 -5.112479965991425956e+00 -8.133552353686738456e+00 -1.145784739763205096e+01 3.425155837231230294e+00 -1.136468486101095721e+01 -2.045420915548845642e-02 -6.620200913257050956e+00 -1.288238327807832206e+00 1.851150710278105294e+00 -1.355194453508322283e+01 4.174484450512480294e+00 -3.457771103686738456e+00 -5.539947312182832206e+00 -1.197713069230978533e+01 -7.194671433276582206e+00 -6.409217636889863456e+00 6.740844924145292794e+00 1.283188063793730294e+00 1.026910420148904279e+01 -7.058250229663300956e+00 3.395235130124802936e-01 -1.310646418840353533e+01 -9.669986527270722831e+00 -4.008788864917207206e+00 1.358375746899199044e+00 -8.108976295656447064e-01 -8.630103867358613456e+00 -1.482765000171113456e+00 -4.986570289797072064e-01 -1.613100413591330096e+01 1.330581862621855294e+00 1.756462294750761544e+00 2.927124221020292794e+00 1.386833210676248029e+01 2.617584426098417794e+00 -1.262503794938986346e+01 6.214004714184355294e+00 3.043385236794904358e-02 5.443039138012480294e+00 1.251287861555154279e+01 7.175407607250761544e+00 2.187248427563261544e+00 3.209427077465605294e+00 6.072067458324980294e+00 -2.966766159839082206e+00 -2.014747422046113456e+00 2.818039138012480294e+00 1.027224751203591779e+01 1.193458754711699044e+00 -4.626228134936738456e+00 -3.090064804858613456e+00 9.163972923093552936e-01 -6.016639511889863456e+00 -5.974347999758009564e-01 5.182663161449980294e+00 9.182283469968552936e-01 1.049430103986794904e+01 1.093685932844216779e+01 5.617302138500761544e+00 -6.244338791675019706e+00 6.885368544750761544e+00 1.077471180646951154e+01 8.439933974438261544e+00 5.792770583324980294e+00 2.641800124340605294e+00 3.099365431957792794e+00 4.498161513500761544e+00 2.404777724438261544e+00 6.614937026196074044e+00 5.239883620434355294e+00 8.745948989086699044e+00 2.891594130688261544e+00 -1.684524338550019706e+00 7.090789992504667794e+00 6.485191542797636544e+00 -4.822570603198457206e+00 -4.698631089038300956e+00 -3.750785630053925956e+00 -5.252319138354707206e+00 -6.177978318042207206e+00 1.153129775219511544e+00 2.531242568188261544e+00 -3.665572922534394706e+00 1.057510573559355294e+00 3.819336135082792794e+00 1.222992140942167794e+00 6.645967551999802936e-01 1.496917922192167794e+00 -3.255546372241425956e+00 -4.989622047609572064e-01 1.677705833249802936e-01 1.207740981274199044e+00 6.555328566723417794e+00 4.304542739086699044e+00
-1.367164414233613456e+00 -6.792098801440644706e+00 -1.489678553850119158e+01 -8.743808548755097831e+00 -6.531394760913300956e+00 -6.349365036792207206e+00 1.510063368969511544e+00 5.345588881664824044e+00 -1.587598732179884564e-01 1.705772597485136544e+00 -1.673148911303925956e+00 -1.087028305835175956e+00 5.739753920727324044e+00 8.394256789379667794e+00 3.280334670239042794e+00 8.629692275219511544e+00 1.079414387434060529e+01 5.099144179516386544e+00 2.307556349926542794e+00 2.410125930004667794e+00 2.846153456860136544e+00 7.837318617992949044e+00 -1.360610764331269706e+00 7.065262038403105294e+00 2.363507234641843411e+02 3.848963167259030911e+02 1.687617512434060529e+01 -5.019035141772675956e+00 3.636490065746855294e+00 -2.155837815112519706e+00 2.921058852367949044e+00 2.053587361066873029e+01 -8.178489487475800956e+00 4.736450392895292794e+00 2.201301772289824044e+00 7.794357497387480294e+00 8.867653090649199044e+00 5.961364943676542794e+00 -6.651107590503144706e+00 3.694755751782011544e+00 -2.377311508960175956e+00 4.945678908520292794e+00 -3.337943833178925956e+00 4.395219871335740436e-01 -2.086669724292207206e+00 -2.524680893725800956e+00 -6.552291672534394706e+00 1.774551589184355294e+00 2.722290236645292794e+00 5.344545432859177936e-01 -8.068496506518769706e+00 8.100815016918730294e+00 -4.480804245776582206e+00 6.480257102781052936e-01 7.225952346020292794e+00 -9.344394486255097831e+00 5.547149855785917794e+00 2.598877150707792794e+00 -6.349212448901582206e+00 -3.385803025073457206e+00 -8.063888352221894706e+00 -1.090601329118673846e+01 -1.172994975358908221e+01 1.097879048078591779e+01 2.457596022778105294e+00 -2.671798508471894706e+00 4.356735427074980294e+00 3.871948439770292794e+00 1.700904865949685529e+01 9.295837599926542794e+00 1.621086318188261544e+00 3.527542311840605294e+00 2.427940566235136544e+00 -7.238670151538300956e+00 -7.557922165698457206e+00 2.395996291332792794e+00 2.765663344555449044e+00 -1.275709083742384564e-01 1.231506545239042794e+00 4.414070326977324044e+00 5.788017470532011544e+00 3.735519606762480294e+00 -6.793624680346894706e+00 -3.378867905444550956e+00 3.160438735180449044e+00 5.203346450024199044e+00 -3.074981491870332206e+00 4.620453078442167794e+00 1.963180739574980294e+00 -3.535415451831269706e+00 -3.070037644214082206e+00 4.629028517895292794e+00 5.606254775219511544e+00 3.695152480297636544e+00 -5.162351539797072064e-01 4.609710890942167794e+00 6.331772048168730294e+00 -5.009811203784394706e+00 1.185595722883279279e+01 1.542564589672636544e+00 5.209007460766386544e+00 -8.146360328859572064e-01 2.768379409008574044e+00 9.460121352367949044e+00 6.361648757153105294e+00 -4.095039170092988456e+00 4.540977675610136544e+00 9.100212294750761544e+00 -9.874875953859572064e-01 4.520797927074980294e+00 1.121658522778105294e+00 -3.170730393237519706e+00 -1.007110398120332206e+00 5.701935012035917794e+00 5.408729750805449044e+00 2.335273940258574044e+00 1.320131703107888654e+01 8.366317946606230294e+00 2.289459426098417794e+00 -7.915189674562697064e-01 4.461723525219511544e+00 6.562637526684355294e+00 1.649688918285917794e+00 2.589302260571074044e+00 -1.758514206714082206e+00 -5.045516770190644706e+00 -6.861587326831269706e+00 1.889923293285917794e+00 6.449859816723417794e+00 2.274376113110136544e+00 -9.287946632570509564e-01 -1.573942115968947064e-01 -6.631896775073457206e+00 6.165847975903105294e+00 2.706268508129667794e+00 -8.264797013110566581e+00 4.531776625805449044e+00 1.116640159421677936e-01 -9.606727402514863456e+00 -7.879789283937697064e-01
-5.428504746264863456e+00 -1.217810038835470721e+01 -7.268661301440644706e+00 -1.230323593921113456e+00 2.754518577390427936e-01 4.796371657543730294e+00 8.968094069653105294e+00 6.423111159496855294e+00 -8.256248276538300956e+00 -2.202720444507050956e+00 -9.592193405932832206e+00 7.148668357663865436e-01 -4.523160865968947064e-01 1.205818958967263654e+01 3.063980300121855294e+00 1.490549488752419904e+01 -3.623655250734572064e-01 -3.213956764406447064e-01 -3.100066941089082206e+00 1.376419264965605294e+00 8.685829360180449044e+00 2.034485060864042794e+00 5.227287490063261544e+00 1.049628468244607404e+01 -5.877759864992384564e-01 1.196594258039529279e+01 1.520550556867654279e+01 1.841284962385232404e+01 5.124664504223417794e+00 -7.435897629565644706e+00 3.773994643383574044e+00 1.733856398754667794e+00 1.263603408032011544e+00 7.300064284496855294e+00 -1.232559184343283221e+01 6.682083327465605294e+00 1.996277053051542794e+00 8.170320579343552936e-01 -3.691833298510957206e+00 1.870649738996560529e+01 9.661819655590605294e+00 -6.311218064135957206e+00 -3.245524675314470642e-02 -6.304694931811738456e+00 -6.615140846437697064e-01 -5.452750962085175956e+00 -3.689452927417207206e+00 3.218338210278105294e+00 7.185775954418730294e+00 4.039690086179490436e-01 8.649604994946074044e+00 6.421783644848417794e+00 4.108505446606230294e+00 -1.462476661867384564e-01 4.013595778637480294e+00 -4.024101059741425956e+00 4.433519431882615436e-01 1.487564284496855294e+00 -7.560333054370332206e+00 -1.617850093156759783e+01 -8.266715805835175956e+00 -2.117477219409394706e+00 -1.111946086198751971e+01 1.676033217602324044e+00 -6.350295822925019706e+00 -9.152965348071504081e+00 6.415161330395292794e+00 1.997207839184355294e+00 1.529968281477029279e+01 1.314480610578591779e+01 -2.232291977710175956e+00 6.310470778637480294e+00 -1.251084498674337908e+01 9.537346083813261544e+00 9.408249098949980294e+00 -9.722186844653535331e+00 -3.975828102297072064e-01 8.415374953442167794e+00 7.387741286449980294e+00 -4.102981369800019706e+00 -9.375968735522675956e+00 -1.995780747241425956e+00 -1.055602829760957206e+00 3.366272170239042794e+00 -1.568328659839082206e+00 8.819658347898240436e-01 -5.428007057375197064e-01 9.264846999340605294e+00 1.308702107160623029e+01 -4.198148658937697064e-01 -3.112640183276582206e+00 6.689079482250761544e+00 3.335762221508574044e+00 4.830764968090605294e+00 3.076935012035917794e+00 3.676498610668730294e+00 1.518158156567167794e+00 6.073017805154279358e-02 3.687135764890427936e-01 -3.035949509448457206e+00 1.837967116528105294e+00 1.092226096921677936e-01 2.856994826489042794e+00 8.631195265942167794e+00 6.609344680004667794e+00 1.712768752270292794e+00 5.453262526684355294e+00 5.253441054516386544e+00 2.406646926098417794e+00 8.177307326489042794e+00 2.508003432446074044e+00 2.717384535961699044e+00 3.991319724851365436e-01 9.787523338132615436e-01 -1.345840256518769706e+00 -3.307845871753144706e+00 8.388139793210740436e-01 -3.262855332202363456e+00 3.673256117992949044e+00 2.115532118969511544e+00 8.889763076000761544e+00 6.686180312328886544e+00 2.117082664304490436e-01 2.058014113598417794e+00 6.538337905102324044e+00 9.162651259594511544e+00 6.213241774731230294e+00 -5.269058029956269706e+00 7.259987075024199044e+00 5.923355300121855294e+00 1.969551284008574044e+00 1.047784443586404279e+01 3.408416945629667794e+00 4.152939040356230294e+00 8.134155471020292794e+00 -7.734908860034394706e+00 -8.276107590503144706e+00 -4.135864060229707206e+00 -2.938468735522675956e+00 1.895584304028105294e+00
6.125450331860136544e+00 -6.479736130542207206e+00 -7.290542404956269706e+00 2.554199416332792794e+00 1.633613784008574044e+00 3.313743788891386544e+00 1.383903523176248029e+01 8.190979201489042794e+00 -6.509124558276582206e+00 8.751222678952927936e-01 -7.609718125171113456e+00 4.124275405102324044e+00 -2.106773178882050956e+00 5.866440016918730294e+00 5.190559584789824044e+00 1.598288746564919904e+01 3.164245803051542794e+00 4.117943007641386544e+00 -1.471053879565644706e+00 -1.461555283374238456e+00 7.552492210202927936e-01 1.088791091137480294e+00 -1.271710566789572283e+01 6.840355117016386544e+00 -4.553878586596894706e+00 -8.625560562915254081e+00 4.580673415356230294e+00 7.754852492504667794e+00 5.129135329418730294e+00 1.039801808088357404e+01 -7.076583664721894706e+00 -8.987518112964082206e+00 -5.261314194507050956e+00 4.371034690671677936e-01 -5.033302109546113456e+00 3.264412123852324044e+00 -7.607444565600800956e+00 6.443557936840605294e+00 -2.540891578859572064e-01 8.835716445141386544e+00 1.254425246410917794e+00 -5.961044113940644706e+00 -3.499152939624238456e+00 -6.969383042163300956e+00 1.532615859203886544e+00 6.863830763989042794e+00 -2.172653000659394706e+00 1.060664387434060529e+01 1.075670310788865436e-01 -6.646049301928925956e+00 1.535942097394998029e+01 -4.417930405444550956e+00 -2.324806015796113456e+00 -9.496229103273634564e-01 2.497558791332792794e+00 7.938430983715605294e+00 -3.032356064624238456e+00 -4.042716782397675956e+00 -4.481918137378144706e+00 -3.417045395678925956e+00 -8.405448715991425956e+00 2.188675124340605294e+00 2.428512770824980294e+00 3.335268089109177936e-01 2.830589492016386544e+00 -8.390102188891816581e+00 9.592439719968552936e-01 4.836456496410917794e+00 9.740112502270292794e+00 6.997009474926542794e+00 1.848007399731230294e+00 6.656334120922636544e+00 -2.137100022143769706e+00 4.951080519848417794e+00 -2.658689430422072064e-01 -1.213525752336447283e+01 -8.176223557300019706e+00 -2.707122605151582206e+00 9.517982680492949044e+00 -9.749677589601759564e-01 4.035408217602324044e+00 1.656242390363748029e+01 6.679809767895292794e+00 9.402786452465605294e+00 -1.265243332690644706e+00 5.919344016843552936e-01 -6.498672287768769706e+00 -9.788039963550019706e+00 -4.006492417163300956e+00 -5.363593857592988456e+00 2.236694533520292794e+00 3.994644362621855294e+00 -5.533063820070509564e-01 -5.973731797046113456e+00 -3.245582382983613456e+00 3.620964247875761544e+00 2.805788108640427936e-01 1.545735090310529358e-02 3.004867751293730294e+00 8.600235182934355294e+00 2.504524428539824044e+00 6.690040785961699044e+00 9.036682326489042794e+00 -7.258603981203322064e-01 8.551758010082792794e+00 2.598846633129667794e+00 7.661211082273240436e-01 -3.342544358081269706e+00 7.756561476879667794e+00 3.327072341137480294e+00 5.787307936840605294e+00 1.306892592602324044e+00 -4.223708908862519706e+00 2.944717604809355294e+00 2.605331618481230294e+00 -1.945701401538300956e+00 1.146231861799294904e+01 4.651130873852324044e+00 9.733673293285917794e+00 -1.028816025561738456e+00 -7.813865464038300956e+00 2.355095107250761544e+00 6.384147841625761544e+00 -1.101775925464082206e+00 7.094658095532011544e+00 2.689745017820115436e-01 -1.628455918139863456e+00 -4.447295944995332206e+00 5.763855178051542794e+00 9.919054099851365436e-01 -1.004775803393769706e+00 1.587036330395292794e+00 5.739944655590605294e+00 5.573829848461699044e+00 -1.507903855151582206e+00 -2.445091049975800956e+00 2.733299452953886544e+00 -1.991760056323457206e+00 -3.901412766284394706e+00 6.754112441235136544e+00
1.337671681135232404e+01 1.689879627912576154e+01 3.331672866039824044e+00 -1.024978440112519706e+00 -2.323188584155488456e+00 4.123794753246855294e+00 2.084377308576638654e+01 4.692436415844511544e+00 -3.542648117846894706e+00 2.366699416332792794e+00 -7.753967087573457206e+00 2.881767470532011544e+00 -2.064742844409394706e+00 -4.948776047534394706e+00 -5.238416603273634564e-01 8.416916091137480294e+00 1.210229511945779279e+01 9.543129164867949044e+00 6.116012770824980294e+00 4.487655837231230294e+00 2.866722304516386544e+00 1.442604262524199044e+00 -1.430708674699728533e+01 8.280113417797636544e+00 2.914428908520292794e+00 -4.611381333178925956e+00 -1.716404704362814471e+01 -8.526492874926972831e+00 2.276924330883574044e+00 -6.813842575854707206e+00 1.013561268537576154e+01 4.901024062328886544e+00 2.616691786938261544e+00 -6.298141281909394706e+00 8.675691673093552936e-01 5.814651686840605294e+00 5.662323195629667794e+00 1.024112721174294904e+01 -7.807174485034394706e+00 4.553619582348417794e+00 -7.429120948976759564e-01 1.536697585278105294e+00 -1.543258469409394706e+00 8.531190940671677936e-01 5.128334242992949044e+00 8.309539992504667794e+00 8.545534202390427936e-01 4.426681716137480294e+00 3.474563796215605294e+00 -3.308288376635957206e+00 5.397995192699980294e+00 -2.011718552417207206e+00 -4.931190293139863456e+00 -1.308256129533712908e+01 2.796173293285917794e+00 7.682296950512480294e+00 1.910598952465605294e+00 -1.243057053393769706e+00 9.911272117429490436e-01 1.238052565746855294e+00 -2.234664719409394706e+00 -1.276924113542501971e+01 6.845718581371855294e+00 1.490478713207792794e+00 3.904358107739042794e+00 1.207641799145292794e+00 -6.750434677905488456e+00 5.226155012185529358e-02 -7.666969101733613456e+00 -7.059898178882050956e+00 -2.358242396623556658e+01 -1.183208064348166033e+01 -4.066657822436738456e+00 -6.707336228198457206e+00 -5.015830796069550956e+00 -1.160804550952363456e+00 -1.399237422258322283e+01 -1.170201854021017596e+01 -8.999629776782441581e+00 -1.102462570971894706e+00 -4.643195908374238456e+00 9.930641371899199044e+00 3.330401631086404279e+01 -2.548198015158220642e-02 -4.227676194018769706e+00 2.718948561840605294e+00 -9.389137070483613456e+00 -7.320060532397675956e+00 2.091301161938261544e+00 -1.514106552905488456e+00 -6.337539475268769706e+00 -5.705299179858613456e+00 -6.004340927905488456e+00 -9.129966538257050956e+00 -1.560622971362519706e+00 2.333389479809355294e+00 3.916610915356230294e+00 -9.952543190187697064e-01 3.779945571117949044e+00 -9.180829933351759564e-01 1.378006179028105294e+00 3.423675734692167794e+00 5.791137892895292794e+00 4.395866591625761544e+00 6.960167128735136544e+00 3.382805068188261544e+00 2.104171950512480294e+00 6.396410056882615436e-01 3.518470961742949044e+00 -1.058898728198457206e+00 8.427375991039824044e+00 1.751526076489042794e+00 1.117035109692167794e+00 4.068062026196074044e+00 5.328599998288865436e-01 -1.120185654467988456e+00 8.379783827953886544e+00 4.247436721020292794e+00 -8.032453468508009564e-01 -2.005079200929884564e-01 -8.741111557788300956e+00 -1.305633347339082206e+00 3.203560073071074044e+00 -1.436004441089082206e+00 -4.364756853048845642e-02 4.500518996410917794e+00 5.628502089672636544e+00 2.120475966625761544e+00 -4.862891953296113456e+00 8.557817527585740436e-01 2.749862868481230294e+00 -2.253722946948457206e+00 -3.757888596362519706e+00 2.597702223949980294e+00 -7.989957740968947064e-01 -5.409759323901582206e+00 1.396255690746855294e+00 -1.513831894702363456e+00 1.218185622387480294e+00 9.590034682446074044e+00
4.053575154035623029e+01 3.117256947248513654e+01 2.514732558422636544e+00 -7.576141159839082206e+00 -1.968826096362519706e+00 3.423172194653105294e+00 1.199067707746560529e+01 2.575660903149199044e+00 -6.580863755053925956e+00 3.621597487621855294e+00 -4.584770005053925956e+00 1.064521987133574044e+00 -6.100440781421113456e+00 -1.756309311694550956e+00 -5.560928147143769706e+00 3.499695021801542794e+00 1.193356343000466779e+01 1.330287190168435529e+01 1.425463124006326154e+01 8.171615798168730294e+00 -2.069976609057832206e+00 -4.801513474292207206e+00 2.466118056469511544e+00 -1.787811081714082206e+00 -9.616374771899629081e+00 -3.183158676928925956e+00 -1.067252915210175956e+00 2.450363356762480294e+00 -3.061828415698457206e+00 -4.824920456714082206e+00 8.345415183835740436e-01 2.724518019848417794e+00 1.868278701000761544e+00 5.270675856762480294e+00 6.400606223874802936e-01 2.349106032543730294e+00 -1.161878517336134564e-01 8.082046706371855294e+00 -3.227615158862519706e+00 5.548980910473417794e+00 -8.267185013598847831e+00 4.159340102367949044e+00 -6.091911118335175956e+00 1.092590529614042794e+00 7.947067458324980294e+00 1.473277302473123029e+01 -9.221236985034394706e+00 -3.307586472339082206e+00 3.293060500317167794e+00 4.008583266430449044e+00 1.071321555906052936e-01 2.895752150707792794e+00 -3.759124558276582206e+00 -1.111210612565939471e+01 5.781723220043730294e+00 6.597686965160917794e+00 -6.590497902101759564e-01 -9.147031715578322064e-01 3.136535842114042794e+00 1.335296828442167794e+00 1.234054763012480294e+00 -1.822812965578322064e-01 9.322609145336699044e+00 -9.118346970385957206e+00 6.186523635082792794e+00 6.240799147778105294e+00 -5.974525254077363456e+00 -4.577616960470720642e-02 -6.598686020678925956e+00 -5.585784714526582206e+00 -1.342717341691916033e+01 3.207552024656052936e-01 -1.969421189135957206e+00 -6.601264756030488456e+00 -2.396880905932832206e+00 -9.566783707446504081e+00 -8.218383591479707206e+00 -1.114379685229707206e+00 -2.319869797534394706e+00 2.296829421215605294e+00 -3.798309128589082206e+00 3.425804335766386544e+00 -2.895087998217988456e+00 2.151123244457792794e+00 8.100372512035917794e+00 -4.013229172534394706e+00 2.091232497387480294e+00 -8.691615860766816581e+00 2.557861525707792794e+00 3.155731398754667794e+00 -7.098563950366425956e+00 -2.387908737964082206e+00 8.203468520336699044e+00 1.553550917797636544e+00 4.984895774656052936e-01 1.021148701398904279e+01 -6.614301613039259564e-01 5.764480788403105294e+00 1.422554213696074044e+00 7.215807029538865436e-01 6.632934767895292794e+00 9.581283766918730294e+00 4.284782607250761544e+00 3.411485740476365436e-01 5.020126540356230294e+00 5.184738356762480294e+00 1.772766310864042794e+00 -5.377311508960175956e+00 6.750337669187302936e-01 3.361648757153105294e+00 8.095024306469511544e+00 4.202713210278105294e+00 -2.107032578296113456e+00 -4.722968857592988456e+00 5.176393577390427936e-01 6.346809584789824044e+00 5.192611891918730294e+00 3.095924575024199044e+00 -2.064277451342988456e+00 7.335739333324980294e+00 -2.219726364917207206e+00 5.403062888913865436e-01 -8.040603440112519706e+00 3.226165969067167794e+00 5.225181777172636544e+00 7.577621657543730294e+00 5.437187392407011544e+00 2.737388808422636544e+00 -4.297370713061738456e+00 -4.093879502124238456e+00 -1.645980637378144706e+00 4.431411940746855294e+00 1.249221821516091779e+01 1.717498976879667794e+00 -1.059585373706269706e+00 2.234956809812302936e-01 -4.183189194507050956e+00 -2.958066871828322064e-01 -1.183799546069550956e+00 6.264116355710740436e-01
1.155780811994607404e+01 1.450437947004373029e+01 -1.234939377612519706e+00 1.931579787426542794e+00 2.686922141843552936e-01 -3.882690232104707206e+00 -2.258697312182832206e+00 2.453529555492949044e+00 -4.638898781008009564e-01 3.793945510082792794e+00 -4.539130966967988456e+00 -3.791862290210175956e+00 1.532303054028105294e+00 1.239158650129373029e+01 -3.429260056323457206e+00 3.250511367016386544e+00 1.806089039533669904e+01 1.084899922102029279e+01 6.395645339184355294e+00 1.185035725324685529e+01 1.915458876782011544e+00 1.641411025219511544e+00 5.268203932934355294e+00 5.593727309399199044e+00 1.116802235334451154e+01 -9.193271439380097831e+00 -2.354923610002462908e+01 5.327835280590605294e+00 -3.986884873217988456e+00 8.465423781567167794e+00 -1.150441722185080096e+01 9.859087058835740436e-01 -5.132026474780488456e+00 3.664879042797636544e+00 -1.536742762834494158e+01 6.744598586254667794e+00 3.418838698559355294e+00 -4.226928513354707206e+00 -2.482391159839082206e+00 -8.667327683276582206e+00 -3.232642929858613456e+00 4.151497084789824044e+00 -6.668775489992384564e-01 2.661476332836699044e+00 -4.508359840578322064e-01 1.490475483625466779e+01 -7.740421097583222831e+00 -4.841331284350800956e+00 -2.371955673999238456e+00 1.943412978344511544e+00 -4.995223801440644706e+00 8.654312331371855294e+00 -1.439088801652853533e+01 -6.567428391284394706e+00 3.812042433910917794e+00 -1.942474167651582206e+00 -3.369201462573457206e+00 9.570221144848417794e+00 7.864883620434355294e+00 7.439666945629667794e+00 4.890289504223417794e+00 6.740371901684355294e+00 8.203277785473417794e+00 -2.467597763842988456e+00 -5.453521530932832206e+00 -1.438163559741425956e+00 2.024025160961699044e+00 -1.687009742922072064e-01 -1.168389491350119158e+01 -4.614272873706269706e+00 3.915178367429490436e-01 -1.032081584245626971e+01 9.666292259031052936e-01 -2.731590073413300956e+00 -4.371864121264863456e+00 1.362459251218552936e-01 2.898987013989042794e+00 -4.353559425539259564e-01 1.984604079418730294e+00 -1.677091530031447064e-01 5.189239699535917794e+00 3.917099196606230294e+00 -1.315731028825705096e+01 -2.387161057300019706e+00 -2.787780564135957206e+00 -6.189842026538300956e+00 2.142753798657011544e+00 -1.091070155412619158e+01 -2.257606308764863456e+00 2.114502150707792794e+00 9.849550315671677936e-01 6.518104750805449044e+00 6.098724562817167794e+00 6.580154616528105294e+00 1.724746901684355294e+00 7.670974929028105294e+00 -1.699790757007050956e+00 5.487472731762480294e+00 -5.661071579760957206e+00 4.941865989499802936e-01 7.591781813793730294e+00 3.983398635082792794e+00 1.069397170239042794e+00 -4.022672584718947064e-01 -4.739890854663300956e+00 -5.729194443530488456e+00 -4.889335434741425956e+00 -2.571487229175019706e+00 1.634460646801542794e+00 4.097122389965605294e+00 9.428367812328886544e+00 -4.140380661792207206e+00 -4.957069199389863456e+00 3.183181960278105294e+00 2.332977492504667794e+00 3.147766310864042794e+00 -3.772079270190644706e+00 -5.031028549975800956e+00 -2.829816749758009564e-01 1.834243971996855294e+00 3.380500991039824044e+00 8.858261305981230294e+00 3.424492079907011544e+00 -2.000808518237519706e+00 7.958757468991990436e-01 2.481529433422636544e+00 -3.792541306323457206e+00 2.008076398904279358e-02 -2.718101303882050956e+00 -4.103843491382050956e+00 1.339721877270292794e+00 1.884391982250761544e+00 3.384178359203886544e+00 2.740404197507615436e-01 1.478596418435529358e-02 9.281618186765427936e-01 -9.802244117922072064e-01 1.792451926999802936e-01 1.758806297116990436e-01 -3.716651718921113456e+00
4.433494765453886544e+00 8.166679579907011544e+00 1.676460463696074044e+00 5.660522658520292794e+00 6.589668471508574044e+00 3.787651259594511544e+00 -4.119422715014863456e+00 -4.737380783862519706e+00 3.224174697094511544e+00 3.698242385082792794e+00 -2.116622727221894706e+00 -5.020774643725800956e+00 5.501030165844511544e+00 1.190499897687966779e+01 -9.180829933351759564e-01 5.084434706860136544e+00 2.161316700666482404e+01 1.622245986157011544e+00 3.087471205883574044e+00 1.321112843244607404e+01 2.480919081860136544e+00 9.953844138913865436e-01 6.185989577465605294e+00 1.530062885969216779e+01 2.236259658032011544e+00 -3.012000840014863456e+00 -8.269880226320509564e-01 1.314790363996560529e+01 1.424408156567167794e+00 5.941345412426542794e+00 8.433220107250761544e+00 3.620384413891386544e+00 -3.875709336108613456e+00 6.554969985180449044e+00 5.123520095043730294e+00 1.508377094953591779e+01 -1.596641342944550956e+00 -4.455030372804884564e-01 -1.133316783220236346e+01 6.172157485180449044e+00 2.600280959301542794e+00 1.247007771223123029e+01 5.597160536938261544e+00 -1.019449977189962908e+01 1.374000746899199044e+00 -5.713096421069550956e+00 -8.630607407397675956e+00 -4.713729660815644706e+00 -3.553649704760957206e+00 3.983619887524199044e+00 -1.126149348527853533e+01 1.775406081371855294e+00 -1.593935755998556658e+01 -5.028808396167207206e+00 -6.074432175464082206e+00 2.018951613598417794e+00 -9.979705612964082206e+00 8.054016310864042794e+00 -1.082807902605001971e+01 8.793184348874802936e-01 -1.498687546557832206e+00 4.710144240551542794e+00 2.875427443676542794e+00 -6.958419602221894706e+00 -1.915809230119650408e+01 -1.431624202043478533e+01 -1.499336045092988456e+00 -1.148530558855001971e+01 -2.511352341479707206e+00 -1.827139643938009783e+01 3.168457228832792794e+00 -1.628021042651582206e+00 -2.100280564135957206e+00 3.159944602781052936e-01 2.286850173168730294e+00 1.631057936840605294e+00 3.362564284496855294e+00 -3.864562790698457206e+00 2.040085036449980294e+00 -4.455108444995332206e+00 1.301513869457792794e+00 -1.020589045793478533e+01 -1.950835984057832206e+00 -2.198440354175019706e+00 -3.810714524096894706e+00 6.746734816723417794e+00 1.944885451489042794e+00 -7.771423142260957206e+00 4.821281630688261544e+00 6.551979262524199044e+00 1.313113423078591779e+01 1.125550862043435529e+01 2.186050612621855294e+00 4.917953688793730294e+00 3.555214125805449044e+00 3.217086989574980294e+00 3.523292739086699044e+00 -4.329162400073457206e+00 -1.302030494875197064e-01 9.484026023679490436e-01 7.120533674294904358e-02 4.001831252270292794e+00 1.979683119946074044e+00 2.889595229321074044e+00 7.950134474926542794e+00 8.468647687966779358e-02 -6.752197068042207206e+00 -6.318282883471894706e+00 -1.003103236467306658e+01 -5.176963608569550956e+00 1.188705641918730294e+00 -3.013503830737519706e+00 1.644722182446074044e+00 7.577598769360136544e+00 2.927787978344511544e+00 -4.222087175314470642e-02 2.200729567699980294e+00 -3.378204148120332206e+00 2.401100356274199044e+00 1.972267348461699044e+00 8.810692031078886544e+00 8.407417494946074044e+00 4.814163405590605294e+00 4.777420241528105294e+00 -5.995023658937697064e-01 6.081245619946074044e+00 -3.942107956714082206e+00 4.250084120922636544e+00 4.160005637937302936e-01 -4.275222580737519706e+00 -2.865722458667207206e+00 5.833587844067167794e+00 1.713051039867949044e+00 -4.945442002124238456e+00 2.700340468578886544e+00 2.361694533520292794e+00 8.475877830320115436e-01 9.648668357663865436e-01 -2.985641281909394706e+00 5.284425803952927936e-01
-2.126952927417207206e+00 -2.766645363039259564e-01 2.200624534421677936e-01 5.412752219968552936e-01 -1.610770981616425956e+00 -3.618186753100800956e+00 -7.246505539721894706e+00 -8.877910416430879081e+00 2.207550246410917794e+00 4.985838167259030911e+02 3.094858247825437161e+02 2.752845020978982404e+01 -2.953819077319550956e+00 2.966942031078886544e+00 2.860832411938261544e+00 -2.999549668139863456e+00 4.017074782543730294e+00 6.209884841137480294e+00 4.980949599438261544e+00 -8.670957496828322064e-01 -4.172546189135957206e+00 3.064500877195115436e-01 2.517471511059355294e+00 5.261383254223417794e+00 -1.021586970598166033e+01 6.493454177074980294e+00 5.023376662426542794e+00 -2.035865586108613456e+00 -4.168792527026582206e+00 -3.404601853198457206e+00 -4.191642563647675956e+00 1.264984328442167794e+00 9.700035292797636544e+00 1.183267994611794904e+01 6.047310073071074044e+00 8.031692702465605294e+00 1.813751418285917794e+00 1.956123549633574044e+00 -5.235549729175019706e+00 -3.791183274096894706e+00 5.237457472973417794e+00 8.375587660961699044e+00 6.006180007153105294e+00 3.898546287351365436e-01 -7.830027849142595642e-02 -4.271850388354707206e+00 3.848007399731230294e+00 -5.541175644702363456e+00 3.761795241528105294e+00 3.610367018871855294e+00 -1.635894577807832206e+00 1.541748244457792794e+00 -5.524841111010957206e+00 5.471862990551542794e+00 -9.676740577883009564e-01 4.970443923168730294e+00 -4.252616684741425956e+00 -9.804523270434785331e+00 -2.735214035815644706e+00 -4.712827614015822064e-01 3.358368117504667794e+00 -3.082900803393769706e+00 -2.846893112964082206e+00 5.913986403637480294e+00 -3.555679123706269706e+00 2.246872145824980294e+00 6.711105544262480294e+00 4.734565932446074044e+00 -4.397018235034394706e+00 -1.129932383806173846e+01 -9.249534409350800956e+00 -8.935577194995332206e+00 1.747520644360136544e+00 1.097168166332792794e+00 -1.204856471330587908e+01 -4.807525437182832206e+00 4.103164870434355294e+00 5.733581740551542794e+00 -1.576441554338400408e+01 2.270509788327927936e-01 -5.717422287768769706e+00 -6.549247544116425956e+00 -9.905105393237519706e+00 3.861541945629667794e+00 -1.083579819507050956e+00 -1.701980393237519706e+00 -5.803588669604707206e+00 -5.714141648120332206e+00 3.161422927074980294e+00 2.033447463207792794e+00 6.022644240551542794e+00 1.522218772702927936e-01 3.322838027172636544e+00 4.646377761059355294e+00 -2.511047165698457206e+00 -2.203567307300019706e+00 -4.381538193530488456e+00 -1.679237168139863456e+00 6.034853050046677936e-01 2.206985671215605294e+00 1.785316664867949044e+00 2.649673659496855294e+00 -1.365005295581269706e+00 4.531349379711699044e+00 -1.819206040210175956e+00 3.866752822094511544e+00 -8.719633033937697064e-01 -3.135421555346894706e+00 -6.087569992846894706e+00 -1.026000778979707206e+00 1.432853896313261544e+00 -2.260680954760957206e+00 1.742584426098417794e+00 1.917268821531052936e-01 -6.606879990405488456e+00 -1.226653855151582206e+00 -1.033805649585175956e+00 2.803634841137480294e+00 7.572822768383574044e+00 1.088554402082498029e+01 2.550682265453886544e+00 5.076690871410917794e+00 1.018171711652810529e+01 -1.515517990893769706e+00 1.188774306469511544e+00 5.247802931957792794e+00 -1.223480027026582206e+00 -1.998136451906447064e-01 2.136009413891386544e+00 2.748901564770292794e+00 -3.375091355151582206e+00 -2.483032028979707206e+00 -5.613952439135957206e+00 -1.077258281022970721e+01 6.478578635984177936e-01 1.017433364086699044e+00 3.082039076977324044e+00 1.912147719555449044e+00 3.990341384106230294e+00 7.831489760571074044e+00
-3.000709336108613456e+00 -2.243980210132050956e+00 -3.081510475343947064e-01 1.815208632641386544e+00 -2.407050888842988456e+00 -6.363143723315644706e+00 -1.172836106128144706e+00 3.685081679516386544e+00 1.042177601545388654e+01 2.533471939284496784e+03 3.951461441237621784e+03 1.375179458815746784e+03 2.816093642407011544e+00 -1.694350998706269706e+00 -8.363948624438691581e+00 -1.037585047990744158e+01 -2.427375595874238456e+00 4.372736378400857404e+01 1.923784657209451154e+01 3.039421279125761544e+00 4.064056594067167794e+00 9.109581191235136544e+00 5.200042922192167794e+00 -3.423469345874238456e+00 4.751632888012480294e+00 9.912826735668730294e+00 4.828788954907011544e+00 4.066810805492949044e+00 1.162090321271951154e+01 8.608162123852324044e+00 -6.357291977710175956e+00 5.504684645824980294e+00 6.251312453442167794e+00 7.937965590649199044e+00 1.860658283918435529e+01 6.654632765942167794e+00 3.415954787426542794e+00 9.263588149242949044e+00 1.986847121410917794e+00 7.941993910961699044e+00 1.645814964109177936e-01 1.610458571606230294e+00 -7.938535621828322064e-01 1.094735737531716779e+01 -5.937415879077363456e+00 6.226045676999802936e-01 2.335159499340605294e+00 -3.798446457690644706e+00 3.641555983715605294e+00 -4.364545753664259564e-01 -3.944915573901582206e+00 3.160003859692167794e+00 6.777023513012480294e+00 -8.404996803468947064e-01 -2.237655442065644706e+00 -1.371543686694550956e+00 -3.410178940600800956e+00 2.153335768871855294e+00 4.818634230785917794e+00 6.455537864499802936e-01 6.075065810375761544e+00 -7.906186989015822064e-01 -1.930743006975119158e+01 3.537216384106230294e+00 2.727600295239042794e+00 5.660267561013654358e-02 1.175973530500466779e+01 6.115204055004667794e+00 2.471885878735136544e+00 -1.294568995744650408e+01 2.183807570629667794e+00 -7.902553360766816581e+00 4.302398879223417794e+00 -1.757758896655488456e+00 6.522674758129667794e+00 -4.826034348315644706e+00 -1.627494614428925956e+00 6.806642600827927936e-01 7.655784804516386544e+00 5.367492873364042794e+00 -3.876327317065644706e+00 -1.477353981203322064e-01 4.203567702465605294e+00 6.473098952465605294e+00 -2.195052903003144706e+00 -7.702350418872285331e+00 -8.527721207446504081e+00 1.553238112621855294e+00 -1.109830836564962908e+01 -4.133483689135957206e+00 -8.952819626635957206e+00 -3.192786972827363456e+00 4.063995558910917794e+00 1.077346821516091779e+01 1.740127761059355294e+00 3.411850173168730294e+00 -2.459205429858613456e+00 3.067123610668730294e+00 -6.960243027514863456e+00 5.893539626293730294e+00 -7.548015396899629081e+00 2.632065016918730294e+00 4.173385817699980294e+00 4.635338027172636544e+00 -2.991483619875197064e-01 2.354271132641386544e+00 -1.230460923022675956e+00 6.336258132153105294e+00 4.885460097485136544e+00 2.048607070141386544e+00 1.663513381176542794e+00 7.233650405102324044e+00 4.196716506176542794e+00 5.869941909008574044e+00 -5.163062851733613456e+00 4.637147971921677936e-01 -5.751006882495332206e+00 8.826942641430449044e+00 2.368393141918730294e+00 1.262298781567167794e+00 8.368667800121855294e+00 4.462990004711699044e+00 3.250236708813261544e+00 -5.034254005617384564e-01 -6.381782334155488456e+00 1.176472394998029358e-02 5.709816176586699044e+00 1.440124709301542794e+00 4.878204543285917794e+00 9.123558242016386544e+00 3.069946486645292794e+00 6.339723655515427936e-01 -6.732040207690644706e+00 -8.182857315844941581e+00 -1.717162888354707206e+00 2.982315261059355294e+00 4.262909133129667794e+00 3.923675734692167794e+00 8.357605178051542794e+00 7.948669631176542794e+00
3.712066847973417794e+00 1.666359145336699044e+00 -1.416038315600800956e+00 -3.649528305835175956e+00 -1.402923386401582206e+00 -2.277908127612519706e+00 4.296486098461699044e+00 8.585281569653105294e+00 1.224723072736794904e+01 2.073875747878246784e+03 3.528319351393871784e+03 1.290814834792309284e+03 1.002701588361794904e+01 4.447235305004667794e+00 -4.490150254077363456e+00 -6.134094040698457206e+00 -7.807349961108613456e+00 1.541855641096169904e+01 8.672325331860136544e+00 6.792106826000761544e+00 1.528900344067167794e+00 7.510238845043730294e+00 3.874145705395292794e+00 2.529449660473417794e+00 -1.310066025561738456e+00 -4.372344773120332206e+00 2.014198500805449044e+00 1.568443495922636544e+00 6.358764846020292794e+00 -3.820266526050019706e+00 4.523666579418730294e+00 -1.854873459643769706e+00 1.173197193830544904e+01 1.467896290510232404e+01 1.209636707990701154e+01 7.903473097973417794e+00 -7.358032028979707206e+00 7.867286879711699044e+00 5.796386916332792794e+00 3.403839308910917794e+00 -1.212920944995332206e+00 -3.368652146167207206e+00 3.009460646801542794e+00 4.980850417309355294e+00 1.570388991528105294e+00 4.412691184812302936e-01 -4.530616562671113456e+00 -7.335966041750197064e-01 -5.903699806398634564e-01 -3.123565476245332206e+00 -1.421633128435080096e+01 2.649818617992949044e+00 -6.201322487062697064e-01 -6.681533615893769706e+00 -6.021192482179884564e-01 7.797813613110136544e+00 -4.358581345385957206e+00 -2.175109665698457206e+00 1.490715224438261544e+00 -6.713712623781447064e-01 -4.977872780031447064e-01 1.615875441723417794e+00 -1.703048508471894706e+00 1.461380202465605294e+00 -1.333625392229025408e+01 7.698425490551542794e+00 -1.131872157365744158e+01 5.413101393871855294e+00 4.687088210278105294e+00 -8.561260025805879081e+00 1.295974929028105294e+00 2.670929152660917794e+00 -1.166686814135957206e+00 -1.314624385148947283e+01 4.986206252270292794e+00 -1.308349411792207206e+00 -2.240943711108613456e+00 -3.373885910815644706e+00 -1.820258896655488456e+00 -3.684448044604707206e+00 1.518478591137480294e+00 2.802688796215605294e+00 1.753524800031716779e+01 -9.662998001880097831e+00 -5.478011887378144706e+00 -4.603950302905488456e+00 -2.163009445971894706e+00 3.396507460766386544e+00 -1.992515925676291033e+01 -8.404678147143769706e+00 -2.191524867326681658e+01 2.274765212231230294e+00 4.656755515866990436e-01 3.929626662426542794e+00 -2.167814186281447064e-01 -6.517089646167207206e+00 4.663284499340605294e+00 1.257218952863748029e+01 9.326614577465605294e+00 -5.969116013354707206e+00 -1.001155070573751971e+01 3.362602431469511544e+00 1.215499897687966779e+01 -4.269462387866425956e+00 6.257011611157011544e+00 1.857956130199980294e+00 1.229860374265427936e-01 1.001526076489042794e+00 2.699058730297636544e+00 5.193962294750761544e+00 4.260299880199980294e+00 -1.383952409689470642e-02 9.385559279614042794e+00 1.060293598859841779e+01 3.895385939770292794e+00 1.261009413891386544e+00 2.116920668774199044e+00 9.492189475827927936e-01 -4.541624000734572064e-01 4.292106826000761544e+00 1.089273091047341779e+01 2.691986281567167794e+00 6.109596450024199044e+00 1.266426284008574044e+00 -5.124183457202363456e+00 -8.660123756593947064e-01 3.207298476391386544e+00 1.719833571606230294e+00 4.803466994457792794e+00 6.937965590649199044e+00 -5.242137224142595642e-02 2.315599510007615436e-01 9.550554343991990436e-01 -1.657562058276582206e+00 2.887939650707792794e+00 -7.223203590578322064e-01 1.646858412914824044e+00 1.980659682446074044e+00 2.274452407055449044e+00 2.126465041332792794e+00
4.752121169262480294e+00 5.723541457348417794e+00 3.825075218015427936e-01 -1.040447978288595721e+01 -1.351153926164572283e+01 -1.117510585100119158e+01 2.111436912351365436e-01 9.715272971921677936e-01 8.621217796140427936e-01 1.912655659406716779e+01 4.168008442609841779e+01 2.605795307844216779e+01 1.347671706371855294e+00 3.414886672192167794e+00 -4.984634201831269706e+00 -3.237685959643769706e+00 -1.358161728686738456e+00 -1.011959819108908221e+01 2.666679579907011544e+00 1.037704665356230294e+00 -7.353256028003144706e+00 6.626911848123029358e-02 5.557174880199980294e+00 -1.982223313159394706e+00 -1.344019679338400408e+01 -1.112061671525900408e+01 -1.008751277238791033e+01 -7.619758408374238456e+00 -1.832543925554220721e+01 -5.741279404467988456e+00 -4.869468491382050956e+00 3.778312880688261544e+00 6.074821669750761544e+00 6.892219741039824044e+00 9.758455344968552936e-01 3.010185439282011544e+00 -3.721839707202363456e+00 1.147824879377419904e+01 4.283737380199980294e+00 1.388595778637480294e+00 -1.118974284440939471e+01 -7.199767868823457206e+00 -6.278922837085175956e+00 2.765831191235136544e+00 7.278511244946074044e+00 7.535225112133574044e+00 -8.184131424731660331e+00 2.288482863598417794e+00 -1.122082881242697283e+01 -1.000488083667207206e+00 -5.626640122241425956e+00 2.617813307934355294e+00 -4.076034348315644706e+00 -9.022590439624238456e+00 -1.053415278703634783e+01 -2.034316819018769706e+00 -5.837775986499238456e+00 -3.274534156984572064e-01 9.179231712156052936e-01 8.136215407543730294e+00 -2.721061508960175956e+00 -4.485992234057832206e+00 2.369598586254667794e+00 4.048530776196074044e+00 -1.599627284318869158e+01 -1.105133036882345721e+01 9.601623732739042794e+00 2.698623854809355294e+00 5.236007888012480294e+00 5.785705763989042794e+00 2.759811598949980294e+00 3.851448256664824044e+00 -8.833926956958222831e+00 2.136322219067167794e+00 -5.066154282397675956e+00 4.462944228344511544e+00 -1.239741877824728533e+01 -9.194791725343947064e-01 1.844673354321074044e+00 -1.854514878100800956e+00 -5.006133835620332206e+00 4.724571425610136544e+00 -7.753425400561738456e+00 7.999267775707792794e+00 -6.621543686694550956e+00 -8.446319382495332206e+00 -3.126676490968947064e-01 -6.884208481616425956e+00 -1.641920832902853533e+01 -4.481658737964082206e+00 -2.452254847795431658e+01 9.542404372387480294e+00 9.223808486157011544e+00 -7.308746140307832206e+00 1.057007033520292794e+00 -1.848853867358613456e+00 -2.810912888354707206e+00 4.778030593090605294e+00 -4.894788673586134564e-01 -2.037277024096894706e+00 -3.937446396655488456e+00 4.555969435864042794e+00 -1.178281715578322064e-01 -9.343887131518769706e+00 7.329803664379667794e+00 8.769745070629667794e+00 6.008491713696074044e+00 2.658165175610136544e+00 7.886749465160917794e+00 -1.357490341967988456e+00 -1.852371018237519706e+00 -5.637389939135957206e+00 4.867721755199980294e+00 2.757423598461699044e+00 8.537216384106230294e+00 -3.143234055346894706e+00 2.821899611645292794e+00 1.932708937817167794e+00 1.098549086742949044e+00 -2.089668076342988456e+00 -2.043342392749238456e+00 -4.774963181323457206e+00 -2.155845444507050956e+00 -1.117399147218947064e-01 1.403389174633574044e+00 4.491684157543730294e+00 1.911354262524199044e+00 3.312151023679490436e-01 2.700599867992949044e+00 -1.090186875171113456e+00 -5.180801194018769706e+00 6.502534934812302936e-01 -5.419309547609572064e-01 2.191581923657011544e+00 -3.838041237062697064e-01 -9.796825211352754081e+00 -9.200431626147675956e+00 7.807823378735136544e+00 5.013000685864042794e+00 6.810753066235136544e+00
2.514007765942167794e+00 -2.561363022632050956e+00 -7.394492905444550956e+00 -9.353763382739472831e+00 -5.188033860034394706e+00 -4.782165329760957206e+00 -3.056638649172072064e-01 3.105941970043730294e+00 6.822816917234177936e-01 3.631591994457792794e+00 9.066087791257615436e-01 5.314655988748029358e-02 -2.554145615405488456e+00 1.209907729321074044e+00 -2.764877121753144706e+00 -1.331771653003144706e+00 -1.636512558764863456e+00 -3.754455368823457206e+00 -9.639280250734572064e-01 -2.951644699878144706e+00 3.836960036449980294e+00 7.000442702465605294e+00 6.417619773679490436e-01 -4.308669846362519706e+00 -2.092391770190644706e+00 6.104995925121855294e+00 1.211503620832498029e+01 1.424915333478982404e+01 6.697120864086699044e+00 -2.547660630053925956e+00 -5.390624802417207206e+00 1.204334278791482404e+01 6.433265883617949044e+00 7.697838027172636544e+00 -2.677001755542207206e+00 2.507347304516386544e+00 -4.763557236499238456e+00 -1.099685649187033221e+01 -3.934188645190644706e+00 1.206756789379667794e+00 -4.503906052417207206e+00 7.359468528562302936e-01 -3.364608567065644706e+00 1.533806044750761544e+00 6.943878371410917794e+00 4.181289870434355294e+00 1.923179824047636544e+00 -7.220374863452363456e+00 -1.141556910783712908e+01 -2.671722214526582206e+00 -1.897056382007050956e+00 3.556579787426542794e+00 -5.580154221362519706e+00 -8.008697312182832206e+00 2.706825453930449044e+00 -3.973647873706269706e+00 -1.561645310229707206e+00 -3.104423325366425956e+00 2.954223830395292794e+00 2.283043105297636544e+00 -2.650329392260957206e+00 1.034596272199685529e+01 3.744888503246855294e+00 -1.012358073503439471e+01 -3.155822556323457206e+00 -3.583829811281447064e-01 -4.403312485522675956e+00 -8.985118668384004081e+00 3.975151259594511544e+00 1.022798939436013654e+01 -1.337049845964376971e+01 -3.308982651538300956e+00 -5.597923081225800956e+00 -9.424339096850800956e+00 -6.307227890796113456e+00 5.902153212719511544e+00 7.572830397778105294e+00 -3.827239792651582206e+00 -8.578243058032441581e+00 -7.923309128589082206e+00 6.410865981274199044e+00 1.461421223371560529e+01 6.316894728832792794e+00 1.022753926008279279e+01 -4.309608261889863456e+00 7.647865492992949044e+00 -2.430778305835175956e+00 -1.505120448381369158e+01 -1.551574509448457206e+00 -2.795713356203322064e-01 -2.590698044604707206e+00 -6.034772804445509564e-01 1.300109120100076154e+01 -9.755431931323457206e+00 -1.928863327807832206e+00 -6.429288795656447064e-01 -3.943021705812697064e-01 5.465089866452927936e-01 2.586609084301542794e+00 5.649872023754667794e+00 1.510650832348417794e+00 1.578056533032011544e+00 1.241867263012480294e+00 6.244203635984177936e-01 7.957824904614042794e+00 3.687103469067167794e+00 6.003114768796677936e-01 4.851089675121855294e+00 -2.029472153491425956e+00 -5.313262741870332206e+00 1.189442365701154358e-02 -8.246009629077363456e+00 1.545761305981230294e+00 4.961168357663865436e-01 2.666336257153105294e+00 -8.410032203859572064e-01 9.003479201489042794e+00 7.409324843578886544e+00 6.932686049633574044e+00 5.083603102856230294e+00 8.710228163891386544e+00 7.881362133574043582e-03 2.739259788327927936e-01 -1.742713730639863456e+00 6.149141380124802936e-01 1.154100486570115436e-01 -1.238401344484572064e-01 -1.212783615893769706e+00 -3.100745957202363456e+00 -5.448020737475800956e+00 -1.878112595385957206e+00 -2.667770188159394706e+00 -3.607993882007050956e+00 -2.979865830249238456e+00 -1.968076637453322064e-01 2.002735822732404358e-02 -2.837432663745332206e+00 4.928207595043730294e+00 -1.702079575366425956e+00 -3.077209275073457206e+00
5.796333510571074044e+00 -1.641959946460175956e+00 -5.826904099292207206e+00 -3.655012062258009564e-01 7.752159316235136544e+00 4.916038710766386544e+00 -4.460142067140822064e-01 2.468017775707792794e+00 -2.228675644702363456e+00 3.050026137524199044e+00 8.017929274731230294e+00 -3.198592942065644706e+00 -4.723884384936738456e+00 -1.711631577319550956e+00 5.788498122387480294e+00 6.250612327390427936e-01 -9.300792496509004081e+00 -2.533546250171113456e+00 7.052537986570115436e-01 -3.571540634936738456e+00 -3.485572617358613456e+00 -9.107780258960175956e+00 5.683441359692167794e+00 8.072067458324980294e+00 -1.427543442553925956e+00 1.024296589582498029e+01 -1.003173630542207206e+00 2.033256728344511544e+00 8.467407424145292794e+00 7.359817702465605294e+00 2.129760939770292794e+00 4.451843459301542794e+00 7.130172927074980294e+00 4.721702773266386544e+00 3.265578442167793582e-03 -3.783599655932832206e+00 -2.634567063159394706e+00 -4.979354660815644706e+00 -5.044219773120332206e+00 6.652376243406052936e-01 1.981048781567167794e+00 9.922790724926542794e+00 3.201294142895292794e+00 -1.598220627612519706e+00 1.309807021313261544e+00 8.284685203366990436e-01 -5.312370102710175956e+00 -9.202907364673066581e+00 -8.754016678637910331e+00 -3.405128281421113456e+00 4.328399855785917794e+00 1.784975120359177936e-01 4.167877394848417794e+00 -7.075469773120332206e+00 -4.337653916186738456e+00 2.263900954418730294e+00 -3.648574631518769706e+00 -9.147430222339082206e+00 4.418014723949980294e+00 -4.058234970874238456e+00 3.097000319653105294e+00 8.390510756664824044e+00 2.086105544262480294e+00 2.173523146801542794e+00 -1.210799973315644706e+00 -4.739394944018769706e+00 -5.284423630542207206e+00 7.825103957348417794e+00 -4.853332321948457206e+00 -2.908714096850800956e+00 5.417587477856230294e+00 -5.473373215503144706e+00 -1.707004908830587908e+01 2.057213027172636544e+00 5.759506423168730294e+00 -1.564543513566916033e+01 -1.052696030444550956e+00 1.594574172192167794e+00 2.881691176586699044e+00 3.809501845532011544e+00 8.176437575512480294e+00 3.897278029614042794e+00 4.399612624340605294e+00 3.995300490551542794e+00 -2.464507859057832206e+00 -8.170516770190644706e+00 3.201027114086699044e+00 -9.568286698169160331e+00 -1.433090012378144706e+00 -1.086070613176291033e+01 7.107818801098417794e+00 -1.038306992358613456e+00 9.107101638012480294e+00 -1.045262126237814471e+01 2.967155654125761544e+00 -3.503745835132050956e+00 -1.551993922502462908e+01 5.319107253246855294e+00 1.894333083324980294e+00 -5.563407700366425956e+00 3.496299941235136544e+00 6.844276625805449044e+00 4.304855544262480294e+00 1.977081496410917794e+00 -1.318908493823457206e+00 -2.421720436281447064e-01 1.701374738748029358e-02 7.082750388913865436e-01 2.236587721996855294e+00 5.518966872387480294e+00 1.005863972394998029e+01 5.638511855297636544e+00 2.070953566723417794e+00 1.518943984203886544e+00 5.672386367016386544e+00 5.347824294262480294e+00 -3.630019944018769706e+00 -7.856443336672072064e-01 7.368242332273240436e-01 -2.154937546557832206e+00 -1.477416794604707206e+00 -4.754073899096894706e+00 5.353477675610136544e+00 2.565788466625761544e+00 -9.344251564211134564e-01 -6.985700538820509564e-01 -3.211562912768769706e+00 9.826585838132615436e-01 -3.733518531984572064e-01 1.672271926098417794e+00 1.029930312328886544e+00 3.987915236645292794e+00 6.502552717263654358e-02 -5.098251145190644706e+00 -1.940458229250197064e-01 4.622787673168730294e+00 2.455299575024199044e+00 6.320312697582792794e+00 -1.366482142717306658e+01 -5.565259864992384564e-01
-5.560569565600800956e+00 -1.291396897143769706e+00 4.950716087156052936e-01 7.412353713207792794e+00 4.754692275219511544e+00 8.786775657468552936e-01 4.756319114499802936e-01 -3.522170822925019706e+00 -7.509612839526582206e+00 2.975303847485136544e+00 4.819099623852324044e+00 -1.706039231128144706e+00 1.246505934887480294e+00 1.459495742016386544e+00 3.837282249265427936e-01 -1.824491432375197064e-01 -2.139137070483613456e+00 1.348839003735136544e+00 2.540303059309060529e+01 1.849164601057107404e+01 -5.162351539797072064e-01 -1.584388535327363456e+00 -5.882568161792207206e+00 4.344179221921677936e-01 1.423461933820779279e+01 1.313030262678201154e+01 7.065216262035917794e+00 6.674858290844511544e+00 -4.466613571948457206e+00 8.415115554028105294e+00 1.169078846662576154e+01 1.275259419172341779e+01 -1.694137375659394706e+00 1.045173842602324044e+00 1.880989272289824044e+00 5.171257216625761544e+00 6.485870558910917794e+00 -2.749503891772675956e+00 1.656013686352324044e+00 2.684860427074980294e+00 4.109651634031052936e-01 1.885338027172636544e+00 -7.154004982179884564e-01 2.480415541821074044e+00 1.813247878246855294e+00 -2.077369492358613456e+00 -4.764114182300019706e+00 -2.932227890796113456e+00 9.822389671140427936e-01 4.211899001293730294e+00 3.682068068676542794e+00 -1.115501206225800956e+00 7.310959059887480294e+00 -6.053840439624238456e+00 -1.683210734636251971e+01 -5.985114853686738456e+00 -2.444808762378144706e+00 -6.295011451906447064e-01 1.444740492992949044e+00 -4.406867783374238456e+00 6.436912734203886544e+00 4.999893386059355294e+00 -4.587508957690644706e+00 -1.739562790698457206e+00 -7.455291550464082206e+00 1.588195998364042794e+00 -2.123215846330587908e+01 -8.189723770923066581e+00 7.655037123852324044e+00 7.387436110668730294e+00 -5.315597336596894706e+00 -5.565917771167207206e+00 2.833854872875761544e+00 -1.026880625993673846e+01 -1.294168071062033221e+01 -4.495219499533220642e-02 2.901291091137480294e+00 -7.386760026876970642e-02 1.291760273664529279e+01 -8.721464088625197064e-01 1.122741896801542794e+00 2.462181288891386544e+00 5.939949233227324044e+00 -6.985319069093947064e-01 -3.263694565600800956e+00 -1.993144587785666033e+01 1.499756056957792794e+00 -1.009055893725800956e+00 -4.399261277026582206e+00 1.361328322582792794e+00 8.504593093090605294e+00 3.360321242504667794e+00 -1.420020859546113456e+00 -2.086027076906447064e-01 -4.002967636889863456e+00 1.166450698071074044e+00 -8.992107193774629081e+00 7.190941054516386544e+00 -6.701644699878144706e+00 -1.567234782487814471e+01 -6.417152207202363456e+00 5.190277297192167794e+00 -7.248184006518769706e+00 2.750442702465605294e+00 6.115646559887480294e+00 8.555649001293730294e+00 -2.458015244311738456e+00 -3.249339372580095642e-02 3.673843581371855294e+00 2.717231948071074044e+00 -2.708099167651582206e+00 -1.040964106828634783e+01 3.028831679516386544e+00 9.115982253246855294e+00 5.199104506664824044e+00 9.638275344067167794e+00 -2.589767258471894706e+00 3.824691970043730294e+00 7.951805312328886544e+00 -1.987434189624238456e+00 -6.109252732104707206e+00 -1.464759629077363456e+00 7.210823256664824044e+00 2.660677024656052936e-01 2.505775649242949044e+00 8.860511977367949044e+00 2.900703627758574044e+00 3.829940993481230294e+00 1.927765090160917794e+00 8.705307204418730294e+00 6.299919326000761544e+00 1.035821552961404279e+01 1.082517262189919904e+01 -4.811042588061738456e+00 -4.705199997729707206e+00 -2.326945573751970642e-02 5.769272048168730294e+00 3.216171462231230294e+00 5.708849021726365436e-01 7.345291335278105294e+00
-5.907882492846894706e+00 -5.747550766772675956e+00 -2.593604843921113456e+00 1.344207961254667794e+00 2.574478346996855294e+00 -1.571410935229707206e+00 -1.211669724292207206e+00 -3.302566330737519706e+00 -3.964523117846894706e+00 -3.332746437258009564e-01 -2.390998642749238456e+00 4.347748000317167794e+00 8.450599867992949044e+00 2.610771376782011544e+00 2.169800002270292794e+00 5.021118361645292794e+00 4.902572829418730294e+00 4.262390919416482404e+01 3.845228531081371784e+03 3.059432144362621784e+03 1.946058674543435529e+01 -3.054748337573457206e+00 2.288795668774199044e+00 2.280243117504667794e+00 -5.431014817065644706e+00 6.527282912426542794e+00 1.135406691723417794e+00 -2.053649704760957206e+00 -6.824020188159394706e+00 -1.974188975603048846e+01 -1.724346522600119158e+01 -7.461395066089082206e+00 -1.645286362475800956e+00 -1.703521530932832206e+00 4.535385329418730294e+00 -1.401298325366425956e+00 1.173614699535917794e+00 -4.890510361499238456e+00 5.613434035473417794e+00 1.347320754223417794e+00 -6.237562111086134564e-01 3.413086135082792794e+00 7.068237502270292794e+00 1.035064717023904279e+01 4.420608718090605294e+00 1.567840773754667794e+00 -4.072860520190644706e+00 3.158294875317167794e+00 8.277589866452927936e-01 -7.405851295656447064e-01 3.123642165356230294e+00 1.738632399731230294e+00 8.029648024731230294e+00 -5.328290870851759564e-01 -9.235446732348847831e+00 -8.180087845630097831e+00 -6.732543747729707206e+00 3.112411696606230294e+00 2.334922988110136544e+00 4.376527854734177936e-01 3.290619094067167794e+00 3.286125380688261544e+00 -7.793895523852754081e+00 4.559143263989042794e+00 -5.181716721362519706e+00 -5.538718979663300956e+00 -1.351684372729707206e+00 -9.402160446948457206e+00 -5.604095261401582206e+00 -2.066773967058126971e+01 5.544685561352324044e+00 4.449218947582792794e+00 -2.458799293703322064e-01 -4.058913986987519706e+00 -9.029788773364472831e+00 -1.043820552141134783e+01 -8.853225510425019706e+00 -7.247783463305879081e+00 -5.715949814624238456e+00 2.258178908520292794e+00 1.824943740063261544e+00 -1.364115983908220642e-02 2.095878798657011544e+00 -2.742446701831269706e+00 -5.216087143725800956e+00 -2.212852280444550956e+00 -4.093368332690644706e+00 -1.093608454973166033e+01 -3.886047165698457206e+00 -3.057716172046113456e+00 2.705673415356230294e+00 -5.905608933276582206e+00 2.737457472973417794e+00 -3.463180344409394706e+00 -1.342906932146017596e+01 -1.368177345461134564e-01 4.039009291821074044e+00 2.201889235668730294e+00 -1.398501567155783221e+01 -5.254218857592988456e+00 -2.245193283862519706e+00 2.639770705395292794e+00 2.163109023266386544e+00 5.698570449047636544e+00 8.174179274731230294e+00 4.043182570629667794e+00 -8.111289780444550956e+00 4.555641371899199044e+00 -3.028198044604707206e+00 -1.077255051440644706e+00 2.200866896801542794e+00 9.956947524242949044e+00 -1.807845871753144706e+00 -1.931091111010957206e+00 -5.725486557788300956e+00 -2.873138230151582206e+00 1.850761611157011544e+00 2.295227248364042794e+00 4.236938674145292794e+00 3.411651808910917794e+00 -2.238364975757050956e+00 1.742737013989042794e+00 3.306175429516386544e+00 -5.672300270265822064e-01 -1.218993943042207206e+00 6.643631179028105294e+00 9.767601210766386544e+00 1.600189406567167794e+00 4.912340232663865436e-01 2.340057570629667794e+00 7.590538222485136544e+00 3.815567214184355294e+00 4.103317458324980294e+00 6.849426467114042794e+00 8.648759910398240436e-01 4.225204665356230294e+00 1.941589553051542794e+00 2.149202415281052936e-01 5.473587233715605294e+00 3.659332472973417794e+00
2.197357375317167794e+00 1.541938979321074044e+00 -4.190666001147675956e+00 -9.164310257739472831e+00 -1.366218369311738456e+00 -9.732892921633009564e-01 -4.319228928393769706e+00 2.964668471508574044e+00 1.713032551496560529e+01 1.177036305158669904e+01 6.544517714672636544e+00 7.036476332836699044e+00 3.033584792309355294e+00 1.644060203366990436e-01 -1.464210312671113456e+00 -5.252128403491425956e+00 7.711870261960740436e-01 8.639979572980935529e+01 7.875581802565747239e+03 6.782811783034497239e+03 5.383534260480935529e+01 9.089584548168730294e+00 8.901741225414824044e+00 1.010652180402810529e+01 -3.201682846850800956e+00 2.079643447094511544e+00 -2.153434555835175956e+00 -4.649947922534394706e+00 -5.650550644702363456e+00 -7.780490677661347831e+00 -6.401443283862519706e+00 -1.171355799943869158e+01 -9.315311234301972831e+00 3.316017348461699044e+00 5.679704734616990436e-01 3.758346755199980294e+00 2.985664565258574044e+00 9.226457664304490436e-01 4.516662795239042794e+00 2.519134719067167794e+00 2.199356276684355294e+00 2.151916701489042794e+00 7.279533583813261544e+00 5.139724929028105294e+00 -4.962898056811738456e+00 1.937675673657011544e+00 1.897279807859177936e-01 6.682602126293730294e+00 -6.189712326831269706e+00 -1.132429054445509564e-01 5.340332228832792794e+00 -1.964843552417207206e+00 4.302765090160917794e+00 -6.165199082202363456e+00 1.463791091137480294e+00 -6.949958603686738456e+00 -1.229120616228048846e+01 -4.552863877124238456e+00 6.850738722973417794e+00 3.445747573071074044e+00 1.228889662914824044e+00 -6.760741989917207206e+00 -6.959358017749238456e+00 -2.583831589526582206e+00 3.164169509106230294e+00 9.995208937817167794e+00 6.990829665356230294e+00 2.607170302563261544e+00 2.336036879711699044e+00 -2.188964646167207206e+00 4.783874709301542794e+00 9.860046584301542794e+00 3.648369033032011544e+00 -1.155120652026582206e+00 1.093635756664824044e+00 4.889885146313261544e+00 -2.879867356128144706e+00 4.493133742504667794e+00 1.203601856916482404e+01 1.355017872541482404e+01 6.583351332836699044e+00 -2.076408188647675956e+00 -3.323745529956269706e+00 1.147727986066873029e+01 5.238159377270292794e+00 -2.857185166186738456e+00 -8.338115494555879081e+00 -3.481901100343947064e-01 -4.105438034839082206e+00 3.374572951489042794e+00 9.675399977856230294e+00 -8.143613746828322064e-01 3.987137038403105294e+00 -1.678039353198457206e+00 -7.775876930422072064e-01 8.500520774656052936e-01 -2.080856125659394706e+00 -5.860746315187697064e-01 -2.652541916675019706e+00 6.694763381176542794e+00 9.632431227856230294e+00 -2.944028785890822064e-01 1.364219863110136544e+00 -1.458752421647970721e+01 3.444969374828886544e+00 3.234283644848417794e+00 2.527466017895292794e+00 6.227562148266386544e+00 8.467714378171677936e-01 9.860931594067167794e+00 6.720810134106230294e+00 7.124748427563261544e+00 -8.604041855639863456e+00 9.121299941235136544e+00 3.997925002270292794e+00 3.537880141430449044e+00 -2.087018898195509564e-01 3.873718459301542794e+00 1.236236769848417794e+00 -4.559196274585175956e+00 -4.123649399585175956e+00 -6.758361618823457206e+00 1.199157912426542794e+00 3.370964247875761544e+00 1.738342482739042794e+00 9.590576369457792794e+00 -1.716209214038300956e+00 -5.110242775148634564e-01 3.831321913891386544e+00 6.710075576000761544e+00 1.061256428449685529e+01 3.490356642895292794e+00 3.464477736645292794e+00 4.729355055981230294e+00 6.308609206371855294e+00 9.808212477856230294e+00 -2.426603248781447064e-01 3.106004783445115436e-01 2.809547621899199044e+00 4.997009474926542794e+00
-2.165336411303925956e+00 -1.957242897218947064e-01 -2.424865525073457206e+00 -1.058483866960470721e+01 2.401519972973417794e+00 8.490791518383574044e+00 4.895622451000761544e+00 1.044089527814919904e+01 2.599424763410623029e+01 3.050667591779763654e+01 8.666198928051542794e+00 -2.596671860522675956e+00 -5.883849900073457206e+00 -2.899055283374238456e+00 1.848266799145292794e+00 -3.682784836596894706e+00 -1.040725510425019706e+00 2.968533344953591779e+01 2.021097427565746784e+03 1.704990616042309284e+03 1.984982319562966779e+01 4.801178176098417794e+00 3.056490012937302936e-01 9.613121230297636544e+00 5.639877516918730294e+00 -5.216888230151582206e+00 -3.828460495776582206e+00 4.262596327953886544e+00 8.959060866528105294e+00 1.174743672102029279e+01 2.360550124340605294e+00 -6.123145859546113456e+00 1.730720717602324044e+00 -7.073954851095720642e-02 5.336563307934355294e+00 6.946794578366990436e-01 2.160171706371855294e+00 -8.956754615968947064e-01 -6.606170456714082206e+00 3.767320701413865436e-01 -3.061912339038300956e+00 -8.890319626635957206e+00 -4.443313401050019706e+00 -4.279586594409394706e+00 -3.255765846437697064e-01 3.301529128246855294e+00 7.847580153637480294e+00 9.990768630199980294e+00 1.177635390453886544e+00 1.354965407543730294e+00 -1.085021775073457206e+00 2.663208205395292794e+00 -6.013755600757050956e+00 -4.453056137866425956e+00 7.361986228757615436e-01 -4.491637986010957206e+00 -3.536002915210175956e+00 -7.560043137378144706e+00 -1.124875953859572064e-01 4.117988784008574044e+00 4.780151564770292794e+00 5.330093581371855294e+00 -9.563083451098847831e+00 -1.034483699113791033e+01 -1.626997355730001971e+01 -6.446876328296113456e+00 -2.843932907885957206e+00 3.651626784496855294e+00 6.865890700512480294e+00 1.173553664379667794e+00 4.350525099926542794e+00 5.526817519360136544e+00 2.034324843578886544e+00 -9.570386818117384564e-01 -1.811767380542207206e+00 1.672045918195779279e+01 5.573684889965605294e+00 4.468094069653105294e+00 1.138092060773904279e+01 -6.111823838061738456e+00 1.356051655500466779e+01 7.947998244457792794e+00 -6.251319687671113456e+00 5.381805617504667794e+00 1.228073317699980294e+00 -2.674682419604707206e+00 -1.276838282854025408e+01 -2.275146286792207206e+00 -1.488235276050019706e+00 4.509979445629667794e+00 1.097799702375466779e+01 6.982528884106230294e+00 8.851959426098417794e+00 1.060844441144998029e+01 4.679626662426542794e+00 -9.011287491626191581e+00 3.768081862621855294e+00 -1.158492640764181658e+01 -7.868984024829316581e+00 1.594726760082792794e+00 -8.868156235522675956e+00 -7.658231666750197064e-01 5.750625807934355294e+00 6.014068801098417794e+00 5.401855666332792794e+00 -1.445129196948457206e+00 4.812431533032011544e+00 -6.987026017016816581e+00 4.125984389477324044e+00 5.822715956860136544e+00 7.881019789867949044e+00 1.440963942699980294e+00 -1.350312022478048846e+01 -5.189178269214082206e+00 -7.292783668703322064e-01 2.801132399731230294e+00 6.364219863110136544e+00 -2.405250351733613456e+00 2.206146437817167794e+00 -4.203336647218947064e-01 2.918092796140427936e-01 -2.411544602221894706e+00 -3.780013840503144706e+00 2.998321730785917794e+00 4.652763564282011544e+00 -2.986831467456269706e+00 9.018936354809355294e+00 -3.429229538745332206e+00 7.708589622312302936e-01 -1.068366806811738456e+00 3.797456809812302936e-01 2.066589553051542794e+00 2.258781630688261544e+00 1.008911152570779279e+01 7.120598036938261544e+00 2.607391555004667794e+00 -1.188842575854707206e+00 2.920128066235136544e+00 2.337219435864042794e+00 6.446153709226365436e-01
5.440864760571074044e+00 4.369163710766386544e+00 3.798057753735136544e+00 -4.414527695483613456e+00 1.192383010082792794e+00 -1.878448288745332206e+00 8.338014671140427936e-01 1.081520100324685529e+01 1.976742573469216779e+01 2.414818592756326154e+01 9.224632460766386544e+00 2.029342848949980294e+00 1.696624953442167794e+00 5.143081862621855294e+00 9.314689833813261544e+00 -1.129005234546113456e+00 1.336685378246855294e+00 1.400190754621560529e+01 2.577852650373513654e+01 1.778560658186013654e+01 6.194078513913865436e-01 -2.082107346362519706e+00 -4.453399460620332206e+00 -7.744071762866425956e+00 -5.463599961108613456e+00 5.569765159421677936e-01 1.463089186840605294e+00 8.192581374340605294e+00 5.794372756176542794e+00 -4.180175583667207206e+00 -3.697936814135957206e+00 -2.133239548510957206e+00 1.625374037914824044e+00 3.087082106762480294e+00 9.229385573559355294e+00 8.533676345043730294e+00 8.095398146801542794e+00 -1.042709153003144706e+00 3.496574599438261544e+00 7.403640944653105294e+00 -7.793975632495332206e+00 4.854751784496855294e+00 5.157722670727324044e+00 5.561983176999802936e-01 7.037018019848417794e+00 3.385774680906052936e-01 4.197815138989042794e+00 5.771705825024199044e+00 1.351135451489042794e+00 -1.758743088550019706e+00 4.292070457273240436e-01 2.674621779614042794e+00 1.215828139477324044e+00 -3.780105393237519706e+00 3.849044997387480294e+00 1.755798537426542794e+00 -1.655578415698457206e+00 -1.148327616960470721e+01 3.033577162914824044e+00 6.364746291332792794e+00 2.444877822094511544e+00 9.934463698559355294e+00 1.980201918774199044e+00 -3.042373459643769706e+00 -1.537170212573457206e+00 5.789879042797636544e+00 3.373855788403105294e+00 7.189209181957792794e+00 -1.288497905046408221e+01 5.720756728344511544e+00 -4.249145310229707206e+00 -6.709113877124238456e+00 -5.577390602297072064e-01 -5.845466416186738456e+00 -1.984954636401582206e+00 6.542206008129667794e+00 1.577575881176542794e+00 1.098587233715605294e+00 1.544536610334451154e+01 4.140159804516386544e+00 5.382019240551542794e+00 7.275695998364042794e+00 -4.822166245288300956e+00 -1.213599961108613456e+00 7.797438793730293582e-03 -1.835014145678925956e+00 4.961395461254667794e+00 2.805229384594511544e+00 -7.383819382495332206e+00 2.454940993481230294e+00 9.170692641430449044e+00 2.191703993969511544e+00 8.494034011059355294e+00 1.108345051496560529e+01 1.981888014965605294e+00 3.034240920239042794e+00 6.649315077953886544e+00 -5.252624314135957206e+00 -1.009412364274923846e+01 -7.849521439380097831e+00 2.986969191723417794e+00 8.081863600903105294e+00 4.574058730297636544e+00 1.382736403637480294e+00 -1.206097392351095721e+01 4.029037673168730294e+00 3.226143080883574044e+00 -2.693404953784394706e+00 -1.121276657885957206e+00 3.848221022778105294e+00 6.430931288891386544e+00 4.941711623364042794e+00 -5.047630112475800956e+00 -4.689681809253144706e+00 -1.191055100268769706e+00 -1.867675583667207206e+00 1.620765883617949044e+00 6.126838881664824044e+00 7.384414870434355294e+00 4.532196242504667794e+00 -1.157148292726759564e-01 2.657661635571074044e+00 4.876205641918730294e+00 2.986206252270292794e+00 6.271423537426542794e+00 -1.078849594897675956e+00 -2.207868507570509564e-01 8.867494651609177936e-01 -4.033614914721894706e+00 -8.970106056398634564e-01 -5.436675827807832206e+00 -4.900687973803925956e+00 -6.610572617358613456e+00 1.295555312328886544e+00 4.515403945141386544e+00 2.174804885082792794e+00 2.959472853832792794e+00 -7.916240007345720642e-02 1.285217482739042794e+00 9.175111839109177936e-01
1.398102004223417794e+00 -1.948303025073457206e+00 -8.097160141772675956e+00 -6.459747116870332206e+00 -2.753677170581269706e+00 -1.085358790666525408e+01 -2.981183937258009564e-01 1.503693409650857404e+01 1.533087177961404279e+01 4.610321242504667794e+00 2.256013938718552936e-01 2.654396254711699044e+00 4.645645339184355294e+00 -1.322669785327363456e+00 2.413560935788865436e-01 -5.499799659914259564e-01 2.763275344067167794e+00 1.605102736645292794e+00 9.112474510007615436e-01 1.011663075178201154e+01 2.565139968090605294e+00 -6.850600998706269706e+00 6.460496970945115436e-01 -1.873740952319550956e+00 8.749086448484177936e-01 1.014451618879373029e+01 2.917076308422636544e+00 -3.575218003100800956e+00 -1.768752854175019706e+00 -5.063758652514863456e+00 -6.843063156909394706e+00 1.503318984203886544e+00 -3.154632370776582206e+00 1.208015639477324044e+00 7.693863112621855294e+00 6.822365004711699044e+00 3.532869407468552936e-01 4.671562392407011544e+00 -1.453016212648634564e-01 -2.282546799487519706e+00 -8.373798172778535331e+00 -7.789855759448457206e+00 4.919052321606230294e+00 4.024841506176542794e+00 3.383758742504667794e+00 -3.170699875659394706e+00 6.375124046140427936e-01 4.272018630199980294e+00 -8.010680954760957206e+00 -6.628387253589082206e+00 2.227546889477324044e+00 4.447176048093552936e-01 -3.718070786303925956e+00 6.041519362621855294e+00 9.077684470945115436e-01 4.430391380124802936e-01 -5.057662766284394706e+00 -9.860416214770722831e+00 -1.100965861589376971e+01 5.856170851879667794e+00 1.167724806957792794e+00 2.307741233640427936e-01 4.617317397289824044e+00 6.321808058910917794e+00 6.901474196606230294e+00 2.152771193676542794e+00 8.872192580395292794e+00 8.559654433422636544e+00 2.815490920239042794e+00 -3.387906959718947064e-01 3.547332961254667794e+00 -7.908323219484572064e-01 -4.332496445483613456e+00 2.621254164867949044e+00 1.065635700910623029e+01 6.194732863598417794e+00 -3.202659409350800956e+00 7.331436354809355294e+00 7.539207656078886544e+00 1.077355976789529279e+01 2.240602561765427936e-01 -1.568221848315644706e+00 6.931595046215605294e+00 5.953735549145292794e+00 7.649139601879667794e+00 2.040176589184355294e+00 3.749862868481230294e+00 5.501098830395292794e+00 4.272094924145292794e+00 -2.166274826831269706e+00 1.718872267895292794e+00 -8.732948105639863456e+00 1.069404621809060529e+01 9.959778029614042794e+00 -2.527234962648634564e-01 -2.542945664233613456e+00 -5.091445725268769706e+00 1.132690627270292794e+00 -7.023923805422072064e-01 6.640022475414824044e+00 8.363159377270292794e+00 8.460619041257615436e-01 -2.452575486010957206e+00 -2.745803635425019706e+00 2.627260276609177936e-01 6.112289626293730294e+00 4.424240309887480294e+00 3.922805983715605294e+00 4.960739333324980294e+00 7.021827895336699044e+00 -5.399040024585175956e+00 1.857223708324980294e+00 2.794120986157011544e+00 6.370564191873029358e-02 7.745363303952927936e-01 5.061615187817167794e+00 1.760353285961699044e+00 2.587147443826154358e-02 -3.027519028491425956e+00 -4.379089157885957206e+00 6.615356642895292794e+00 2.072471816235136544e+00 3.811744887524199044e+00 2.363884169750761544e+00 6.526329238110136544e+00 1.401375014477324044e+00 -2.236326149172072064e-01 4.516937453442167794e+00 -8.379590919679884564e-01 2.366607863598417794e+00 -1.032633189470236346e+01 -5.708442490405488456e+00 -1.390403549975800956e+00 4.804268080883574044e+00 9.706651756101365436e-01 4.457229811840605294e+00 2.357834059887480294e+00 2.557037551098417794e+00 -6.663039963550019706e+00 1.014835377424294904e+01
